	type	stat	multiplier	element	target	playerCost	rarity	EN	damage	condition	upgradeable	AI	weight	exhaust	retain	armor	gfx	draw	energy_gain	FR	DE	ES	BR	CN	JP	RU
																										
Bash	Skill	speed	0.5	None	opponent	1	1	Bash{desc}Reduce target's Armor by {dmg}.	Armor		0	1	1	0	0	0	hit			Impact{desc}Réduit l'armure de la cible de {dmg}.	Hieb{desc}Senke die Rüstung des Ziels um {dmg}.	Aporrear{desc}Reduce {dmg} punto(s) la Armadura del objetivo.	Golpear{desc}Reduz a Armadura do alvo em {dmg}.	猛击{desc}使目标的防御降低{dmg}。	なぐる{desc}ターゲットのアーマーを{dmg}減らす。	Таран{desc}Снимает {dmg} брони
Bite	Attack	speed	0.5	None	opponent	1	1	Bite{desc}Deal {dmg} damage two times.	Normal*2		1	1	1	0	0	0	bite			Morsure{desc}Inflige {dmg} point(s) de dégâts à 2 reprises.	Biss{desc}Verursache zweimal {dmg} Schaden.	Mordisco{desc}Inflige {dmg} punto(s) de daño dos veces.	Mordida{desc}Causa {dmg} de dano duas vezes.	咬击{desc}造成 2 次{dmg}点伤害。	かみつく{desc}{dmg}ダメージを2回与える。	Укус{desc}Наносит {dmg} урона два раза.
Bite+	Attack	speed	0.5	None	opponent	1	2	Bite+{desc}Deal {dmg} damage three times.	Normal*3		0	1	1	0	0	0	bite			Morsure+{desc}Inflige {dmg} point(s) de dégâts à 3 reprises.	Biss+{desc}Verursache dreimal {dmg} Schaden.	Mordisco +{desc}Inflige {dmg} punto(s) de daño tres veces.	Mordida+{desc}Causa {dmg} de dano três vezes.	咬击+{desc}造成 3 次 {dmg} 点伤害。	かみつく+{desc}{dmg}ダメージを3回与える。	Укус+{desc}Наносит {dmg} урона три раза.
Tackle	Attack	power	1	None	opponent	1	1	Tackle{desc}Deal {dmg} damage.	Normal		1	1	1	0	0	0	normal			Plaquage{desc}Inflige {dmg} point(s) de dégâts.	Stoß{desc}Verursache {dmg} Schaden.	Placaje{desc}Inflige {dmg} punto(s) de daño.	Investida{desc}Causa {dmg} de dano.	阻截{desc}造成{dmg}点伤害。	たいあたり{desc}{dmg}ダメージを与える。	Удар{desc}Наносит {dmg} урона.
Tackle+	Attack	power	1.5	None	opponent	1	2	Tackle+{desc}Deal {dmg} damage.	Normal		0	1	1	0	0	0	normal			Plaquage+{desc}Inflige {dmg} point(s) de dégâts.	Stoß+{desc}Verursache {dmg} Schaden.	Placaje +{desc}Inflige {dmg} punto(s) de daño.	Investida+{desc}Causa {dmg} de dano.	阻截+{desc}造成 {dmg} 点伤害。	たいあたり+{desc}{dmg}ダメージを与える。	Удар+{desc}Наносит {dmg} урона.
Shock_tutorial	Attack	power	0.5	Electric	opponent	1	99	Shock{desc}Deal {dmg} Electric damage three times.	Electric*3		1	1	0.6	0	0	0	lightningBolt			Décharge{desc}Inflige {dmg} point(s) de dégâts électriques à 3 reprises.	Schock{desc}Verursache dreimal {dmg} Elektroschaden.	Choque{desc}Inflige {dmg} punto(s) de daño eléctrico tres veces.	Choque{desc}Causa {dmg} de dano Elétrico três vezes.	电击{desc}造成 3 次{dmg}点带电伤害。	衝撃{desc}{dmg}電気ダメージを4回与える。	Шок{desc}Наносит {dmg} электрического урона три раза.
Curse	Skill			None	self	1	99	Curse{desc}Has no effect when played. 			0	0	1	1	0	0	none			Malédiction{desc}N'a aucun effet quand elle est jouée.	Fluch{desc}Hat keinen Effekt, wenn gespielt.	Maldición{desc}No tiene ningún efecto.	Maldição{desc}Não tem efeito quando usada.	诅咒{desc}使用时无效果。	呪い{desc}使用時に効果がなくなる。	Проклятие{desc}Не имеет эффекта при использовании.
																										
Patience	Skill			None	player	0	1	Patience{desc}Put one card from your hand on top of your draw pile.			0	0	0.5	0	0	0	shine			Patience{desc}Place une carte de ta main sur le dessus de ta pioche.	Geduld{desc}Lege 1 Karte aus deiner Hand auf deinen Nachziehstapel.	Paciencia{desc}Mueve una carta de tu mano a la parte superior del mazo.	Paciência{desc}Coloca uma carta da sua mão no topo da sua pilha de compras.	耐心{desc}将手牌中的 1 张牌放在抽牌堆顶。	がまん{desc}手札のカードを1枚、山札の一番上に置く。	Терпение{desc}Поместите одну карту из вашей руки на вершину вашей колоды.
Reforge	Skill			None	player	1	4	Reforge{desc}Put one card from your hand on top of your draw pile.^It costs 0 until it is played.			0	0	0.5	0	0	0	shine			Refonte{desc}Place une carte de ta main sur le dessus de ta pioche.^Elle coûte 0 point d'énergie jusqu'à ce qu'elle soit jouée.	Neu geschmiedet{desc}Lege 1 Karte aus deiner Hand auf deinen Nachziehstapel.^Kostet 0 bis gespielt.	Reforjar{desc}Mueve una carta de tu mano a la parte superior del mazo.^Mientras no se juega, su coste es 0.	Reforja{desc}Coloca uma carta da sua mão no topo da sua pilha de compras.^Ela custa 0 até ser usada.	重铸{desc}将手牌中的 1 张牌放在抽牌堆顶。^在使用此卡牌前，消耗为 0。	鍛え直し{desc}手札のカードを1枚、山札の一番上に置く。^使用するまでコストがかからない。	Перековка{desc}Верните одну карту из вашей руки на верх колоды. Её стоимость будет 0, пока она не будет сыграна.
Retreat	Skill			None	player	3	1	Retreat{desc}Flee from battle.^100% chance of getting away.			0	0	0.5	0	0	0	shine			Retraite{desc}Permet de fuir le combat.^100 % de chances de réussite.	Rückzug{desc}Fliehe aus dem Kampf.^Du entkommst mit einer Chance von 100%.	Retirada{desc}Huye del combate.^100 % de probabilidad de escapar.	Retirada{desc}Foge da batalha.^100% de chance de escapar.	撤退{desc}逃离战斗。^成功逃跑的几率为 100%。	撤退{desc}戦いから逃げる。^100%の確率で逃げる。	Отступление{desc}Убежать из битвы с 100% шансом на успех.
Regroup	Skill			None	player	0	1	Regroup{desc}If the last card played was an Attack, draw one card.			1	0	0.5	1	0	0	shine			Coup double{desc}Si la dernière carte jouée était une carte Attaque, pioche une carte.	Frische Kräfte{desc}Ziehe 1 Karte, wenn die letzte gespielte Karte ein Angriff war.	Reorganización{desc}Si acabas de jugar una carta de ataque, robas una carta.	Reagrupar{desc}Se a última carta usada foi um ataque, compra uma carta.	重整{desc}如果上一张出的牌是攻击牌，抽 1 张牌。	再編成{desc}最後に使用したカードが「アタック」の場合、カードを1枚引く。	Перегруппировка{desc}Если последней сыгранной картой была карта Атаки, получите одну карту.
Regroup+	Skill			None	player	0	2	Regroup+{desc}If the last card played was an Attack, draw two cards.			0	0	0.5	1	0	0	shine			Coup double+{desc}Si la dernière carte jouée était une carte Attaque, pioche 2 cartes.	Frische Kräfte+{desc}Ziehe 2 Karten, wenn die letzte gespielte Karte ein Angriff war.	Reorganización +{desc}Si acabas de jugar una carta de ataque, robas dos cartas.	Reagrupar+{desc}Se a última carta usada foi um ataque, compra duas cartas.	重整+{desc}如果上一张出的牌是攻击牌，抽 2 张牌。	再編成+{desc}最後に使用したカードが「アタック」の場合、カードを2枚引く。	Перегруппировка+{desc}Если последней сыгранной картой была карта Атаки, получите две карты.
																										
Graverobber	Skill			None	player	1	2	Graverobber{desc}Draw one random card from your discard pile.			1	0	0.5	0	0	0	shine			Fossoyeur{desc}Pioche une carte au hasard dans ta défausse.	Grabräuber{desc}Ziehe 1 zufällige Karte aus deinem Ablagestapel.	Saqueatumbas{desc}Roba una carta al azar de tu pila de descartes.	Roubo de Túmulo{desc}Compra uma carta aleatória da sua pilha de descarte.	盗墓者{desc}从弃牌堆中随机抽 1 张牌。	墓荒らし{desc}捨て札からランダムにカードを1枚引く。	Расхититель могил{desc}Получите одну случайную карту из стопки сброса.
Graverobber+	Skill			None	player	0	3	Graverobber+{desc}Draw one random card from your discard pile.			0	0	0.5	0	0	0	shine			Fossoyeur+{desc}Pioche une carte au hasard dans ta défausse.	Grabräuber+{desc}Ziehe 1 zufällige Karte aus deinem Ablagestapel.	Saqueatumbas +{desc}Roba una carta al azar de tu pila de descartes.	Roubo de Túmulo+{desc}Compra uma carta aleatória da sua pilha de descarte.	盗墓者+{desc}从弃牌堆中随机抽 1 张牌。	墓荒らし+{desc}捨て札からランダムにカードを1枚引く。	Расхититель могил+{desc}Получите одну случайную карту из стопки сброса.
Fancy Spin	Skill			None	player	1	1	Fancy Spin{desc}Discard one card.^Draw one card.			1	0	0.5	0	0	0	shine			Échange{desc}Défausse-toi d'une carte.^Pioche une carte.	Schnelle Drehung{desc}Wirf 1 Karte ab.^Ziehe 1 Karte.	Giro Elegante{desc}Descarta una carta.^Roba una carta.	Giro Elegante{desc}Descarta uma carta.^Compra uma carta.	花式旋转{desc}弃 1 张牌。^抽 1 张牌。	気まぐれな交換{desc}カード1枚を捨てる。^カードを1枚引く。	Эффектный пируэт{desc}Сбросьте одну карту.^Получите одну карту.
Fancy Spin+	Skill			None	player	1	2	Fancy Spin+{desc}Discard 1 card.^Draw 2 cards.			0	0	0.5	0	0	0	shine			Échange+{desc}Défausse-toi d'une carte.^Pioche 2 cartes.	Schnelle Drehung+{desc}Wirf 1 Karte ab.^Ziehe 2 Karten.	Giro Elegante +{desc}Descarta una carta.^Roba dos cartas.	Giro Elegante+{desc}Descarta 1 carta.^Compra 2 cartas.	花式旋转+{desc}弃 1 张牌。^抽 2 张牌。	気まぐれな交換+{desc}カード1枚を捨てる。^カードを2枚引く。	Эффектный пируэт+{desc}Сбросьте одну карту.^Получите две карты.
Blind Blow	Skill			None	player	1	3	Blind Blow{desc}Draw the top card from your deck and reduce its Energy cost to 0.			1	0	0.5	1	0	0	shine			À l'aveuglette{desc}Pioche la première carte de ton deck et réduit son coût à 0.	Blinder Schlag{desc}Ziehe die oberste Karte von deinem Nachziehstapel und senke ihre Energiekosten auf 0.	Golpe Ciego{desc}Coge la primera carta del mazo y reduce su coste de energía a 0.	Saque Súbito{desc}Compra a carta do topo do seu baralho e reduz seu custo de Energia para 0.	盲目一击{desc}从你的卡组牌堆顶抽取 1 张牌，并将其能源消耗降至 0。	見えない一撃{desc}デッキの一番上からカードを引く。引いたカードはエネルギーコストがかからない。	Слепой удар{desc}Получите верхнюю карту из вашей колоды, ее стоимость будет снижена до 0.
Blind Blow+	Skill			None	player	1	4	Blind Blow+{desc}Draw the top two cards from your deck and reduce their Energy cost to 0.			0	0	0.5	1	0	0	shine			À l'aveuglette+{desc}Pioche les 2 premières cartes de ton deck et réduit leur coût à 0.	Blinder Schlag+{desc}Ziehe die obersten 2 Karten von deinem Nachziehstapel und senke ihre Energiekosten auf 0.	Golpe Ciego +{desc}Coge las dos primeras cartas del mazo y reduce su coste de energía a 0.	Saque Súbito+{desc}Compra as duas cartas do topo do seu baralho e reduz o custo de Energia delas para 0.	盲目一击+{desc}从你的卡组牌堆顶抽取 2 张牌，并将其能源消耗降至 0。	見えない一撃+{desc}デッキの一番上からカードを2枚引く。引いたカードはエネルギーコストがかからない。	Слепой удар+{desc}Получите две верхние карты из вашей колоды, их стоимость будет снижена до 0.
Inspiration	Skill			None	player	1	2	Inspiration{desc}Put a random Skill card from your draw or discard pile into your hand.^It costs 0 this turn.			0	0	0.5	1	0	0	shine			Inspiration{desc}Pioche une carte Compétence au hasard dans ta pioche ou ta défausse et place-la dans ta main. Elle coûte 0 point d'énergie pour ce tour.	Inspiration{desc}Nimm 1 zufällige Fähigkeitskarte aus deinem Nachzieh- oder Ablagestapel auf die Hand. Sie kostet in diesem Zug 0.	Inspiración{desc}Mueve una carta de habilidad al azar del mazo o la pila de descartes a tu mano. Durante este turno, su coste es 0.	Inspiração{desc}Coloca uma carta de habilidade aleatória da sua pilha de compras ou de descarte na sua mão. Ela custa 0 nesse turno.	启示{desc}从你的抽牌堆或弃牌堆中随机抽 1 张技能牌放入你的手牌。^此牌在本回合消耗为 0。	ひらめき{desc}山札か捨て札のランダムなスキルカードを1枚、手札へ置く。^このターン中はコストがかからない。	Вдохновение{desc}Поместите случайную карту Навыка из любой стопки в вашу руку. Её стоимость будет 0 в этот ход.
Mastermind	Skill			None	player	1	2	Mastermind{desc}Put a random Attack card from your draw or discard pile into your hand.^It costs 0 this turn.			0	0	0.5	1	0	0	shine			Esprit supérieur{desc}Pioche une carte Attaque au hasard dans ta pioche ou ta défausse et place-la dans ta main. Elle coûte 0 point d'énergie pour ce tour.	Genie{desc}Nimm 1 zufällige Angriffskarte aus deinem Nachzieh- oder Ablagestapel auf die Hand. Sie kostet in diesem Zug 0.	Artífice{desc}Mueve una carta de ataque al azar del mazo o la pila de descartes a tu mano. Durante este turno, su coste es 0.	Manipulação{desc}Coloca uma carta de ataque aleatória da sua pilha de compras ou de descarte na sua mão. Ela custa 0 nesse turno.	智囊{desc}从抽牌堆或弃牌堆中随机抽 1 张攻击牌放入你的手牌。^此牌在本回合消耗为 0。	黒幕{desc}山札か捨て札のランダムなアタックカードを1枚、手札に置く。^このターン中はコストがかからない。	Мегамозг{desc}Поместите случайную карту Атаки из любой стопки в вашу руку. Её стоимость будет 0 в этот ход.
Refresh	Skill			None	player	1	1	Refresh{desc}Discard your hand then draw that many.			1	0	0.5	1	0	0	shine			Nouvelle donne{desc}Défausse-toi de toutes les cartes dans ta main et pioches-en autant.	Atempause{desc}Wirf alle Karten aus deiner Hand ab und ziehe entsprechend viele Karten nach.	Recarga{desc}Descarta tu mano y roba cartas nuevas.	Reciclagem{desc}Descarta sua mão e compra a mesma quantidade de cartas.	焕然一新{desc}弃掉你的手牌，然后抽取相同数量的牌。	リフレッシュ{desc}手札を捨て、捨てたのと同じ枚数を引く。	Обновление{desc}Сбросьте вашу руку, затем возьмите столько же карт.
Refresh+	Skill			None	player	0	2	Refresh+{desc}Discard your hand then draw that many.			0	0	0.5	1	1	0	shine			Nouvelle donne+{desc}Défausse-toi de toutes les cartes dans ta main et pioches-en autant.	Atempause+{desc}Wirf alle Karten aus deiner Hand ab und ziehe entsprechend viele Karten nach.	Recarga +{desc}Descarta tu mano y roba cartas nuevas.	Reciclagem+{desc}Descarta sua mão e compra a mesma quantidade de cartas.	焕然一新+{desc}弃掉你的手牌，然后抽取相同数量的牌。	リフレッシュ+{desc}手札を捨て、捨てたのと同じ枚数を引く。	Обновление+{desc}Сбросьте вашу руку, затем возьмите столько же карт.
Follow Through	Skill			None	player	1	1	Follow Thru{desc}Draw one card.^If you draw an Attack card, reduce its cost to 0.			0	0	0.5	0	0	0	shine			Enchaînement{desc}Pioche une carte.^S'il s'agit d'une carte Attaque, son coût est réduit à 0.	Bis zum Ende{desc}Ziehe 1 Karte.^Wenn du eine Angriffskarte ziehst, senke ihre Kosten auf 0.	Terminar{desc}Roba una carta.^Si es una carta de ataque, reduce su coste a 0.	Em Frente{desc}Compra uma carta.^Se você comprar uma carta de ataque, reduz seu custo para 0.	顺势而为{desc}抽 1 张牌。^如果你抽到的是攻击牌，将其消耗降至 0。	フォロースルー{desc}カードを1枚引く。^アタックカードを引いた場合、コストがかからない。	Твердая рука{desc}Получите одну карту.^Если это карта Атаки, её стоимость снизится до 0.
Follow Up	Skill			None	player	1	2	Follow Up{desc}Draw one card.^If you draw a Skill card, reduce its cost to 0.			0	0	0.5	0	0	0	shine			Combinaison{desc}Pioche une carte.^S'il s'agit d'une carte Compétence, son coût est réduit à 0.	Hinterher{desc}Ziehe 1 Karte.^Wenn du eine Fähigkeitskarte ziehst, senke ihre Kosten auf 0.	Continuar{desc}Roba una carta.^Si es una carta de habilidad, reduce su coste a 0.	Sequência{desc}Compra uma carta.^Se você comprar uma carta de habilidade, reduz seu custo para 0.	乘势而上{desc}抽 1 张牌。^如果你抽到的是技能牌，将其消耗降至 0。	フォローアップ{desc}カードを1枚引く。^スキルカードを引いた場合、コストがかからない。	Трезвый ум{desc}Получите одну карту.^Если это карта Навыка, её стоимость снизится до 0.
																										
																										
Impatience	Skill			None	player	0	4	Impatience{desc}Put two random Attack cards from your draw or discard pile on top of your draw pile.			1	0	0.5	0	0	0	shine			Impatience{desc}Place 2 cartes Attaque aléatoires de ta pioche ou de ta défausse sur le dessus de ta pioche.	Ungeduld{desc}Lege 2 zufällige Angriffskarten aus deinem Nachzieh- oder Ablagestapel auf deinen Nachziehstapel.	Impaciencia{desc}Mueve dos cartas de ataque al azar del mazo o la pila de descartes a la parte superior del mazo.	Impaciência{desc}Coloca duas cartas de ataque aleatórias da sua pilha de compras ou de descarte no topo da sua pilha de compras.	失去耐心{desc}将你的抽牌堆或弃牌堆中的 2 张随机攻击牌放在你的抽牌堆顶。	短気{desc}山札または捨て札からランダムな「アタック」カードを2枚、山札の一番上に置く。	Нетерпение{desc}Поместите две случайные карты Атаки из вашей колоды или стопки сброса на вершину вашей колоды.
Impatience+	Skill			None	player	0	4	Impatience+{desc}Put three random Attack cards from your draw or discard pile on top of your draw pile.			0	0	0.5	0	0	0	shine			Impatience+{desc}Place 3 cartes Attaque aléatoires de ta pioche ou de ta défausse sur le dessus de ta pioche.	Ungeduld+{desc}Lege 3 zufällige Angriffskarten aus deinem Nachzieh- oder Ablagestapel auf deinen Nachziehstapel.	Impaciencia +{desc}Coloca tres cartas de ataque al azar del mazo o la pila de descartes en la parte superior de tu mazo.	Impaciência+{desc}Coloca três cartas de ataque aleatórias da sua pilha de compras ou de descarte no topo da sua pilha de compras.	失去耐心+{desc}将你的抽牌堆或弃牌堆中的 3 张随机攻击牌放在你的抽牌堆顶。	短気+{desc}山札または捨て札からランダムな「アタック」カードを3枚、山札の一番上に置く。	Нетерпение+{desc}Поместите три случайные карты Атаки из вашей колоды или стопки сброса на вершину вашей колоды.
Consume	Skill			None	player	0	3	Consume{desc}Choose two cards to discard.^Gain 1 Energy.			1	0	0.5	1	0	0	shine			Deuxième vie{desc}Choisis 2 cartes dont tu veux te défausser.^Gagne 1 point d'énergie.	Verbrauchen{desc}Wähle 2 Karten zum Ablegen.^Erhalte 1 Energie.	Consumo{desc}Escoge dos cartas para descartar.^Obtienes 1 punto de energía.	Consumir{desc}Escolhe duas cartas para descartar.^Recebe 1 de Energia.	有舍有得{desc}选择 2 张牌弃掉。^获得 1 点能源。	消費{desc}カードを2枚選んで捨て札に置く。^エネルギーを1獲得する。	Утилизация{desc}Выберите две карты для сброса.^Получите 1 энергию.
Consume+	Skill			None	player	0	4	Consume+{desc}Choose two cards to discard.^Gain 2 Energy.			0	0	0.5	1	0	0	shine			Deuxième vie+{desc}Choisis 2 cartes dont tu veux te défausser.^Gagne 2 points d'énergie.	Verbrauchen+{desc}Wähle 2 Karten zum Ablegen.^Erhalte 2 Energie.	Consumo +{desc}Escoge dos cartas para descartar.^Obtienes 2 puntos de energía.	Consumir+{desc}Escolhe duas cartas para descartar.^Recebe 2 de Energia.	有舍有得+{desc}选择 2 张牌弃掉。^获得 2 点能源。	消費+{desc}カードを2枚選んで捨て札に置く。^エネルギーを2獲得する。	Утилизация+{desc}Выберите две карты для сброса.^Получите 2 энергии.
Momentum	Skill			None	player	3	3	Momentum{desc}This turn, whenever you play a card, draw one card.			1	0	0.5	0	0	0	shine			Dynamisme{desc}Lors de ce tour, chaque fois que tu joues une carte, tu en pioches une.	Dynamik{desc}Immer wenn du in diesem Zug 1 Karte spielst, ziehe 1 Karte.	Ímpetu{desc}Durante este turno, por cada carta que juegues, robas otra.	Impulso{desc}Neste turno, sempre que jogar uma carta, compre uma carta.	乘势追击{desc}在本回合，你每出 1 张牌，可抽 1 张牌。	機運{desc}残りのターン中、カードを使用すると必ず、カードを1枚引く。	Инициатива{desc}В этот ход, каждый раз, когда вы играете карту, получайте одну карту.
Momentum+	Skill			None	player	3	4	Momentum+{desc}For the rest of combat, whenever you play a card, draw one card. 			0	0	0.5	1	0	0	shine			Dynamisme+{desc}Pour le reste du combat, chaque fois que tu joues une carte, tu en pioches une.	Dynamik+{desc}Für den Rest des Kampfs gilt: Wenn du 1 Karte spielst, ziehe 1 Karte.	Ímpetu +{desc}Para el resto del combate, por cada carta que juegues, robas otra.	Impulso+{desc}Até o fim do combate, sempre que jogar uma carta, compre uma carta.	乘势追击+{desc}你每出 1 张牌，可抽 1 张牌，持续到战斗结束。	機運+{desc}残りのターン中、カードを使用すると必ず、カードを1枚引く。	Инициатива+{desc}До завершения боя, каждый раз, когда вы играете карту, получайте одну карту.
Perception	Skill			None	player	1	1	Perception{desc}Draw one card.			1	0	0.5	0	1	0	shine	1		Intuition{desc}Pioche une carte.	Übersicht{desc}Ziehe 1 Karte.	Perspicacia{desc}Roba una carta.	Intuição{desc}Compra uma carta.	洞察{desc}抽 1 张牌。	知覚{desc}カードを1枚引く。	Восприятие{desc}Получите одну карту.
Perception+	Skill			None	player	1	2	Perception+{desc}Draw two cards.			0	0	0.5	0	1	0	shine	2		Intuition+{desc}Pioche 2 cartes.	Übersicht+{desc}Ziehe 2 Karten.	Perspicacia +{desc}Roba dos cartas.	Intuição+{desc}Compra duas cartas.	洞察+{desc}抽 2 张牌。	知覚+{desc}カードを2枚引く。	Восприятие+{desc}Получите две карты.
																										
Foresight	Skill			None	player	1	2	Foresight{desc}Look at the top two cards of your draw pile. Choose one to add to your hand.			1	0	0.5	0	0	0	shine			Clairvoyance{desc}Regarde les 2 premières cartes de ta pioche et choisis-en une à ajouter à ta main.	Weitblick{desc}Sieh dir die obersten 2 Karten deines Nachziehstapels an. Wähle 1 Karte aus und nimm sie auf die Hand.	Premonición{desc}Echa un vistazo a las dos primeras cartas del mazo. Añade una de ellas a tu mano.	Previsão{desc}Veja as duas primeiras cartas da sua pilha de compras. Escolha uma para adicionar à sua mão.	预见{desc}查看你抽牌堆顶的 2 张牌。选择 1 张加入你的手牌。	先見の明{desc}山札の一番上にあるカードを2枚めくる。どちらか1枚選んで手札に加える。	Предвидение{desc}Посмотрите две верхние карты в колоде. Выберите одну, чтобы добавить в вашу руку.
Foresight+	Skill			None	player	1	3	Foresight+{desc}Look at the top three cards of your draw pile. Choose one to add to your hand.			0	0	0.5	0	0	0	shine			Clairvoyance+{desc}Regarde les 3 premières cartes de ta pioche et choisis-en une à ajouter à ta main.	Weitblick+{desc}Sieh dir die obersten 3 Karten deines Nachziehstapels an. Wähle 1 Karte aus und nimm sie auf die Hand.	Premonición +{desc}Echa un vistazo a las tres primeras cartas del mazo. Añade una de ellas a tu mano.	Previsão+{desc}Veja as três primeiras cartas da sua pilha de compras. Escolha uma para adicionar à sua mão.	预见+{desc}查看你抽牌堆顶的 3 张牌。选择 1 张加入你的手牌。	先見の明+{desc}山札の一番上のあるカードを3枚めくる。どれか1枚選んで手札に加える。	Предвидение+{desc}Посмотрите три верхние карты в колоде. Выберите одну, чтобы добавить в вашу руку.
Hindsight	Skill			None	player	1	2	Hindsight{desc}Look at the top two cards of your discard pile. Choose one to add to your hand.			1	0	0.5	0	0	0	shine			Seconde chance{desc}Regarde les 2 premières cartes de ta défausse et choisis-en une à ajouter à ta main.	Rückblick{desc}Sieh dir die obersten 2 Karten deines Ablagestapels an. Wähle 1 Karte aus und nimm sie auf die Hand.	Retrospección{desc}Echa un vistazo a las dos primeras cartas de la pila de descartes. Añade una de ellas a tu mano.	Retrospectiva{desc}Veja as duas primeiras cartas da sua pilha de descarte. Escolha uma para adicionar à sua mão.	马后炮{desc}查看你弃牌堆顶的 2 张牌。选择 1 张加入你的手牌。	あと知恵{desc}捨て札の一番上にあるカードを2枚めくる。どちらか1枚を選んで手札に加える。	Размышление{desc}Посмотрите две верхние карты в стопке сброса. Выберите одну, чтобы добавить в вашу руку.
Hindsight+	Skill			None	player	1	3	Hindsight+{desc}Look at the top three cards of your discard pile. Choose one to add to your hand.			0	0	0.5	0	0	0	shine			Seconde chance+{desc}Regarde les 3 premières cartes de ta défausse et choisis-en une à ajouter à ta main.	Rückblick+{desc}Sieh dir die obersten 3 Karten deines Ablagestapels an. Wähle 1 Karte aus und nimm sie auf die Hand.	Retrospección +{desc}Echa un vistazo a las tres primeras cartas de la pila de descartes. Añade una de ellas a tu mano.	Retrospectiva+{desc}Veja as três primeiras cartas da sua pilha de descarte. Escolha uma para adicionar à sua mão.	马后炮+{desc}查看你弃牌堆顶的 3 张牌。选择 1 张加入你的手牌。	あと知恵+{desc}捨て札の一番上にあるカードを3枚めくる。どれか1枚選んで手札に加える。	Размышление+{desc}Посмотрите три верхние карты в стопке сброса. Выберите одну, чтобы добавить в вашу руку.
Reconsider	Skill			None	player	0	1	Reconsider{desc}Shuffle your discard pile into your draw pile. Choose one card to go on top.			0	0	0.5	0	0	0	shine			Reconsidération{desc}Mélange les cartes de ta défausse avec celles de ta pioche et choisis une carte à placer sur le dessus de cette dernière.	Überdenken{desc}Mische deinen Ablagestapel in deinen Nachziehstapel. Wähle 1 Karte aus und lege sie nach oben.	Reconsideración{desc}Baraja la pila de descartes con el mazo y pon la carta que quieras en la parte superior.	Plano B{desc}Embaralhe sua pilha de descarte em sua pilha de compras. Escolha uma carta para ficar no topo.	重新考虑{desc}将你的弃牌堆洗入你的抽牌堆。选择 1 张牌放在顶部。	再考{desc}捨て札をシャッフルして山札に加え、1枚選んで一番上に置く。	Переосмысление{desc}Перемешайте вашу стопку сброса в вашу колоду. Выберите одну карту, чтобы поместить на верх.
Peek	Skill			None	player	1	3	Peek{desc}Look through your draw pile. Choose one card to add to your hand.			0	0	0.5	0	0	0	shine			Aperçu{desc}Regarde ta pioche et choisis une carte à ajouter à ta main.	Späher{desc}Sieh deinen Nachziehstapel durch. Wähle 1 Karte aus und nimm sie auf die Hand.	Ojeada{desc}Échale un ojo al mazo. Escoge una carta y añádela a tu mano.	Espiar{desc}Veja sua pilha de compras. Escolha uma carta para adicionar à sua mão.	窥视{desc}查看你的抽牌堆。选择 1 张牌加入你的手牌。	盗み見{desc}山札を一通り確認し、1枚選んで手札に加える。	Подглядывание{desc}Просмотрите вашу колоду. Выберите одну карту, чтобы добавить в вашу руку.
Peer	Skill			None	player	1	4	Peer{desc}Look through your discard pile. Choose one card to add to your hand.			0	0	0.5	0	0	0	shine			Réexamen{desc}Regarde ta défausse et choisis une carte à ajouter à ta main.	Überprüfung{desc}Sieh deinen Ablagestapel durch. Wähle 1 Karte aus und nimm sie auf die Hand.	Vistazo{desc}Échale un vistazo a la pila de descartes. Escoge una carta y añádela a tu mano.	Examinar{desc}Veja sua pilha de descarte. Escolha uma carta para adicionar à sua mão.	窥探{desc}查看你的弃牌堆。选择 1 张牌加入你的手牌。	凝視{desc}捨て札を一通り確認し、1枚選んで手札に加える。	Сосредоточение{desc}Просмотрите вашу стопку сброса. Выберите одну карту, чтобы добавить в вашу руку.
Sacrifice	Skill			None	player	0	1	Sacrifice{desc}Choose two cards to exhaust. Choose one card from your discard pile to add to your hand.			1	0	0.5	0	0	0	shine			Sacrifice{desc}Choisis 2 cartes à éliminer. Choisis une carte de ta défausse à ajouter à ta main.	Opfer{desc}Erschöpfe 2 Karten deiner Wahl. Wähle 1 Karte aus deinem Ablagestapel aus und nimm sie auf die Hand.	Sacrificio{desc}Consume dos cartas, las que quieras. Escoge una carta de la pila de descartes y añádela a tu mano.	Sacrifício{desc}Escolha duas cartas para colocar em Exaustão. Escolha uma carta da sua pilha de descarte para adicionar à sua mão.	牺牲{desc}选择 2 张牌耗尽。从你的弃牌堆中选择 1 张牌加入你的手牌。	犠牲{desc}「消耗」状態にするカードを2枚選ぶ。捨て札から1枚選んで手札に加える。	Жертвоприношение{desc}Сожгите две карты. Выберите одну карту из вашей стопки сброса, чтобы добавить в вашу руку.
Sacrifice+	Skill			None	player	0	2	Sacrifice+{desc}Choose one card to exhaust. Choose one card from your discard pile to add to your hand.			0	0	0.5	0	0	0	shine			Sacrifice+{desc}Choisis une carte à éliminer. Choisis une carte de ta défausse à ajouter à ta main.	Opfer+{desc}Erschöpfe 1 Karte deiner Wahl. Wähle 1 Karte aus deinem Ablagestapel aus und nimm sie auf die Hand.	Sacrificio +{desc}Consume una carta, la que quieras. Escoge una carta de la pila de descartes y añádela a tu mano.	Sacrifício+{desc}Escolha uma carta para colocar em Exaustão. Escolha uma carta da sua pilha de descarte para adicionar à sua mão.	牺牲+{desc}选择 1 张牌耗尽。从你的弃牌堆中选择 1 张牌加入你的手牌。	犠牲+{desc}「消耗」状態にするカードを1枚選ぶ。捨て札から1枚選んで手札に加える。	Жертвоприношение+{desc}Сожгите одну карту. Выберите одну карту из вашей стопки сброса, чтобы добавить в вашу руку.
																										
								// Shop-only cards																		
Booster Pack	Skill			None	player	1	22	Booster Pack{desc}Choose one of three random cards to add to your hand. Discard the rest.			1	0	2	1	1	0	shine			Bonne pioche{desc}Choisis parmi 3 cartes aléatoires celle que tu veux ajouter à ta main. Les autres sont placées dans la défausse.	Stärkungspaket{desc}Wähle 1 von 3 zufälligen Karten und nimm sie auf die Hand. Wirf den Rest ab.	Refuerzos{desc}Escoge una de las tres cartas al azar para añadirla a tu mano. Descarta el resto.	Pacote de Reforço{desc}Escolha uma de três cartas aleatórias para adicionar à sua mão.	补充包{desc}从 3 张随机卡牌中抽取 1 张牌加入你的手牌，其余弃置。	ブースターパック{desc}ランダムなカード3枚から1枚を選び、手札に加える。残りの2枚は捨てられる。	Подкуп{desc}Выберите одну из трех случайных карт, чтобы добавить в вашу руку. Остальные сбросьте.
Booster Pack+	Skill			None	player	1	23	Booster Pack+{desc}Choose one of five random cards to add to your hand. Discard the rest.			0	0	2	1	1	0	shine			Bonne pioche+{desc}Choisis parmi 5 cartes aléatoires celle que tu veux ajouter à ta main. Les autres sont placées dans la défausse.	Stärkungspaket+{desc}Wähle 1 von 5 zufälligen Karten und nimm sie auf die Hand. Wirf den Rest ab.	Refuerzos +{desc}Escoge una de las cinco cartas al azar para añadirla a tu mano. Descarta el resto.	Pacote de Reforço+{desc}Escolha uma de cinco cartas aleatórias para adicionar à sua mão. Descarte o resto.	补充包+{desc}从 5 张随机卡牌中抽取 1 张牌加入你的手牌，其余弃置。	ブースターパック+{desc}ランダムなカード5枚から1枚を選び、手札に加える。残りの2枚は捨てられる。	Подкуп+{desc}Выберите одну из пяти случайных карт, чтобы добавить в вашу руку. Остальные сбросьте.
Loose Change	Skill			None	player	1	23	Loose Change{desc}Shuffle 3 random cards into your draw pile.			1	0	2	1	0	0	shine			Renouvellement{desc}Mélange 3 cartes aléatoires dans ta pioche.	Lose Veränderung{desc}Mische 3 zufällige Karten in deinen Nachziehstapel.	Cambio{desc}Añade 3 cartas al azar a tu mazo.	Trocado{desc}Embaralhe 3 cartas aleatórias junto da sua pilha de compras.	散碎洗牌{desc}将 3 张随机卡牌洗入抽牌堆。	小銭{desc}ランダムなカードを3枚シャッフルして山札に加える。	Карманная мелочь{desc}Перемешайте 3 случайные карты в вашу колоду.
Loose Change+	Skill			None	player	1	24	Loose Change+{desc}Shuffle 3 random cards into your draw pile and reduce their cost to 0.			0	0	2	1	0	0	shine			Renouvellement+{desc}Mélange 3 cartes aléatoires dans ta pioche et réduis leur coût à 0.	Lose Veränderung+{desc}Mische 3 zufällige Karten in deinen Nachziehstapel und senke ihre Kosten auf 0.	Cambio +{desc}Añade 3 cartas al azar a tu mazo y reduce su coste a 0.	Trocado+{desc}Embaralhe 3 cartas aleatórias junto da sua pilha de compras e reduza o custo delas a 0.	散碎洗牌+{desc}将 3 张随机卡牌洗入抽牌堆，并将它们的消耗降至 0。	小銭+{desc}ランダムなカードを3枚シャッフルして山札に加え、それらのコストが0になる。	Карманная мелочь+{desc}Перемешайте 3 случайные карты в вашу колоду и снизьте их стоимость до 0.
Borrowed Knowledge	Skill			None	player	1	23	Knowledge{desc}Shuffle 2 random Psychic cards into your Draw pile.			1	0	2	1	0	0	shine			Science{desc}Mélange 2 cartes psychiques aléatoires dans ta pioche.	Wissen{desc}Mische 2 zufällige Psycho-Karten in deinen Nachziehstapel.	Conocimiento{desc}Añade 2 cartas Psíquicas al azar a tu mazo.	Sabedoria{desc}Embaralhe 2 cartas Paranormais aleatórias junto da sua pilha de compras.	灵识借取{desc}将 2 张随机超自然卡牌洗入抽牌堆。	借りた知識{desc}ランダムなエスパーカードを2枚シャッフルし、山札に追加する。	знание{desc}Перемешайте 2 случайные магические карты в вашу колоду.
Borrowed Knowledge+	Skill			None	player	1	24	Knowledge+{desc}Shuffle 3 random Psychic cards into your draw pile and reduce their cost to 0.			0	0	2	1	0	0	shine			Science+{desc}Mélange 3 cartes psychiques aléatoires dans ta pioche et réduis leur coût à 0.	Wissen+{desc}Mische 3 zufällige Psycho-Karten in deinen Nachziehstapel und senke ihre Kosten auf 0.	Conocimiento+{desc}Añade 3 cartas Psíquicas al azar a tu mazo y reduce su coste a 0.	Sabedoria+{desc}Embaralhe 3 cartas Paranormais aleatórias junto da sua pilha de compras e reduza o custo delas a 0.	灵识借取+{desc}将 3 张随机超自然卡牌洗入抽牌堆，并将它们的消耗降至 0。	借りた知識+{desc}ランダムなエスパーカードを3枚シャッフルして山札に追加し、それらのコストが0になる。	знание+{desc}Перемешайте 3 случайные магические карты в вашу колоду и снизьте их стоимость до 0.
Cheater	Skill			None	player	1	25	Cheater{desc}Look through your draw pile and reduce one card's cost to 0.			0	0	2	1	0	0	shine			Triche{desc}Regarde dans ta pioche et réduis le coût de l'une des cartes à 0.	Schwindel{desc}Sieh dir deinen Nachziehstapel an und senke die Kosten 1 Karte auf 0.	Juego Sucio{desc}Échale un ojo al mazo y reduce el coste de una carta a 0.	Trapacear{desc}Dê uma olhada na sua pilha de compras e reduza o custo de uma das cartas a 0.	作弊者{desc}查看你的抽牌堆，并将 1 张卡牌的消耗降至 0。	ズル{desc}山札を確認し、それらのカードのコストを0にする。	Шулер{desc}Просмотрите вашу колоду и снизьте стоимость одной карты до 0.
Gloves Off	Skill			None	player	0	21	Gloves Off{desc}Exhaust one Bash card from your hand. Gain 1 Energy.			1	0	2	0	1	0	shine			Conversion{desc}Élimine une carte Impact de ta main. Gagne 1 point d'énergie.	Handschuhe ausziehen{desc}Erschöpfe 1 Hieb-Karte aus deiner Hand. Erhalte 1 Energie.	A Degüello{desc}Consume una carta de Aporrear de tu mano. Obtienes 1 punto de energía.	Mano a Mano{desc}Coloque uma carta de Golpear da sua mão em Exaustão e ganhe 1 de Energia.	卸甲一击{desc}耗尽手牌中的 1 张猛击卡牌，获得 1 能源。	闘志{desc}手札の「なぐる」カード1枚を消耗状態にし、エネルギーを1得る。	Вызов{desc}Сжечь одну карту Таран из вашей руки. Получите 1 энергию.
Gloves Off+	Skill			None	player	0	22	Gloves Off+{desc}Discard one Bash card from your hand. Gain 1 Energy.			0	0	2	0	1	0	shine			Conversion+{desc}Défausse-toi d'une carte Impact de ta main. Gagne 1 point d'énergie.	Handschuhe ausziehen+{desc}Wirf 1 Hieb-Karte aus deiner Hand ab. Erhalte 1 Energie.	A Degüello +{desc}Descarta una carta de Aporrear de tu mano. Obtienes 1 punto de energía.	Mano a Mano+{desc}Descarte uma carta de Golpear da sua mão e ganhe 1 de Energia.	卸甲一击+{desc}弃置手牌中的 1 张猛击卡牌，获得 1 能源。	闘志+{desc}手札の「なぐる」カード1枚を捨て、エネルギーを1得る。	Вызов+{desc}Сбросить одну карту Таран из вашей руки. Получите 1 энергию.
Doff Defense	Skill			None	player	1	21	Doff Defense{desc}Exhaust all Bash cards from your hand. Draw that many cards.			1	0	2	0	1	0	shine			Bon débarras{desc}Élimine toutes les cartes Impact de ta main et pioches-en autant.	Verteidigung loswerden{desc}Erschöpfe alle Hieb-Karten aus deiner Hand. Ziehe entsprechend viele Karten.	Defensas Fuera{desc}Consume todas las cartas de Aporrear de tu mano y roba tantas como hayas consumido.	Remoção de Defesa{desc}Coloque todas as cartas de Golpear da sua mão em Exaustão e compre a mesma quantidade de cartas da sua pilha.	舍甲揽牌{desc}耗尽手牌中全部猛击卡牌。抽取与耗尽卡牌数量相等的卡牌。	捨て身{desc}手札の「なぐる」カードをすべて消耗状態にし、同数のカードを引く。	Рокировка{desc}Сжечь все карты Таран из вашей руки. Получите столько же карт.
Doff Defense+	Skill			None	player	1	22	Doff Defense+{desc}Discard all Bash cards from your hand. Draw that many cards.			0	0	2	0	1	0	shine			Bon débarras+{desc}Défausse-toi de toutes les cartes Impact de ta main et pioches-en autant.	Verteidigung loswerden+{desc}Wirf alle Hieb-Karten aus deiner Hand ab. Ziehe entsprechend viele Karten.	Defensas Fuera +{desc}Descarta todas las cartas de Aporrear de tu mano y roba tantas como hayas descartado.	Remoção de Defesa+{desc}Descarte todas as cartas de Golpear da sua mão e compre a mesma quantidade de cartas da sua pilha.	舍甲揽牌+{desc}弃置手牌中全部猛击卡牌。抽取与弃置卡牌数量相等的卡牌。	捨て身+{desc}手札の「なぐる」カードをすべて捨て、同数のカードを引く。	Рокировка+{desc}Сбросить все карты Таран из вашей руки. Получите столько же карт.
																										
	type	stat	multiplier	element	target	playerCost	rarity	EN	damage	condition	upgradeable	AI	weight	exhaust	retain	armor	gfx	draw	energy_gain	FR	DE	ES	BR	CN	JP	
																										
																										
																										

	type	stat	multiplier	element	target	playerCost	rarity	EN	damage	condition	upgradeable	AI	weight	exhaust	retain	armor	gfx	draw	energy_gain	FR	DE	ES	BR	CN	JP	
																										
Rock Throw	Attack	power	1	Earth	opponent	1	1	Rock Throw{desc}Deal {dmg} Earth damage.	Earth		1	1	1	0	0	0	earth			Jet de pierre{desc}Inflige {dmg} point(s) de dégâts de terre.	Felswurf{desc}Verursache {dmg} Erdschaden.	Lanzarrocas{desc}Inflige {dmg} punto(s) de daño de tierra.	Arremesso de Rocha{desc}Causa {dmg} de dano de Terra.	投石{desc}造成{dmg}点土系伤害。	岩投げ{desc}{dmg}土ダメージを与える。	Бросок камня{desc}Наносит {dmg} земляного урона.
Rock Throw+	Attack	power	2	Earth	opponent	1	2	Rock Throw+{desc}Deal {dmg} Earth damage.	Earth		0	1	1	0	0	0	earth			Jet de pierre+{desc}Inflige {dmg} point(s) de dégâts de terre.	Felswurf+{desc}Verursache {dmg} Erdschaden.	Lanzarrocas +{desc}Inflige {dmg} punto(s) de daño de tierra.	Arremesso de Rocha+{desc}Causa {dmg} de dano de Terra.	投石+{desc}造成 {dmg} 点土系伤害。	岩投げ+{desc}{dmg}土ダメージを与える。	Бросок камня+{desc}Наносит {dmg} земляного урона.
Earthquake	Attack	power	0.5	Earth	opponents	1	3	Earthquake{desc}Deal {dmg} Earth damage and remove 1 Armor from all enemies.	Earth		1	1	1	0	0	1	erupt			Séisme{desc}Inflige {dmg} point(s) de dégâts de terre à tous les ennemis et réduit leur armure de 1.	Erdbeben{desc}Verursache {dmg} Erdschaden und entferne 1 Rüstung von allen Gegnern.	Terremoto{desc}Inflige {dmg} punto(s) de daño de tierra y elimina 1 punto de Armadura a todos los enemigos.	Terremoto{desc}Causa {dmg} de dano de Terra e remove 1 de Armadura de todos os inimigos.	地震{desc}造成{dmg}点土系伤害并解除所有敌人 1 点防御。	地震{desc}敵全体に{dmg}土ダメージを与え、アーマーを1減らす。	Землетрясение{desc}Наносит {dmg} земляного урона и снимает 1 броню со всех противников.
Earthquake+	Attack	power	1	Earth	opponents	1	4	Earthquake+{desc}Deal {dmg} Earth damage and remove 2 Armor from all enemies.	Earth		0	1	0.9	0	0	2	erupt			Séisme+{desc}Inflige {dmg} point(s) de dégâts de terre à tous les ennemis et réduit leur armure de 2.	Erdbeben+{desc}Verursache {dmg} Erdschaden und entferne 2 Rüstung von allen Gegnern.	Terremoto +{desc}Inflige {dmg} punto(s) de daño de tierra y elimina 2 puntos de Armadura a todos los enemigos.	Terremoto+{desc}Causa {dmg} de dano de Terra e remove 2 de Armadura de todos os inimigos.	地震+{desc}造成 {dmg} 点土系伤害并解除所有敌人 2 点防御。	地震+{desc}敵全体に{dmg}土ダメージを与え、アーマーを2減らす。	Землетрясение+{desc}Наносит {dmg} земляного урона и снимает 2 брони со всех противников.
Fury of Blows	Attack	power	1	Earth	opponent	1	2	Fury of Blows{desc}Deal {dmg} Earth damage twice.	Earth*2		1	1	0.9	0	0	0	redBurst			Volée de coups{desc}Inflige {dmg} point(s) de dégâts de terre à 2 reprises.	Schlaghagel{desc}Verursache zweimal {dmg} Erdschaden.	Golpes furia{desc}Inflige {dmg} punto(s) de daño de tierra dos veces.	Golpe de Fúria{desc}Causa {dmg} de dano de Terra duas vezes.	狂风暴雨{desc}造成 2次 {dmg}点土系伤害。	猛攻{desc}{dmg}土ダメージを2回与える。	Яростные удары{desc}Наносит {dmg} земляного урона дважды.
Fury of Blows+	Attack	power	1	Earth	opponent	1	3	Fury of Blows+{desc}Deal {dmg} Earth damage three times.	Earth*3		0	1	0.9	0	0	0	redBurst			Volée de coups+{desc}Inflige {dmg} point(s) de dégâts de terre à 3 reprises.	Schlaghagel+{desc}Verursache dreimal {dmg} Erdschaden.	Golpes furia +{desc}Inflige {dmg} punto(s) de daño de tierra tres veces.	Golpe de Fúria+{desc}Causa {dmg} de dano de Terra três vezes.	狂风暴雨+{desc}造成 3 次 {dmg} 点土系伤害。	猛攻+{desc}{dmg}土ダメージを3回与える。	Яростные удары+{desc}Наносит {dmg} земляного урона три раза.
Rage	Skill			Earth	ally	1	1	Rage{desc}Apply 1 [color=#5343EE]Rage[/color].		Rage:1	1	0	0.5	1	0	0	rage			Rage{desc}Applique 1 effet [color=#5343EE]Rage[/color].	Zorn{desc}Bewirke 1 [color=#5343EE]Zorn[/color].	Furia{desc}Provoca 1 acumulación de [color=#5343EE]Furia[/color].	Fúria{desc}Aplica 1 de [color=#5343EE]Fúria[/color].	愤怒{desc}施加 1 点[color=#5343EE]愤怒[/color]。	激怒{desc}[color=#5343EE]激怒[/color]を1付与する。	Ярость{desc}Добавляет 1 [color=#5343EE]Ярость[/color].
Rage+	Skill			Earth	ally	0	2	Rage+{desc}Apply 2 [color=#5343EE]Rage[/color].		Rage:2	0	1	0.5	0	0	0	rage			Rage+{desc}Applique 2 effets [color=#5343EE]Rage[/color].	Zorn+{desc}Bewirke 2 [color=#5343EE]Zorn[/color].	Furia +{desc}Provoca 2 acumulaciones de [color=#5343EE]Furia[/color].	Fúria+{desc}Aplica 2 de [color=#5343EE]Fúria[/color].	愤怒+{desc}施加 2 点[color=#5343EE]愤怒[/color]。	激怒+{desc}[color=#5343EE]激怒[/color]を2付与する。	Ярость+{desc}Добавляет 2 [color=#5343EE]Ярости[/color].
Uppercut	Attack	power	0.5	Earth	opponent	1	2	Uppercut{desc}Deal {dmg} damage. ^Draw one card.	Earth		1	1	1	0	0	0	zigzag	1		Uppercut{desc}Inflige {dmg} point(s) de dégâts de terre. ^Pioche une carte.	Aufwärtshaken{desc}Verursache {dmg} Schaden. ^Ziehe 1 Karte.	Gancho{desc}Inflige {dmg} punto(s) de daño.^Roba una carta.	Gancho{desc}Causa {dmg} de dano. ^Compra uma carta.	上勾拳{desc}造成{dmg}点伤害。^抽 1 张牌。	アッパーカット{desc}{dmg}ダメージを与える。^カードを1枚引く。	Апперкот{desc}Наносит {dmg} урона.^Получите одну карту.
Uppercut+	Attack	power	0.5	Earth	opponent	1	3	Uppercut+{desc}Deal {dmg} damage. ^Draw two cards.	Earth		0	1	1	0	0	0	zigzag	2		Uppercut+{desc}Inflige {dmg} point(s) de dégâts de terre. ^Pioche 2 cartes.	Aufwärtshaken+{desc}Verursache {dmg} Schaden. ^Ziehe 2 Karten.	Gancho +{desc}Inflige {dmg} punto(s) de daño.^Roba dos cartas.	Gancho+{desc}Causa {dmg} de dano. ^Compra duas cartas.	上勾拳+{desc}造成 {dmg} 点伤害。^抽 2 张牌。	アッパーカット+{desc}{dmg}ダメージを与える。^カードを2枚引く。	Апперкот+{desc}Наносит {dmg} урона.^Получите две карты.
Crush	Skill			Earth	opponent	1	3	Crush{desc}If target is Dizzy, reduce their HP by half.			1	0	0.5	0	0	0	thunder			Écrasement{desc}Si la cible est étourdie, réduit ses PV de moitié.	Zerquetschen{desc}Wenn das Ziel betäubt ist, halbiere seine LP.	Aplastar{desc}Si el objetivo sufre Mareo, reduce sus PS a la mitad.	Esmagar{desc}Se o alvo estiver Tonto, reduz o PV dele pela metade.	压制{desc}如果目标处于晕眩状态，将其生命值减半。	クラッシュ{desc}ターゲットが気絶している場合、HPを半分に減らす。	Разгром{desc}Если противник оглушен, снижает его здоровье на половину.
Crush+	Skill			Earth	opponent	0	4	Crush+{desc}If target is Dizzy, reduce their HP by half.			0	0	0.5	0	0	0	thunder			Écrasement+{desc}Si la cible est étourdie, réduit ses PV de moitié.	Zerquetschen+{desc}Wenn das Ziel betäubt ist, halbiere seine LP.	Aplastar +{desc}Si el objetivo sufre Mareo, reduce sus PS a la mitad.	Esmagar+{desc}Se o alvo estiver Tonto, reduz o PV dele pela metade.	压制+{desc}如果目标处于晕眩状态，将其生命值减半。	クラッシュ+{desc}ターゲットが気絶している場合、HPを半分に減らす。	Разгром+{desc}Если противник оглушен, снижает его здоровье на половину.
One Two	Attack	power	1	Earth	opponent	1	1	One Two{desc}Deal {dmg} damage. ^Remove 1 Armor.	Earth		1	1	0.9	0	0	1	claws			Double crochet{desc}Inflige {dmg} point(s) de dégâts de terre. ^Réduit l'armure de 1.	Eins, zwei ...{desc}Verursache {dmg} Schaden. ^Entferne 1 Rüstung.	Doble Impacto{desc}Inflige {dmg} punto(s) de daño.^Elimina 1 punto de Armadura.	Um, Dois{desc}Causa {dmg} de dano. ^Remove 1 de Armadura.	组合拳{desc}造成{dmg}点伤害。^解除 1 点防御。	ワンツーパンチ{desc}{dmg}ダメージを与える。^アーマーを1減らす。	Раз-два{desc}Наносит {dmg} урона. ^Снимает 1 броню.
One Two+	Attack	power	2	Earth	opponent	1	2	One Two+{desc}Deal {dmg} damage. ^Remove 2 Armor.	Earth		0	1	0.9	0	0	2	claws			Double crochet+{desc}Inflige {dmg} point(s) de dégâts de terre. ^Réduit l'armure de 2.	Eins, zwei ...+{desc}Verursache {dmg} Schaden. ^Entferne 2 Rüstung.	Doble Impacto +{desc}Inflige {dmg} punto(s) de daño.^Elimina 2 puntos de Armadura.	Um, Dois+{desc}Causa {dmg} de dano. ^Remove 2 de Armadura.	组合拳+{desc}造成 {dmg} 点伤害。^解除 2 点防御。	ワンツーパンチ+{desc}{dmg}ダメージを与える。^アーマーを2減す。	Раз-два+{desc}Наносит {dmg} урона. ^Снимает 2 брони.
Brawl	Attack	power	1	Earth	opponents	2	1	Brawl{desc}Deal {dmg} damage to all enemies.	Earth		1	1	0.9	0	0	0	earth			Rixe{desc}Inflige {dmg} point(s) de dégâts de terre à tous les ennemis.	Prügelei{desc}Verursache {dmg} Schaden bei allen Gegnern.	Contienda{desc}Inflige {dmg} punto(s) de daño a todos los enemigos.	Pancadaria{desc}Causa {dmg} de dano a todos os inimigos.	乱斗{desc}对所有敌人造成{dmg}点伤害。	乱闘{desc}敵全体に{dmg}ダメージを与える。	Драка{desc}Наносит {dmg} урона всем противникам.
Brawl+	Attack	power	2	Earth	opponents	2	2	Brawl+{desc}Deal {dmg} damage to all enemies.	Earth		0	1	0.9	0	0	0	earth			Rixe+{desc}Inflige {dmg} point(s) de dégâts de terre à tous les ennemis.	Prügelei+{desc}Verursache {dmg} Schaden bei allen Gegnern.	Contienda +{desc}Inflige {dmg} punto(s) de daño a todos los enemigos.	Pancadaria+{desc}Causa {dmg} de dano a todos os inimigos.	乱斗+{desc}对所有敌人造成 {dmg} 点伤害。	乱闘+{desc}敵全体に{dmg}ダメージを与える。	Драка+{desc}Наносит {dmg} урона всем противникам.
Seeing Red	Skill			Earth	ally	1	3	Seeing Red{desc}Apply 3 [color=#5343EE]Rage[/color].		Rage:3	1	1	0.5	0	0	0	rage			Colère noire{desc}Applique 3 effets [color=#5343EE]Rage[/color].	Wutanfall{desc}Bewirke 3 [color=#5343EE]Zorn[/color].	Enajenación{desc}Provoca 3 acumulaciones de [color=#5343EE]Furia[/color].	Sangue Fervendo{desc}Aplica 3 de [color=#5343EE]Fúria[/color].	大怒{desc}施加 3 点[color=#5343EE]愤怒[/color]。	憤怒{desc}[color=#5343EE]激怒[/color]を3付与する。	Красная пелена{desc}Добавляет 3 [color=#5343EE]Ярости[/color].
Seeing Red+	Skill			Earth	ally	1	4	Seeing Red+{desc}Apply 4 [color=#5343EE]Rage[/color].		Rage:4	0	1	0.5	0	0	0	rage			Colère noire+{desc}Applique 4 effets [color=#5343EE]Rage[/color].	Wutanfall+{desc}Bewirke 4 [color=#5343EE]Zorn[/color].	Enajenación +{desc}Provoca 4 acumulaciones de [color=#5343EE]Furia[/color].	Sangue Fervendo+{desc}Aplica 4 de [color=#5343EE]Fúria[/color].	大怒+{desc}施加 4 点[color=#5343EE]愤怒[/color]。	憤怒+{desc}[color=#5343EE]激怒[/color]を4付与する。	Красная пелена+{desc}Добавляет 4 [color=#5343EE]Ярости[/color].
Drop kick	Attack	power	1	Earth	opponent	1	2	Drop Kick{desc}Deal {dmg} damage. ^Draw one Attack card from your draw or discard pile.	Earth		1	1	0.9	0	0	0	yellowStrike	Attack:1		Fauchage{desc}Inflige {dmg} point(s) de dégâts de terre. ^Pioche une carte Attaque dans ta pioche ou ta défausse.	Dropkick{desc}Verursache {dmg} Schaden. ^Ziehe 1 Angriffskarte von deinem Nachzieh- oder Ablagestapel.	Patada Voladora{desc}Inflige {dmg} punto(s) de daño.^Roba una carta de ataque del mazo o la pila de descartes.	Chute Aéreo{desc}Causa {dmg} de dano. ^Compra uma carta de ataque da sua pilha de compras ou de descarte.	飞踢{desc}造成{dmg}点伤害。^从你的抽牌堆或弃牌堆中抽 1 张攻击牌。	ドロップキック{desc}{dmg}ダメージを与える。^山札か捨て札から「アタック」カードを1枚引く。	Удар с разворота{desc}Наносит {dmg} урона.^Получите одну карту Атаки из колоды или стопки сброса.
Drop kick+	Attack	power	1	Earth	opponent	1	3	Drop Kick+{desc}Deal {dmg} damage. ^Draw two Attack cards from your draw or discard pile.	Earth		0	1	0.9	0	0	0	yellowStrike	Attack:2		Fauchage+{desc}Inflige {dmg} point(s) de dégâts de terre. ^Pioche 2 cartes Attaque dans ta pioche ou ta défausse.	Dropkick+{desc}Verursache {dmg} Schaden. ^Ziehe 2 Angriffskarten von deinem Nachzieh- oder Ablagestapel.	Patada Voladora +{desc}Inflige {dmg} punto(s) de daño.^Roba dos cartas de ataque del mazo o la pila de descartes.	Chute Aéreo+{desc}Causa {dmg} de dano. ^Compra duas cartas de ataque da sua pilha de compras ou de descarte.	飞踢+{desc}造成 {dmg} 点伤害。^从你的抽牌堆或弃牌堆中抽 2 张攻击牌。	ドロップキック+{desc}{dmg}ダメージを与える。^山札か捨て札から「アタック」カードを1枚引く。	Удар с разворота+{desc}Наносит {dmg} урона.^Получите две карты Атаки из колоды или стопки сброса.
Fallen Foe	Attack	power	1	Earth	opponent	1	2	Fallen Foe{desc}Deal {dmg} Earth damage. ^If target is banished, refill your Energy.	Earth		1	1	0.9	0	0	0	redMulti			Au tapis{desc}Inflige {dmg} point(s) de dégâts de terre. ^Si la cible est bannie, ton énergie se recharge.	Gefallener Feind{desc}Verursache {dmg} Erdschaden. ^Wenn das Ziel gebannt ist, fülle deine Energie wieder auf.	Enemigo Caído{desc}Inflige {dmg} punto(s) de daño de tierra.^Si destierras al objetivo, recuperas la energía.	Inimigo Caído{desc}Causa {dmg} de dano de Terra. ^Se o alvo for banido, recarrega sua Energia.	敌人倒下{desc}造成{dmg}点土系伤害。^如果目标被驱逐，可补充你的能源。	倒れた敵{desc}{dmg}土ダメージを与える。^敵を倒した場合、エネルギーが回復する。	Павший враг{desc}Наносит {dmg} земляного урона. Если противник повержен, восстанавливает вашу энергию.
Fallen Foe+	Attack	power	2	Earth	opponent	1	3	Fallen Foe+{desc}Deal {dmg} Earth damage. ^If target is banished, refill your Energy.	Earth		0	1	0.9	0	0	0	redMulti			Au tapis+{desc}Inflige {dmg} point(s) de dégâts de terre. ^Si la cible est bannie, ton énergie se recharge.	Gefallener Feind+{desc}Verursache {dmg} Erdschaden. ^Wenn das Ziel gebannt ist, fülle deine Energie wieder auf.	Enemigo Caído +{desc}Inflige {dmg} punto(s) de daño de tierra.^Si destierras al objetivo, recuperas la energía.	Inimigo Caído+{desc}Causa {dmg} de dano de Terra. ^Se o alvo for banido, recarrega sua Energia.	敌人倒下+{desc}造成 {dmg} 点土系伤害。^如果目标被驱逐，可补充你的能源。	倒れた敵+{desc}{dmg}土ダメージを与える。^敵を倒した場合、エネルギーが回復する。	Павший враг+{desc}Наносит {dmg} земляного урона. Если противник повержен, восстанавливает вашу энергию.
Secret Move	Attack	power	2	Earth	opponents	2	5	Secret Move{desc}Deal {dmg} Earth damage ^Remove five Armor from all enemies. 	Earth		0	1	0.9	1	0	5	erupt			Botte secrète{desc}Inflige {dmg} point(s) de dégâts de terre.^Réduit l'armure de tous les ennemis de 5.	Ass im Ärmel{desc}Verursache {dmg} Erdschaden. ^Entferne 5 Rüstung von allen Gegnern.	Jugada Secreta{desc}Inflige {dmg} punto(s) de daño de tierra.^Elimina cinco puntos de Armadura a todos los enemigos.	Jogada Oculta{desc}Causa {dmg} de dano de Terra ^Remove cinco de Armadura de todos os inimigos.	秘密动作{desc}造成{dmg}点土系伤害^解除所有敌人 5 点防御。	隠密行動{desc}{dmg}土ダメージを与える。^敵全体のアーマーを5減らす。	Секретный прием{desc}Наносит {dmg} земляного урона.^Снимает пять брони со всех противников.
Focus	Skill			Earth	allies	1	1	Focus{desc}Reduce the cost of all Tackle cards to 0 for this turn.			1	0	0.5	0	0	0	yellowCircle			Concentration{desc}Réduit le coût de toutes les cartes Plaquage à 0 pour ce tour.	Fokus{desc}Senke die Kosten aller Stoßkarten für diesen Zug auf 0.	Concentración{desc}Reduce a 0 el coste de todas las cartas Placaje durante este turno.	Foco{desc}Reduz o custo de todas as cartas de investida para 0 nesse turno.	聚焦{desc}在本回合内，将所有阻截卡的消耗降为 0。	集中{desc}このターン中、すべての「たいあたり」カードのコストがかからない。	Маневр{desc}Снижает стоимость всех карт Удар до 0 на этот ход.
Focus+	Skill			Earth	allies	1	2	Focus+{desc}Reduce the cost of all Tackle cards in your deck to 0 for the rest of combat. 			0	0	0.5	1	0	0	yellowCircle			Concentration+{desc}Réduit le coût de toutes les cartes Plaquage de ton deck à 0 pour le reste du combat.	Fokus+{desc}Senke die Kosten aller Stoßkarten in deinem Deck für den Rest des Kampfs auf 0.	Concentración +{desc}Reduce a 0 el coste de todas las cartas Placaje de tu mazo para el resto del combate.	Foco+{desc}Reduz o custo de todas as cartas de Investida no seu baralho para 0 pelo resto do combate.	聚焦+{desc}将你的卡组中所有阻截卡的消耗降为 0，持续到战斗结束。	集中+{desc}ターンの残りの間、自分のデッキにある「たいあたり」カードすべてのコストが0に減る。	Маневр+{desc}Снижает стоимость всех карт Удар в вашей колоде до 0 до конца боя.
Avalanche	Attack	power	3	Earth	opponent	3	2	Avalanche{desc}Deal {dmg} Earth damage. 	Earth		1	1	0.9	1	0	0	earth			Avalanche{desc}Inflige {dmg} point(s) de dégâts de terre.	Lawine{desc}Verursache {dmg} Erdschaden.	Avalancha{desc}Inflige {dmg} punto(s) de daño de tierra.	Avalanche{desc}Causa {dmg} de dano de Terra.	雪崩{desc}造成{dmg}点土系伤害。	なだれ{desc}{dmg}土ダメージを与える。	Оползень{desc}Наносит {dmg} земляного урона.
Avalanche+	Attack	power	3	Earth	opponent	3	3	Avalanche+{desc}Deal {dmg} Earth damage.	Earth		0	1	0.9	0	1	0	earth			Avalanche+{desc}Inflige {dmg} point(s) de dégâts de terre.	Lawine+{desc}Verursache {dmg} Erdschaden.	Avalancha +{desc}Inflige {dmg} punto(s) de daño de tierra.	Avalanche+{desc}Causa {dmg} de dano de Terra.	雪崩+{desc}造成 {dmg} 点土系伤害。	なだれ+{desc}{dmg}土ダメージを与える。	Оползень+{desc}Наносит {dmg} земляного урона.
																										
																										
								// Shop only cards																		
Somersault	Attack	power	1	Earth	opponent	1	21	Somersault{desc}Deal {dmg} damage. Put a copy of this card into your draw pile.	Earth		1	0	2	0	0	0	hit			Pirouette{desc}Inflige {dmg} point(s) de dégâts. Place une copie de cette carte dans ta pioche.	Salto{desc}Verursache {dmg} Schaden. Lege eine Kopie dieser Karte in deinen Nachziehstapel.	Salto Mortal{desc}Inflige {dmg} punto(s) de daño. Coloca una carta igual a esta en tu mazo.	Cambalhota{desc}Causa {dmg} de dano. Coloque uma cópia desta carta na sua pilha de compras.	筋斗翻袭{desc}造成{dmg}点伤害，并将此卡牌复制入你的抽牌堆中。	宙返り{desc}{dmg}ダメージを与える。このカードの複製が1枚、山札に追加される。	Сальто{desc}Наносит {dmg} урона. Помещает копию этой карты в вашу колоду.
Somersault+	Attack	power	2	Earth	opponent	1	22	Somersault+{desc}Deal {dmg} damage. Put a copy of this card into your draw pile.	Earth		0	0	2	0	0	0	hit			Pirouette+{desc}Inflige {dmg} point(s) de dégâts. Place une copie de cette carte dans ta pioche.	Salto+{desc}Verursache {dmg} Schaden. Lege eine Kopie dieser Karte in deinen Nachziehstapel.	Salto Mortal+{desc}Inflige {dmg} punto(s) de daño. Coloca una carta igual a esta en tu mazo.	Cambalhota+{desc}Causa {dmg} de dano. Coloque uma cópia desta carta na sua pilha de compras.	筋斗翻袭+{desc}造成{dmg}点伤害，并将此卡牌复制入你的抽牌堆中。	宙返り+{desc}{dmg}ダメージを与える。このカードの複製が1枚、山札に追加される。	Сальто+{desc}Наносит {dmg} урона. Помещает копию этой карты в вашу колоду.
Open Hand	Skill			Earth	player	1	21	Open Hand{desc}If you have [color=#5343EE]Rage[/color] applied, draw 2 cards, otherwise draw 1 card.			1	0	2	0	1	0	yellowCircle			Main ouverte{desc}Si l'un de tes esprits possède l'effet [color=#5343EE]Rage[/color], tu pioches 2 cartes. Sinon, tu en pioches une seule.	Offene Hand{desc}Wenn [color=#5343EE]Zorn[/color] in Kraft ist, ziehe 2 Karten, ansonsten 1 Karte.	Mano Abierta{desc}Si sufres [color=#5343EE]Furia[/color], robas 2 cartas; en caso contrario, robas 1.	Mão Aberta{desc}Se [color=#5343EE]Fúria[/color] estiver aplicada, compre 2 cartas; se não, compre 1 carta.	愤怒之握{desc}当你处于[color=#5343EE]愤怒[/color]状态时，抽取 2 张卡牌，否则抽取 1 张卡牌。	平手{desc}[color=#5343EE]激怒[/color]が付与されている場合は2枚、それ以外の場合は1枚のカードを引く。	Открытая ладонь{desc}Если у вас есть [color=#5343EE]Ярость[/color], получите 2 карты, иначе получите 1 карту.
Open Hand+	Skill			Earth	player	1	22	Open Hand+{desc}If you have [color=#5343EE]Rage[/color] applied, draw 3 cards, otherwise draw 1 card.			0	0	2	0	1	0	yellowCircle			Main ouverte+{desc}Si l'un de tes esprits possède l'effet [color=#5343EE]Rage[/color], tu pioches 3 cartes. Sinon, tu en pioches une seule.	Offene Hand+{desc}Wenn [color=#5343EE]Zorn[/color] in Kraft ist, ziehe 3 Karten, ansonsten 1 Karte.	Mano Abierta +{desc}Si sufres [color=#5343EE]Furia[/color], robas 3 cartas; en caso contrario, robas 1.	Mão Aberta+{desc}Se [color=#5343EE]Fúria[/color] estiver aplicada, compre 3 cartas; se não, compre 1 carta.	愤怒之握＋{desc}当你处于[color=#5343EE]愤怒[/color]状态时，抽取 3 张卡牌，否则抽取 1 张卡牌。	平手+{desc}[color=#5343EE]激怒[/color]が付与されている場合は3枚、それ以外の場合は1枚のカードを引く。	Открытая ладонь+{desc}Если у вас есть [color=#5343EE]Ярость[/color], получите 3 карты, иначе получите 1 карту.
Very Angry	Attack	power	1	Earth	opponent	1	23	Very Angry{desc}Deal {dmg} damage for every [color=#5343EE]Rage[/color] applied to yourself.	Earth		1	0	2	0	0	0	redBurst			Fureur{desc}Inflige {dmg} point(s) de dégâts par effet [color=#5343EE]Rage[/color] appliqué à l'esprit.	Große Wut{desc}Verursache {dmg} Schaden für jeden [color=#5343EE]Zorn[/color] auf dir in Kraft.	Enfado Monumental{desc}Inflige {dmg} punto(s) de daño por cada acumulación de [color=#5343EE]Furia[/color] que sufras.	Irritadaço{desc}Causa {dmg} de dano a cada [color=#5343EE]Fúria[/color] aplicada a si.	愤怒连击{desc}根据施加于自身的[color=#5343EE]愤怒[/color]点数，造成{dmg}点土系伤害。	激高{desc}自身に付与されている[color=#5343EE]激怒[/color]1つにつき、{dmg}つちダメージを与える。	Гнев{desc}Наносит {dmg} урона за каждую единицу [color=#5343EE]Ярости[/color] у этого Духа.
Very Angry+	Attack	power	1.5	Earth	opponent	1	24	Very Angry+{desc}Deal {dmg} damage for every [color=#5343EE]Rage[/color] applied to yourself.	Earth		0	0	2	0	0	0	redBurst			Fureur+{desc}Inflige {dmg} point(s) de dégâts par effet [color=#5343EE]Rage[/color] appliqué à l'esprit.	Große Wut{desc}Verursache {dmg} Schaden für jeden [color=#5343EE]Zorn[/color] auf dir in Kraft.	Enfado Monumental+{desc}Inflige {dmg} punto(s) de daño por cada acumulación de [color=#5343EE]Furia[/color] que sufras.	Irritadaço+{desc}Causa {dmg} de dano a cada [color=#5343EE]Fúria[/color] aplicada a si.	愤怒连击+{desc}根据施加于自身的[color=#5343EE]愤怒[/color]点数，造成{dmg}点土系伤害。	激高+{desc}自身に付与されている[color=#5343EE]激怒[/color]1つにつき、{dmg}つちダメージを与える。	Гнев+{desc}Наносит {dmg} урона за каждую единицу [color=#5343EE]Ярости[/color] у этого Духа.
																										
																										
																										
																										
																										
																										
																										
																										
																										
																										
																										
																										
																										
																										
																										
																										
																										
																										
																										
																										
																										
																										
																										
																										
																										
																										
																										
																										

	type	stat	multiplier	element	target	playerCost	rarity	EN	damage	condition	upgradeable	AI	weight	exhaust	retain	armor	gfx	draw	energy_gain	FR	DE	ES	BR	CN	JP	
																										
																										
Waterfall	Attack	power	1	Water	opponent	1	1	Waterfall{desc}Deal {dmg} Water damage.	Water		1	1	0.6	0	0	0	blueBall			Cascade{desc}Inflige {dmg} point(s) de dégâts d'eau.	Wasserfall{desc}Verursache {dmg} Wasserschaden.	Cascada{desc}Inflige {dmg} punto(s) de daño de agua.	Cachoeira{desc}Causa {dmg} de dano de Água.	瀑布{desc}造成{dmg}点水系伤害。	滝{desc}{dmg}水ダメージを与える。	Водопад{desc}Наносит {dmg} водяного урона.
Waterfall+	Attack	power	2	Water	opponent	1	2	Waterfall+{desc}Deal {dmg} Water damage.	Water		0	1	0.8	0	0	0	blueBall			Cascade+{desc}Inflige {dmg} point(s) de dégâts d'eau.	Wasserfall+{desc}Verursache {dmg} Wasserschaden.	Cascada +{desc}Inflige {dmg} punto(s) de daño de agua.	Cachoeira+{desc}Causa {dmg} de dano de Água.	瀑布+{desc}造成 {dmg} 点水系伤害。	滝+{desc}{dmg}水ダメージを与える。	Водопад+{desc}Наносит {dmg} водяного урона.
Tidal Wave	Attack	power	1	Water	opponents	2	3	Tidal Wave{desc}Deal {dmg} Water damage to all enemies.	Water		1	1	2	0	0	0	water			Raz-de-marée{desc}Inflige {dmg} point(s) de dégâts d'eau à tous les ennemis.	Flutwelle{desc}Verursache {dmg} Wasserschaden bei allen Gegnern.	Maremoto{desc}Inflige {dmg} punto(s) de daño de agua a todos los enemigos.	Maremoto{desc}Causa {dmg} de dano de Água a todos os inimigos.	潮汐波{desc}对所有敌人造成{dmg}点水系伤害。	大津波{desc}敵全体に{dmg}水ダメージを与える。	Приливная волна{desc}Наносит {dmg} водяного урона всем врагам.
Tidal Wave+	Attack	power	2	Water	opponents	2	4	Tidal Wave+{desc}Deal {dmg} Water damage to all enemies.	Water		0	1	2	0	0	0	water			Raz-de-marée+{desc}Inflige {dmg} point(s) de dégâts d'eau à tous les ennemis.	Flutwelle+{desc}Verursache {dmg} Wasserschaden bei allen Gegnern.	Maremoto +{desc}Inflige {dmg} punto(s) de daño de agua a todos los enemigos.	Maremoto+{desc}Causa {dmg} de dano de Água a todos os inimigos.	潮汐波+{desc}对所有敌人造成 {dmg} 点水系伤害。	大津波+{desc}敵全体に{dmg}水ダメージを与える。	Приливная волна+{desc}Наносит {dmg} водяного урона всем врагам.
Water Balloon	Attack	power	0.5	Water	opponents	1	3	Water Balloon{desc}Remove one Armor and deal {dmg} Water damage to all enemies.	Water		1	1	2	0	0	1	blueBall			Bombe à eau{desc}Inflige {dmg} point(s) de dégâts d'eau à tous les ennemis et réduit leur armure de 1.	Wasserballon{desc}Entferne 1 Rüstung und verursache {dmg} Wasserschaden bei allen Gegnern.	Globo de Agua{desc}Elimina un punto de Armadura e inflige {dmg} punto(s) de daño de agua a todos los enemigos.	Balão d'Água{desc}Remove 1 de Armadura e causa {dmg} de dano de Água a todos os inimigos.	水球{desc}对所有敌人解除 1 点防御，并造成{dmg}点水系伤害。	水風船{desc}敵全体のアーマーを1減らし、{dmg}水ダメージを与える。	Водяная бомба{desc}Снимает одну броню и наносит {dmg} водяного урона всем врагам.
Water Balloon+	Attack	power	0.5	Water	opponents	1	4	Water Balloon+{desc}Remove two Armor and deal {dmg} Water damage to all enemies.	Water		0	1	2	0	0	2	blueBall			Bombe à eau+{desc}Inflige {dmg} point(s) de dégâts d'eau à tous les ennemis et réduit leur armure de 2.	Wasserballon+{desc}Entferne 2 Rüstung und verursache {dmg} Wasserschaden bei allen Gegnern.	Globo de Agua +{desc}Elimina dos puntos de Armadura e inflige {dmg} punto(s) de daño de agua a todos los enemigos.	Balão d'Água+{desc}Remove 2 de Armadura e causa {dmg} de dano de Água a todos os inimigos.	水球+{desc}对所有敌人解除 2 点防御，并造成 {dmg} 点水系伤害。	水風船+{desc}敵全体のアーマーを2減らし、{dmg}水ダメージを与える。	Водяная бомба+{desc}Снимает две брони и наносит {dmg} водяного урона всем врагам.
Soak	Attack	power	1	Water	opponents	2	1	Soak{desc}Deal {dmg} Water damage to all enemies twice. 	Water*2		1	1	1	1	0	0	blueBolt			Inondation{desc}Inflige {dmg} point(s) de dégâts d'eau à 2 reprises à tous les ennemis.	Durchnässen{desc}Verursache zweimal {dmg} Wasserschaden bei allen Gegnern.	Remojón{desc}Inflige {dmg} punto(s) de daño de agua a todos los enemigos dos veces.	Encharcar{desc}Causa {dmg} de dano de Água a todos os inimigos duas vezes.	浸泡{desc}对所有敌人造成 2 次{dmg}点水系伤害。	ずぶぬれ{desc}敵全体に{dmg}水ダメージを2回与える。	Сырость{desc}Наносит {dmg} водяного урона всем врагам дважды.
Soak+	Attack	power	1	Water	opponents	2	2	Soak+{desc}Deal {dmg} Water damage to all enemies three times. 	Water*3		0	1	1	1	0	0	blueBolt			Inondation+{desc}Inflige {dmg} point(s) de dégâts d'eau à 3 reprises à tous les ennemis.	Durchnässen+{desc}Verursache dreimal {dmg} Wasserschaden bei allen Gegnern.	Remojón +{desc}Inflige {dmg} punto(s) de daño de agua a todos los enemigos tres veces.	Encharcar+{desc}Causa {dmg} de dano de Água a todos os inimigos três vezes.	浸泡+{desc}对所有敌人造成 3 次 {dmg} 点水系伤害。	ずぶぬれ+{desc}敵全体に{dmg}水ダメージを3回与える。	Сырость+{desc}Наносит {dmg} водяного урона всем врагам три раза.
Riptide	Attack	power	0.5	Water	opponents	2	1	Riptide{desc}Deal {dmg} Water damage to all enemies. ^Draw one card.	Water		1	1	1	0	1	0	water	1		Déferlante{desc}Inflige {dmg} point(s) de dégâts d'eau à tous les ennemis. ^Pioche une carte.	Sturmflut{desc}Verursache {dmg} Wasserschaden bei allen Gegnern. ^Ziehe 1 Karte.	Contracorriente{desc}Inflige {dmg} punto(s) de daño de agua a todos los enemigos.^Roba una carta.	Correnteza{desc}Causa {dmg} de dano de Água a todos os inimigos. ^Compra uma carta.	激流{desc}对所有敌人造成{dmg}点水系伤害。^抽 1 张牌。	激流{desc}敵全体に{dmg}水ダメージを与える。^カードを1枚引く。	Приливное течение{desc}Наносит {dmg} водяного урона всем врагам.^Получите одну карту.
Riptide+	Attack	power	0.5	Water	opponents	2	2	Riptide+{desc}Deal {dmg} Water damage to all enemies. ^Draw two cards.	Water		0	1	1	0	1	0	water	2		Déferlante+{desc}Inflige {dmg} point(s) de dégâts d'eau à tous les ennemis. ^Pioche 2 cartes.	Sturmflut+{desc}Verursache {dmg} Wasserschaden bei allen Gegnern. ^Ziehe 2 Karten.	Contracorriente +{desc}Inflige {dmg} punto(s) de daño de agua a todos los enemigos.^Roba dos cartas.	Correnteza+{desc}Causa {dmg} de dano de Água a todos os inimigos ^Compra duas cartas.	激流+{desc}对所有敌人造成 {dmg} 点带电伤害。^抽 2 张牌。	激流+{desc}敵全体に{dmg}水ダメージを与える。^カードを2枚引く。	Приливное течение+{desc}Наносит {dmg} водяного урона всем врагам.^Получите две карты.
Ablution	Skill			Water	anyone	0	2	Ablution{desc}Remove half of all conditions from one target.			1	0	0.5	0	0	0	hpRain			Purification{desc}Supprime la moitié des effets de la cible.	Reinwaschen{desc}Halbiere die Effekte der Zustände eines Ziels.	Lavado{desc}Elimina la mitad de los estados provocados a un objetivo.	Lavagem{desc}Remove metade dos efeitos de um alvo.	洗礼{desc}使一个目标的所有状态解除一半。	洗浄{desc}ターゲット1体のバフ・デバフ効果をすべて半分に減らす。	Омовение{desc}Снимает половину всех эффектов с одного противника.
Ablution+	Skill			Water	anyone	0	3	Ablution+{desc}Remove all conditions from one target.			0	0	0.3	0	0	0	hpRain			Purification+{desc}Supprime tous les effets de la cible.	Reinwaschen+{desc}Entferne alle Zustände eines Ziels.	Lavado +{desc}Elimina el efecto de todos los estados provocados a un objetivo.	Lavagem+{desc}Remove todos os efeitos de um alvo.	洗礼+{desc}使一个目标解除所有状态。	洗浄+{desc}ターゲット1体のバフ・デバフ効果をすべて取り除く。	Омовение+{desc}Снимает все эффекты с одного противника.
Holy Water	Skill			Water	allies	0	2	Holy Water{desc}Remove half of all conditions from all allies.			1	1	0.5	0	0	0	hpRain			Eau bénite{desc}Supprime la moitié des effets de tous les alliés.	Weihwasser{desc}Halbiere die Effekte der Zustände aller Verbündeten.	Agua Bendita{desc}Elimina la mitad de los estados provocados a todos los aliados.	Água Benta{desc}Remove metade dos efeitos de todos os aliados.	圣水{desc}使所有盟友的所有状态解除一半。	聖水{desc}味方全体のバフ・デバフ効果をすべて半分に減らす。	Святая вода{desc}Снимает половину всех эффектов со всех союзников.
Holy Water+	Skill			Water	allies	0	3	Holy Water+{desc}Remove all conditions from all allies.			0	1	0.3	0	0	0	hpRain			Eau bénite+{desc}Supprime tous les effets de tous les alliés.	Weihwasser+{desc}Entferne alle Zustände aller Verbündeten.	Agua Bendita +{desc}Elimina todos los estados de todos los aliados.	Água Benta+{desc}Remove todos os efeitos de todos os aliados.	圣水+{desc}使所有盟友解除所有状态。	聖水+{desc}味方全体のバフ・デバフ効果をすべて取り除く。	Святая вода+{desc}Снимает все эффекты со всех союзников.
Regen	Skill	power	0.5	Water	ally	1	1	Regen{desc}Apply {cnd} [color=#5343EE]Regen[/color].		Regen	1	1	0.3	0	0	0	cure			Régénération{desc}Applique {cnd} effet(s) [color=#5343EE]Régénération[/color].	Regeneration{desc}Bewirke {cnd} [color=#5343EE]Regeneration[/color].	Regeneración{desc}Provoca {cnd} [color=#5343EE]Regeneración[/color].	Regeneração{desc}Aplica {cnd} [color=#5343EE]Regeneração[/color].	再生{desc}施加{cnd}[color=#5343EE]再生[/color]。	再生{desc}{cnd} [color=#5343EE]再生[/color]を付与する。	Лечение{desc}Добавляет {cnd} [color=#5343EE]Лечения[/color].
Regen+	Skill	power	1	Water	ally	1	2	Regen+{desc}Apply {cnd} [color=#5343EE]Regen[/color].		Regen	0	1	0.5	0	0	0	cure			Régénération+{desc}Applique {cnd} effet(s) [color=#5343EE]Régénération[/color].	Regeneration+{desc}Bewirke {cnd} [color=#5343EE]Regeneration[/color].	Regeneración +{desc}Provoca {cnd} [color=#5343EE]Regeneración[/color].	Regeneração+{desc}Aplica {cnd} [color=#5343EE]Regeneração[/color].	再生+{desc}施加 {cnd} [color=#5343EE]再生[/color]。	再生+{desc}{cnd} [color=#5343EE]再生[/color]を付与する。	Лечение+{desc}Добавляет {cnd} [color=#5343EE]Лечения[/color].
Group Hug	Skill	power	0.5	Water	allies	1	3	Group Hug{desc}Apply {cnd} [color=#5343EE]Regen[/color] to all allies.		Regen	1	1	0.5	0	0	0	cure			Câlin collectif{desc}Applique {cnd} effet(s) [color=#5343EE]Régénération[/color] à tous les alliés.	Gruppenkuscheln{desc}Bewirke {cnd} [color=#5343EE]Regeneration[/color] bei allen Verbündeten.	Abrazo Colectivo{desc}Provoca {cnd} [color=#5343EE]Regeneración[/color] a todos los aliados.	Abraço Coletivo{desc}Aplica {cnd} [color=#5343EE]Regeneração[/color] a todos os aliados.	团队拥抱{desc}对所有盟友施加{cnd}[color=#5343EE]再生[/color]。	集団抱擁{desc}味方全体に{cnd} [color=#5343EE]再生[/color]を付与する。	Групповое объятие{desc}Добавляет {cnd} [color=#5343EE]Лечения[/color] всем союзникам.
Group Hug+	Skill	power	1	Water	allies	1	4	Group Hug+{desc}Apply {cnd} [color=#5343EE]Regen[/color] to all allies.		Regen	0	1	0.5	0	0	0	cure			Câlin collectif+{desc}Applique {cnd} effet(s) [color=#5343EE]Régénération[/color] à tous les alliés.	Gruppenkuscheln+{desc}Bewirke {cnd} [color=#5343EE]Regeneration[/color] bei allen Verbündeten.	Abrazo Colectivo +{desc}Provoca {cnd} [color=#5343EE]Regeneración[/color] a todos los aliados.	Abraço Coletivo+{desc}Aplica {cnd} [color=#5343EE]Regeneração[/color] a todos os aliados.	团队拥抱+{desc}对所有盟友施加 {cnd} [color=#5343EE]再生[/color]。	集団抱擁+{desc}味方全体に{cnd} [color=#5343EE]再生[/color]を付与する。	Групповое объятие+{desc}Добавляет {cnd} [color=#5343EE]Лечения[/color] всем союзникам.
HP Rain	Skill	power	0.5	Water	randomAllies	2	2	HP Rain{desc}Apply {cnd} [color=#5343EE]Regen[/color] to random allies three times.		Regen*3	1	1	0.5	0	0	0	hpRain			Pluie vivifiante{desc}Applique {cnd} effet(s) [color=#5343EE]Régénération[/color] à 3 reprises à des alliés aléatoires.	Heilender Regen{desc}Bewirke dreimal {cnd} [color=#5343EE]Regeneration[/color] bei zufälligen Verbündeten.	Lluvia de PS{desc}Provoca {cnd} [color=#5343EE]Regeneración[/color] tres veces a aliados al azar.	Chuva de PV{desc}Aplica {cnd} [color=#5343EE]Regeneração[/color] a aliados aleatórios três vezes.	生命值雨{desc}对随机盟友施加 3 次{cnd}[color=#5343EE]再生[/color]。	いやしの雨{desc}ランダムな味方に3回、{cnd} [color=#5343EE]再生[/color]を付与する。	Лечебный ливень{desc}Добавляет {cnd} [color=#5343EE]Лечения[/color] случайным союзникам три раза.
HP Rain+	Skill	power	0.5	Water	randomAllies	2	3	HP Rain+{desc}Apply {cnd} [color=#5343EE]Regen[/color] to random allies five times.		Regen*5	0	1	0.3	0	0	0	hpRain			Pluie vivifiante+{desc}Applique {cnd} effet(s) [color=#5343EE]Régénération[/color] à 5 reprises à des alliés aléatoires.	Heilender Regen+{desc}Bewirke fünfmal {cnd} [color=#5343EE]Regeneration[/color] bei zufälligen Verbündeten.	Lluvia de PS +{desc}Provoca {cnd} [color=#5343EE]Regeneración[/color] cinco veces a aliados al azar.	Chuva de PV+{desc}Aplica {cnd} [color=#5343EE]Regeneração[/color] a aliados aleatórios cinco vezes.	生命值雨+{desc}对随机盟友施加 5 次 {cnd} [color=#5343EE]再生[/color]。	いやしの雨+{desc}ランダムな味方に5回、{cnd} [color=#5344EE]再生[/color]を付与する。	Лечебный ливень+{desc}Добавляет {cnd} [color=#5343EE]Лечения[/color] случайным союзникам пять раз.
Life Pool	Skill			Water	anyone	2	2	Life Pool{desc}Pool your HP with target and divide it equally between both.			1	1	0.5	1	0	0	blueBolt			Répartition{desc}Cumule les PV du lanceur et de la cible. Ils sont ensuite divisés de façon égale entre eux deux.	Reservoir des Lebens{desc}Lege deine verbleibenden LP mit den verbleibenden LP des Ziels zusammen und teile sie gleichmäßig auf.	Estanque Vital{desc}Agrupa tus PS con los del objetivo para después dividirlos en partes iguales entre los dos.	Fonte da Vida{desc}Soma o seu PV com o do alvo e divide o resultado igualmente entre ambos.	生命池{desc}将你与目标的生命值合并，然后在你们两者之间平均分配。	ライフプール{desc}自分の残りHPをターゲットと共有し、平等にわける。	Фонд Жизни{desc}Суммирует ваше здоровье с здоровьем противника и делит его поровну между обоими.
Life Pool+	Skill			Water	all	2	2	Life Pool+{desc}Pool your HP with everyone divide it equally between all.			0	1	0.5	1	0	0	blueBolt			Répartition+{desc}Cumule les PV du lanceur et des autres esprits. Ils sont ensuite divisés de façon égale entre tout le monde.	Reservoir des Lebens+{desc}Lege deine verbleibenden LP mit den verbleibenden LP aller zusammen und teile sie gleichmäßig auf.	Estanque Vital +{desc}Agrupa tus PS con los de todos para después dividirlos en partes iguales.	Fonte da Vida+{desc}Soma o seu PV com o de todos e divide o resultado igualmente entre todos.	生命池+{desc}将你与所有人的生命值合并，然后在所有人之间平均分配。	ライフプール+{desc}自分の残りHPをターゲットと共有し、平等にわける。	Фонд Жизни+{desc}Суммирует ваше здоровье со всеми и делит его поровну между всеми.
Hydromancy	Skill			Water	allies	3	2	Hydromancy{desc}Upgrade all cards in your hand for the rest of combat. 			1	1	0.5	1	0	0	shine			Hydromancie{desc}Améliore toutes les cartes de ta main pour le reste du combat.	Wasserorakel{desc}Verbessere alle Karten in deiner Hand für den Rest des Kampfs.	Hidromancia{desc}Mejora todas las cartas de tu mano para el resto del combate.	Hidromancia{desc}Melhora todas as cartas da sua mão pelo resto do combate.	水卜{desc}升级你手中的所有卡牌，持续到战斗结束。	水占い{desc}ターンの終わりまで、手札のカードをすべてアップグレードする。	Гидромантия{desc}Улучшает все карты в вашей руке до конца боя.
Hydromancy+	Skill			Water	allies	3	3	Hydromancy+{desc}Upgrade all cards in your deck for the rest of combat. 			0	1	0.3	1	0	0	shine			Hydromancie+{desc}Améliore toutes les cartes de ton deck pour le reste du combat.	Wasserorakel+{desc}Verbessere alle Karten in deinem Deck für den Rest des Kampfs.	Hidromancia +{desc}Mejora todas las cartas de tu mazo para el resto del combate.	Hidromancia+{desc}Melhora todas as cartas do seu baralho pelo resto do combate.	水卜+{desc}升级你卡组中的所有卡牌，持续到战斗结束。	水占い+{desc}ターンの終わりまで、手札のカードをすべてアップグレードする。	Гидромантия+{desc}Улучшает все карты в вашей колоде до конца боя.
Big Big Hug	Skill	power	3	Water	allies	2	5	Big Big Hug{desc}Apply {cnd} [color=#5343EE]Regen[/color] to all allies. 		Regen	0	1	0.5	1	0	0	cure			Gros câlin{desc}Applique {cnd} effet(s) [color=#5343EE]Régénération[/color] à tous les alliés.	Große Umarmung{desc}Bewirke {cnd} [color=#5343EE]Regeneration[/color] bei allen Verbündeten.	Fuerte Abrazo{desc}Provoca {cnd} [color=#5343EE]Regeneración[/color] a todos los aliados.	Abraçãozão{desc}Aplica {cnd} [color=#5343EE]Regeneração[/color] a todos os aliados.	大大的拥抱{desc}对所有盟友施加{cnd}[color=#5343EE]再生[/color]。	超力強いハグ{desc}味方全体に{cnd} [color=#5343EE]再生[/color]を付与する。	Жаркие объятия{desc}Добавляет {cnd} [color=#5343EE]Здоровья[/color] всем союзникам.
																										
								// Shop-only cards																		
Water Wall	Attack	armor	1	Water	opponent	1	21	Water Wall{desc}Deal damage equal to your Armor.	Water		1	0	2	0	0	0	blueBolt			Mur d'eau{desc}Inflige des dégâts égaux à l'armure de l'esprit.	Wasserwand{desc}Verursache Schaden in Höhe deiner Rüstung.	Muro de Agua{desc}Inflige una cantidad de daño igual a tus puntos de Armadura.	Muro Aquático{desc}Causa dano igual à sua armadura.	水墙{desc}造成等量于你防御值的水系伤害。	水の壁{desc}自分のアーマーに相当するみずダメージを与える。	Стена воды{desc}Наносит урон, равный вашей броне.
Water Wall+	Attack	armor	2	Water	opponent	1	22	Water Wall+{desc}Deal damage equal to double your Armor.	Water		0	0	2	0	0	0	blueBolt			Mur d'eau+{desc}Inflige des dégâts égaux au double de l'armure de l'esprit.	Wasserwand+{desc}Verursache Schaden in doppelter Höhe deiner Rüstung.	Muro de Agua+{desc}Inflige una cantidad de daño igual al doble de tus puntos de Armadura.	Muro Aquático+{desc}Causa dano igual ao dobro da sua armadura.	水墙＋{desc}造成双倍于你防御值的水系伤害。	水の壁+{desc}自分のアーマーの2倍に相当するみずダメージを与える。	Стена воды+{desc}Наносит урон, равный удвоенной вашей броне.
Water Wheel	Skill	power	1	Water	opponent	2	21	Water Wheel{desc}Deal {dmg} damage multiplied by the number of enemies in combat	Water		1	0	2	0	0	0	water			Roue aquatique{desc}Inflige {dmg} point(s) de dégâts multipliés par le nombre d'ennemis au combat.	Wasserrad{desc}Verursache {dmg} Schaden multipliziert mit der Anzahl der Gegner im Kampf.	Molino{desc}Inflige {dmg} punto(s) de daño multiplicados por el número de enemigos en combate.	Roda Aquática{desc}Causa {dmg} de dano multiplicado pelo número de inimigos em combate.	水车{desc}造成{dmg}点水系伤害乘以战斗中的敌方单位数量	水の輪{desc}{dmg}×戦っている敵の数のみずダメージを与える。	Водоворот{desc}Наносит {dmg} урона, умноженное на количество врагов в бою.
Water Wheel+	Skill	power	1.5	Water	opponent	2	22	Water Wheel+{desc}Deal {dmg} damage multiplied by the number of enemies in combat	Water		0	0	2	0	0	0	water			Roue aquatique+{desc}Inflige {dmg} point(s) de dégâts multipliés par le nombre d'ennemis au combat.	Wasserrad+{desc}Verursache {dmg} Schaden multipliziert mit der Anzahl der Gegner im Kampf.	Molino+{desc}Inflige {dmg} punto(s) de daño multiplicados por el número de enemigos en combate.	Roda Aquática+{desc}Causa {dmg} de dano multiplicado pelo número de inimigos em combate.	水车+{desc}造成{dmg}点水系伤害乘以战斗中的敌方单位数量	水の輪+{desc}{dmg}×戦っている敵の数のみずダメージを与える。	Водоворот+{desc}Наносит {dmg} урона, умноженное на количество врагов в бою.
																										
																										
																										
																										
																										
																										
																										
																										
																										
																										
																										
																										
																										
																										
																										
																										
																										
																										
																										
																										
																										
																										
																										
																										
																										
																										
																										
																										
																										
																										
																										
																										

	type	stat	multiplier	element	target	playerCost	rarity	EN	damage	condition	upgradeable	AI	weight	exhaust	retain	armor	gfx	draw	energy_gain	FR	DE	ES	BR	CN	JP	
																										
																										
Poison	Skill	power	0.5	Poison	opponent	1	1	Poison{desc}Apply {cnd} [color=#5343EE]Poison[/color].		Poison	1	1	0.5	0	0	0	poison			Poison{desc}Applique {cnd} effet(s) [color=#5343EE]Poison[/color].	Gift{desc}Bewirke {cnd} [color=#5343EE]Gift[/color].	Veneno{desc}Provoca {cnd} [color=#5343EE]Veneno[/color].	Veneno{desc}Aplica {cnd} [color=#5343EE]Veneno[/color].	中毒{desc}施加{cnd} [color=#5343EE]中毒[/color]。	毒{desc}{cnd} [color=#5343EE]毒[/color]を付与する。	Яд{desc}Добавляет {cnd} [color=#5343EE]Яда[/color].
Poison+	Skill	power	1	Poison	opponent	1	2	Poison+{desc}Apply {cnd} [color=#5343EE]Poison[/color].		Poison	0	1	0.5	0	0	0	poison			Poison+{desc}Applique {cnd} effet(s) [color=#5343EE]Poison[/color].	Gift+{desc}Bewirke {cnd} [color=#5343EE]Gift[/color].	Veneno +{desc}Provoca {cnd} [color=#5343EE]Veneno[/color].	Veneno+{desc}Aplica {cnd} [color=#5343EE]Veneno[/color].	中毒+{desc}施加 {cnd} [color=#5343EE]中毒[/color]。	毒+{desc}{cnd} [color=#5343EE]毒[/color]を付与する。	Яд+{desc}Добавляет {cnd} [color=#5343EE]Яда[/color].
Spore	Skill	power	0.5	Poison	opponents	2	2	Spore{desc}Apply {cnd} [color=#5343EE]Poison[/color] to all enemies.		Poison	1	1	0.5	0	0	0	poison			Spore{desc}Applique {cnd} effet(s) [color=#5343EE]Poison[/color] à tous les ennemis.	Sporen{desc}Bewirke {cnd} [color=#5343EE]Gift[/color] bei allen Gegnern.	Espora{desc}Provoca {cnd} [color=#5343EE]Veneno[/color] a todos los enemigos.	Esporo{desc}Aplica {cnd} [color=#5343EE]Veneno[/color] a todos os inimigos.	孢子{desc}对所有敌人施加{cnd} [color=#5343EE]中毒[/color]。	胞子{desc}敵全体に{cnd} [color=#5343EE]毒[/color]を付与する。	Споры{desc}Добавляет {cnd} [color=#5343EE]Яда[/color] ко всем врагам.
Spore+	Skill	power	1	Poison	opponents	2	3	Spore+{desc}Apply {cnd} [color=#5343EE]Poison[/color] to all enemies.		Poison	0	1	0.5	0	0	0	poison			Spore+{desc}Applique {cnd} effet(s) [color=#5343EE]Poison[/color] à tous les ennemis.	Sporen+{desc}Bewirke {cnd} [color=#5343EE]Gift[/color] bei allen Gegnern.	Espora +{desc}Provoca {cnd} [color=#5343EE]Veneno[/color] a todos los enemigos.	Esporo+{desc}Aplica {cnd} [color=#5343EE]Veneno[/color] a todos os inimigos.	孢子+{desc}对所有敌人 {cnd} [color=#5343EE]中毒[/color]。	胞子+{desc}敵全体に{cnd} [color=#5343EE]毒[/color]を付与する。	Споры+{desc}Добавляет {cnd} [color=#5343EE]Яда[/color] ко всем врагам.
Reckless Gas	Skill	power	0.5	Poison	randomOpponents	1	3	Reckless Gas{desc}Apply {cnd} [color=#5343EE]Poison[/color] to random enemies three times.		Poison*3	1	1	0.5	0	0	0	poison			Gaz mortel{desc}Applique {cnd} effet(s) [color=#5343EE]Poison[/color] à 3 reprises à des ennemis aléatoires.	Tödliche Gase{desc}Bewirke dreimal {cnd} [color=#5343EE]Gift[/color] bei zufälligen Gegnern.	Gas Temerario{desc}Provoca {cnd} [color=#5343EE]Veneno[/color] a enemigos al azar tres veces.	Gás Imprudente{desc}Aplica {cnd} [color=#5343EE]Veneno[/color] três vezes a inimigos aleatórios.	鲁莽毒气{desc}对随机敌人施加 3 次{cnd} [color=#5343EE]中毒[/color]。	危険なガス{desc}ランダムな敵に3回、{cnd} [color=#5343EE]毒[/color]を付与する。	Веселящий газ{desc}Добавляет {cnd} [color=#5343EE]Яда[/color] случайным врагам три раза.
Reckless Gas+	Skill	power	0.5	Poison	randomOpponents	1	4	Reckless Gas+{desc}Apply {cnd} [color=#5343EE]Poison[/color] to random enemies four times.		Poison*4	0	1	0.5	0	0	0	poison			Gaz mortel+{desc}Applique {cnd} effet(s) [color=#5343EE]Poison[/color] à 4 reprises à des ennemis aléatoires.	Tödliche Gase+{desc}Bewirke viermal {cnd} [color=#5343EE]Gift[/color] bei zufälligen Gegnern.	Gas Temerario +{desc}Provoca {cnd} [color=#5343EE]Veneno[/color] a enemigos al azar cuatro veces.	Gás Imprudente+{desc}Aplica {cnd} [color=#5343EE]Veneno[/color] quatro vezes a inimigos aleatórios.	鲁莽毒气+{desc}对随机敌人施加 4 次 {cnd} [color=#5343EE]中毒[/color]。	危険なガス+{desc}ランダムな敵に4回、[color=#5343EE]毒[/color]を{cnd}付与する。	Веселящий газ+{desc}Добавляет {cnd} [color=#5343EE]Яда[/color] случайным врагам четыре раза.
Tangle	Skill			Poison	opponent	1	1	Tangle{desc}Apply 1 Tangle.		Tangle:1	1	1	0.5	0	0	0	tangle			Enchevêtrement{desc}Applique 1 effet Enchevêtrement.	Fessel{desc}Bewirke 1 Fessel.	Atadura{desc}Provoca 1 acumulación de Atadura.	Emaranhado{desc}Aplica 1 de Emaranhado.	纠缠{desc}施加 1 点纠缠。	混乱{desc}混乱を1付与する。	Путы{desc}Добавляет 1 Путы.
Tangle+	Skill			Poison	opponent	1	2	Tangle+{desc}Apply 2 Tangle.		Tangle:2	0	1	0.5	0	0	0	tangle			Enchevêtrement+{desc}Applique 2 effets Enchevêtrement.	Fessel+{desc}Bewirke 2 Fessel.	Atadura +{desc}Provoca 2 acumulaciones de Atadura.	Emaranhado+{desc}Aplica 2 de Emaranhado.	纠缠+{desc}施加 2 点纠缠。	混乱+{desc}混乱を2付与する。	Путы+{desc}Применяет 2 Путы.
Accelerant	Skill			Poison	opponent	1	2	Accelerant{desc}Double target's Poison. 			1	1	0.5	1	0	0	greenBall			Accélérateur{desc}Double le nombre d'effets Poison de la cible.	Beschleuniger{desc}Verdopple das Gift des Ziels.	Acelerante{desc}Duplica el Veneno del objetivo.	Acelerador{desc}Duplica o Veneno do alvo.	加速剂{desc}使目标的中毒效果加倍。	加速{desc}ターゲットの毒が2倍になる。	Катализатор{desc}Удваивает Яд противника.
Accelerant+	Skill			Poison	opponent	1	3	Accelerant+{desc}Triple target's Poison. 			0	1	0.5	1	0	0	greenBall			Accélérateur+{desc}Triple le nombre d'effets Poison de la cible.	Beschleuniger+{desc}Verdreifache das Gift des Ziels.	Acelerante +{desc}Triplica el Veneno del objetivo.	Acelerador+{desc}Triplica o Veneno do alvo.	加速剂+{desc}使目标的中毒效果变为三倍。	加速+{desc}ターゲットの毒が3倍になる。	Катализатор+{desc}Утраивает Яд противника.
Poison Leaf	Attack	power	0.5	Poison	opponent	2	2	Poison Leaf{desc}Deal {dmg} Poison damage. ^Apply {cnd} [color=#5343EE]Poison[/color]. ^Remove 1 Armor.	Poison	Poison	1	1	1	0	0	1	poisonClaw			Feuille empoisonnée{desc}Inflige {dmg} point(s) de dégâts de poison. ^Applique {cnd} effet(s) [color=#5343EE]Poison[/color]. ^Réduit l'armure de 1.	Giftiges Blatt{desc}Verursache {dmg} Giftschaden. ^Bewirke {cnd} [color=#5343EE]Gift[/color]. ^Entferne 1 Rüstung.	Hoja Envenenada{desc}Inflige {dmg} punto(s) de daño de veneno.^Provoca {cnd} [color=#5343EE]Veneno[/color]. ^Elimina 1 punto de Armadura.	Folha Venenosa{desc}Causa {dmg} de dano de Veneno. ^Aplica {cnd} [color=#5343EE]Veneno[/color]. ^Remove 1 de Armadura.	毒叶{desc}造成{dmg}点中毒伤害。^施加{cnd} [color=#5343EE]中毒[/color]。^解除 1 点防御。	有毒植物{desc}{dmg}毒ダメージを与える。^{cnd} [color=#5343EE]毒[/color]を付与する。^アーマーを1減らす。	Ядовитый лист{desc}Наносит {dmg} ядовитого урона.^Добавляет {cnd} [color=#5343EE]Яда[/color]. ^Снимает 1 броню.
Poison Leaf+	Attack	power	0.5	Poison	opponent	2	3	Poison Leaf+{desc}Deal {dmg} Poison damage. ^Apply {cnd} [color=#5343EE]Poison[/color]. ^Remove 2 Armor.	Poison	Poison	0	1	1	0	0	2	poisonClaw			Feuille empoisonnée+{desc}Inflige {dmg} point(s) de dégâts de poison. ^Applique {cnd} effet(s) [color=#5343EE]Poison[/color]. ^Réduit l'armure de 2.	Giftiges Blatt+{desc}Verursache {dmg} Giftschaden. ^Bewirke {cnd} [color=#5343EE]Gift[/color]. ^Entferne 2 Rüstung.	Hoja Envenenada +{desc}Inflige {dmg} punto(s) de daño de veneno.^Provoca {cnd} [color=#5343EE]Veneno[/color]. ^Elimina 2 puntos de Armadura.	Folha Venenosa+{desc}Causa {dmg} de dano de Veneno. ^Aplica {cnd} [color=#5343EE]Veneno[/color]. ^Remove 2 de Armadura.	毒叶+{desc}造成 {dmg} 点中毒伤害。^施加 {cnd} [color=#5343EE]中毒[/color]。^解除 2 点防御。	有毒植物+{desc}{dmg}毒ダメージを与える。^{cnd}[color=#5343EE]毒[/color]を付与する。^アーマーを2減らす。	Ядовитый лист+{desc}Наносит {dmg} ядовитого урона.^Добавляет {cnd} [color=#5343EE]Яда[/color]. ^Снимает 2 брони.
Poison Whip	Attack	power	1	Poison	opponent	2	2	Poison Whip{desc}Deal {dmg} Poison damage. ^Apply 1 Tangle. ^Draw one card.	Poison	Tangle:1	1	1	1	0	0	0	poisonClaw	1		Fouet empoisonné{desc}Inflige {dmg} point(s) de dégâts de poison. ^Applique 1 effet Enchevêtrement. ^Pioche une carte.	Giftpeitsche{desc}Verursache {dmg} Giftschaden. ^Bewirke 1 Fessel. ^Ziehe 1 Karte.	Látigo Venenoso{desc}Inflige {dmg} punto(s) de daño de veneno.^Provoca 1 acumulación de Atadura.^Roba una carta.	Chicote Venenoso{desc}Causa {dmg} de dano de Veneno. ^Aplica 1 de Emaranhado. ^Compra uma carta.	毒鞭{desc}造成{dmg}中毒伤害。^施加 1 点纠缠。^抽 1 张牌。	毒のムチ{desc}{dmg}毒ダメージを与える。^混乱を1付与する。^カードを1枚引く。	Ядовитый кнут{desc}Наносит {dmg} ядовитого урона.^Добавляет 1 Путы. ^Получает одну карту.
Poison Whip+	Attack	power	1	Poison	opponent	2	3	Poison Whip+{desc}Deal {dmg} Poison damage. ^Apply 2 Tangle. ^Draw two cards.	Poison	Tangle:2	0	1	1	0	0	0	poisonClaw	2		Fouet empoisonné+{desc}Inflige {dmg} point(s) de dégâts de poison. ^Applique 2 effets Enchevêtrement. ^Pioche 2 cartes.	Giftpeitsche+{desc}Verursache {dmg} Giftschaden. ^Bewirke 2 Fessel. ^Ziehe 2 Karten.	Látigo Venenoso +{desc}Inflige {dmg} punto(s) de daño de veneno.^Provoca 2 acumulaciones de Atadura.^Roba dos cartas.	Chicote Venenoso+{desc}Causa {dmg} de dano de Veneno. ^Aplica 2 de Emaranhado. ^Compra duas cartas.	毒鞭+{desc}造成 {dmg} 点中毒伤害。施加 2 点纠缠。^抽 2 张牌。	毒のムチ+{desc}{dmg}毒ダメージを与える。^混乱を2付与する。^カードを2枚引く。	Ядовитый кнут+{desc}Наносит {dmg} ядовитого урона.^Добавляет 2 Путы. ^Получает две карты.
Venom Vine	Skill			Poison	opponent	2	3	Venom Vine{desc}Apply 3 [color=#5343EE]Poison[/color] & [color=#5343EE]Tangle[/color]. ^Remove 3 Armor.		Poison:3,Tangle:3	1	1	0.5	0	0	3	poisonClaw			Liane vénéneuse{desc}Applique 3 effets [color=#5343EE]Poison[/color] et [color=#5343EE]Enchevêtrement[/color]. ^Réduit l'armure de 3.	Giftranken{desc}Bewirke 3 [color=#5343EE]Gift[/color] & [color=#5343EE]Fessel[/color]. ^Entferne 3 Rüstung.	Vid Venenosa{desc}Provoca 3 acumulaciones de [color=#5343EE]Veneno[/color] y [color=#5343EE]Atadura[/color].^Elimina 3 puntos de Armadura.	Videira Venenosa{desc}Aplica 3 de [color=#5343EE]Veneno[/color] e de [color=#5343EE]Emaranhado[/color]. ^Remove 3 de Armadura.	毒藤{desc}施加 3 点[color=#5343EE]中毒[/color]和[color=#5343EE]纠缠[/color]。^解除 3 点防御。	毒のツル{desc}[color=#5343EE]毒[/color]と[color=#5343EE]混乱[/color]を3ずつ付与する。^アーマーを3減らす。	Ядовитая лоза{desc}Добавляет 3 [color=#5343EE]Яда[/color] и [color=#5343EE]Путы[/color].^Снимает 3 брони.
Venom Vine+	Skill			Poison	opponent	2	4	Venom Vine+{desc}Apply 5 [color=#5343EE]Poison[/color] & [color=#5343EE]Tangle[/color]. ^Remove 5 Armor.		Poison:5,Tangle:5	0	1	0.5	0	0	5	poisonClaw			Liane vénéneuse+{desc}Applique 5 effets [color=#5343EE]Poison[/color] et [color=#5343EE]Enchevêtrement[/color]. ^Réduit l'armure de 5.	Giftranken+{desc}Bewirke 5 [color=#5343EE]Gift[/color] & [color=#5343EE]Fessel[/color]. ^Entferne 5 Rüstung.	Vid Venenosa +{desc}Provoca 5 acumulaciones de [color=#5343EE]Veneno[/color] y [color=#5343EE]Atadura[/color].^Elimina 5 puntos de Armadura.	Videira Venenosa+{desc}Aplica 5 de [color=#5343EE]Veneno[/color] e de [color=#5343EE]Emaranhado[/color]. ^Remove 5 de Armadura.	毒藤+{desc}施加 5 点[color=#5343EE]中毒[/color]和[color=#5343EE]纠缠[/color]。^解除 5 点防御。	毒のツル+{desc}[color=#5343EE]毒[/color]と[color=#5343EE]混乱[/color]を5ずつ付与する。^アーマーを5減らす。	Ядовитая лоза+{desc}Добавляет 5 [color=#5343EE]Яда[/color] и [color=#5343EE]Путы[/color].^Снимает 5 брони.
Siphon	Skill			Poison	anyone	0	2	Siphon{desc}Remove half of target's [color=#5343EE]Poison[/color]. ^Regain that much HP.			1	0	0.5	0	0	0	greenTornado			Siphon{desc}Supprime la moitié des effets [color=#5343EE]Poison[/color] de la cible. ^Récupère des PV équivalents à ce montant.	Entgiftung{desc}Entferne die Hälfte des [color=#5343EE]Gifts[/color] vom Ziel. ^Erhalte entsprechend viele LP.	Sifón{desc}Elimina la mitad de [color=#5343EE]Veneno[/color] del objetivo.^Recuperas esa misma cantidad en forma de PS.	Sifão{desc}Remove metade do [color=#5343EE]Veneno[/color] do alvo. ^Recupera a mesma quantidade em PV.	虹吸{desc}解除目标一半的[color=#5343EE]中毒[/color]。^恢复相同数量的生命值。	吸い上げ{desc}ターゲットの[color=#5343EE]毒[/color]を半分に減らす。^同量のHPを回復する。	Вытягивание{desc}Снимает половину [color=#5343EE]Яда[/color] у противника.^Восстанавливает столько же здоровья.
Siphon+	Skill			Poison	anyone	0	3	Siphon+{desc}Remove all of target's [color=#5343EE]Poison[/color]. ^Regain that much HP.			0	0	0.5	0	0	0	greenTornado			Siphon+{desc}Supprime tous les effets [color=#5343EE]Poison[/color] de la cible. ^Récupère des PV équivalents à ce montant.	Entgiftung+{desc}Entferne sämtliches [color=#5343EE]Gift[/color] vom Ziel. ^Erhalte entsprechend viele LP.	Sifón +{desc}Elimina todo el [color=#5343EE]Veneno[/color] del objetivo.^Recuperas esa misma cantidad en forma de PS.	Sifão+{desc}Remove todo o [color=#5343EE]Veneno[/color] do alvo. ^Recupera a mesma quantidade em PV.	虹吸+{desc}解除目标所有的[color=#5343EE]中毒[/color]。^恢复相同数量的生命值。	吸い上げ{desc}ターゲットの[color=#5343EE]毒[/color]をすべて減らす。^同量のHPを回復する。	Вытягивание+{desc}Снимает весь [color=#5343EE]Яд[/color] у противника.^Восстанавливает столько же здоровья.
Bane	Skill			Poison	player	0	3	Bane{desc}If there's just one enemy on the field, gain 1 Energy.			1	0	0.5	0	0	0	greenSplash			Fléau{desc}S'il n'y a qu'un seul ennemi sur le champ de bataille, tu gagnes 1 point d'énergie.	Verderben{desc}Wenn nur 1 Gegner auf dem Feld ist, erhalte 1 Energie.	Flagelo{desc}Si solo queda un enemigo, obtienes 1 punto de energía.	Ruína{desc}Se houver apenas um inimigo no campo, recebe 1 de Energia.	灾星{desc}如果场上只有一个敌人，获得 1 点能源。	破滅{desc}場にいる敵が1体だけの場合、エネルギーを1獲得する。	Пагуба{desc}Если на поле только один враг, получите 1 энергию.
Bane+	Skill			Poison	player	0	4	Bane+{desc}If there's just one enemy on the field, gain 2 Energy.			0	0	0.5	0	0	0	greenSplash			Fléau+{desc}S'il n'y a qu'un seul ennemi sur le champ de bataille, tu gagnes 2 points d'énergie.	Verderben+{desc}Wenn nur 1 Gegner auf dem Feld ist, erhalte 2 Energie.	Flagelo +{desc}Si solo queda un enemigo, obtienes 2 puntos de energía.	Ruína+{desc}Se houver apenas um inimigo no campo, recebe 2 de Energia.	灾星+{desc}如果场上只有一个敌人，获得 2 点能源。	破滅+{desc}場にいる敵が1体だけの場合、エネルギーを2獲得する。	Пагуба+{desc}Если на поле только один враг, получите 2 энергии.
Blight	Attack	power	0.5	Poison	opponent	1	1	Blight{desc}Deal {dmg} Poison damage. If target is weak to this attack, Apply {cnd} [color=#5343EE]Poison[/color].	Poison	Poison	1	1	2	0	0	0	greenSplat			Contamination{desc}Inflige {dmg} point(s) de dégâts de poison. Si la cible est vulnérable à cette attaque, applique {cnd} effet(s) [color=#5343EE]Poison[/color].	Gifthauch{desc}Verursache {dmg} Giftschaden. Wenn das Ziel gegen Giftschaden anfällig ist, bewirke {cnd} [color=#5343EE]Gift[/color].	Calamidad{desc}Inflige {dmg} punto(s) de daño de veneno. Si el objetivo es débil a este tipo de ataques, provoca {cnd} [color=#5343EE]Veneno[/color].	Flagelo{desc}Causa {dmg} de dano de Veneno. Se o alvo for fraco a esse tipo de ataque, aplica {cnd} [color=#5343EE]Veneno[/color].	疫腐病{desc}造成{dmg}点中毒伤害。如果目标抵挡此攻击的能力较弱，则施加{cnd} [color=#5343EE]中毒[/color]。	植物病{desc}{dmg}毒ダメージを与える。ターゲットの弱点が毒の場合、{cnd} [color=#5343EE]毒[/color]を付与する。	Скверна{desc}Наносит {dmg} ядовитого урона. Если противник уязвим к этой атаке, добавляет {cnd} [color=#5343EE]Яда[/color].
Blight+	Attack	power	1	Poison	opponent	1	2	Blight+{desc}Deal {dmg} Poison damage. If target is weak to this attack, Apply {cnd} [color=#5343EE]Poison[/color].	Poison	Poison	0	1	1.5	0	0	0	greenSplat			Contamination+{desc}Inflige {dmg} point(s) de dégâts de poison. Si la cible est vulnérable à cette attaque, applique {cnd} effet(s) [color=#5343EE]Poison[/color].	Gifthauch+{desc}Verursache {dmg} Giftschaden. Wenn das Ziel gegen Giftschaden anfällig ist, bewirke {cnd} [color=#5343EE]Gift[/color].	Calamidad +{desc}Inflige {dmg} punto(s) de daño de veneno. Si el objetivo es débil a este tipo de ataques, provoca {cnd} [color=#5343EE]Veneno[/color].	Flagelo+{desc}Causa {dmg} de dano de Veneno. Se o alvo for fraco a esse tipo de ataque, aplica {cnd} [color=#5343EE]Veneno[/color].	疫腐病+{desc}造成 {dmg} 点中毒伤害。如果目标抵挡此攻击的能力较弱，则施加 {cnd} [color=#5343EE]中毒[/color]。	植物病+{desc}{dmg}毒ダメージを与える。ターゲットの弱点が毒の場合、{cnd} [color=#5343EE]毒[/color]を付与する。	Скверна+{desc}Наносит {dmg} ядовитого урона. Если противник уязвим к этой атаке, добавляет {cnd} [color=#5343EE]Яда[/color].
Purify Poison	Skill			Poison	opponent	2	5	Purify Poison{desc}Octuple target's [color=#5343EE]Poison[/color]. 			0	1	0.5	1	0	0	greenBall			Poison purificateur[/color]{desc}Multiplie par 8 le nombre d'effets [color=#5343EE]Poison[/color] de la cible.	Konzentriertes Gift{desc}Verachtfache das [color=#5343EE]Gift[/color] des Ziels.	Veneno Purificador{desc}Multiplica el [color=#5343EE]Veneno[/color] del objetivo por ocho.	Purificar Veneno[/color]{desc}Octuplica o [color=#5343EE]Veneno[/color] do alvo.	精炼毒药[/color]{desc}将目标的[color=#5343EE]中毒[/color]效果增加 8 倍。	劇毒[/color]{desc}ターゲットの[color=#5343EE]毒[/color]が8倍になる。	Яд-концентрат{desc}Увеличивает [color=#5343EE]Яд[/color] противника в восемь раз.
Thorn Trap	Attack	power	1	Poison	opponent	2	3	Thorn Trap{desc}Deal {dmg} Poison damage. ^Draw two cards.	Poison		1	1	1	0	0	0	poison	2		Piège épineux{desc}Inflige {dmg} point(s) de dégâts de poison. ^Pioche 2 cartes.	Dornenfalle{desc}Verursache {dmg} Giftschaden. ^Ziehe 2 Karten.	Trampa Espinosa{desc}Inflige {dmg} punto(s) de daño de veneno.^Roba dos cartas.	Armadilha de Espinhos{desc}Causa {dmg} de dano de Veneno. ^Compra duas cartas.	荆棘陷阱{desc}造成{dmg}点中毒伤害。^抽 2 张牌。	トゲのワナ{desc}{dmg}毒ダメージを与える。^カードを2枚引く。	Тернии{desc}Наносит {dmg} ядовитого урона.^Получите две карты.
Thorn Trap+	Attack	power	1.5	Poison	opponent	2	4	Thorn Trap+{desc}Deal {dmg} Poison damage. ^Draw three cards.	Poison		0	0	1	0	0	0	poison	3		Piège épineux+{desc}Inflige {dmg} point(s) de dégâts de poison. ^Pioche 3 cartes.	Dornenfalle+{desc}Verursache {dmg} Giftschaden. ^Ziehe 3 Karten.	Trampa Espinosa +{desc}Inflige {dmg} punto(s) de daño de veneno.^Roba tres cartas.	Armadilha de Espinhos+{desc}Causa {dmg} de dano de Veneno. ^Compra três cartas.	荆棘陷阱+{desc}造成 {dmg} 点中毒伤害。^抽 3 张牌。	トゲのワナ+{desc}{dmg}毒ダメージを与える。^カードを3枚引く。	Тернии+{desc}Наносит {dmg} ядовитого урона.^Получите три карты.
Potent Pollen	Attack	power	0.5	Poison	opponent	2	1	Potent Pollen{desc}Deal {dmg} Poison damage. ^Apply {cnd} [color=#5343EE]Poison[/color].	Poison	Poison*1	1	1	2	0	1	0	poison			Puissant pollen{desc}Inflige {dmg} point(s) de dégâts de poison. ^Applique {cnd} effet(s) [color=#5343EE]Poison[/color].	Starke Pollen{desc}Verursache {dmg} Giftschaden. ^Bewirke {cnd} [color=#5343EE]Gift[/color].	Polen Potente{desc}Inflige {dmg} punto(s) de daño de veneno.^Provoca {cnd} [color=#5343EE]Veneno[/color].	Pólen Potente{desc}Causa {dmg} de dano de Veneno. ^Aplica {cnd} [color=#5343EE]Veneno[/color].	强效花粉{desc}造成{dmg}点中毒伤害。^施加{cnd} [color=#5343EE]中毒[/color]。	強力な花粉{desc}{dmg}毒ダメージを与える。^{cnd} [color=#5343EE]毒[/color]を付与する。	Едкая пыльца{desc}Наносит {dmg} ядовитого урона.^Добавляет {cnd} [color=#5343EE]Яда[/color].
Potent Pollen+	Attack	power	1	Poison	opponent	2	2	Potent Pollen+{desc}Deal {dmg} Poison damage. ^Apply {cnd} [color=#5343EE]Poison[/color].	Poison	Poison*1	0	0	1.5	0	1	0	poison			Puissant pollen+{desc}Inflige {dmg} point(s) de dégâts de poison. ^Applique {cnd} effet(s) [color=#5343EE]Poison[/color].	Starke Pollen+{desc}Verursache {dmg} Giftschaden. ^Bewirke {cnd} [color=#5343EE]Gift[/color].	Polen Potente +{desc}Inflige {dmg} punto(s) de daño de veneno.^Provoca {cnd} [color=#5343EE]Veneno[/color].	Pólen Potente+{desc}Causa {dmg} de dano de Veneno. ^Aplica {cnd} [color=#5343EE]Veneno[/color].	强效花粉+{desc}造成 {dmg} 点中毒伤害。^施加 {cnd} [color=#5343EE]中毒[/color]。	強力な花粉+{desc}{dmg}毒ダメージを与える。^{cnd} [color=#5343EE]毒[/color]を付与する。	Едкая пыльца+{desc}Наносит {dmg} ядовитого урона.^Добавляет {cnd} [color=#5343EE]Яда[/color].
Poison Puff	Attack	power	2	Poison	opponent	2	3	Poison Puff{desc}Deal {dmg} Poison damage. 	Poison		1	1	1	1	0	0	poison			Bouffée toxique{desc}Inflige {dmg} point(s) de dégâts de poison.	Giftwolke{desc}Verursache {dmg} Giftschaden.	Ráfaga Venenosa{desc}Inflige {dmg} punto(s) de daño de veneno.	Sopro Venenoso{desc}Causa {dmg} de dano de Veneno.	毒气团{desc}造成{dmg}点中毒伤害。	毒の息{desc}{dmg}毒ダメージを与える。	Клубы яда{desc}Наносит {dmg} ядовитого урона.
Poison Puff+	Attack	power	2	Poison	opponent	2	4	Poison Puff+{desc}Deal {dmg} Poison damage.	Poison		0	1	1	0	0	0	poison			Bouffée toxique+{desc}Inflige {dmg} point(s) de dégâts de poison.	Giftwolke+{desc}Verursache {dmg} Giftschaden.	Ráfaga Venenosa +{desc}Inflige {dmg} punto(s) de daño de veneno.	Sopro Venenoso+{desc}Causa {dmg} de dano de Veneno.	毒气团+{desc}造成 {dmg} 点中毒伤害。	毒の息+{desc}{dmg}毒ダメージを与える。	Клубы яда+{desc}Наносит {dmg} ядовитого урона.
Ivy	Attack	power	1	Poison	opponent	1	1	Ivy{desc}Deal {dmg} Poison damage.	Poison		1	1	2	0	1	0	poison			Lierre{desc}Inflige {dmg} point(s) de dégâts de poison.	Efeu{desc}Verursache {dmg} Giftschaden.	Hiedra{desc}Inflige {dmg} punto(s) de daño de veneno.	Hera{desc}Causa {dmg} de dano de Veneno.	常春藤{desc}造成{dmg}点中毒伤害。	アイビー{desc}{dmg}毒ダメージを与える。	Плющ{desc}Наносит {dmg} ядовитого урона.
Ivy+	Attack	power	1.5	Poison	opponent	1	2	Ivy+{desc}Deal {dmg} Poison damage.	Poison		0	1	1.5	0	1	0	poison			Lierre+{desc}Inflige {dmg} point(s) de dégâts de poison.	Efeu+{desc}Verursache {dmg} Giftschaden.	Hiedra +{desc}Inflige {dmg} punto(s) de daño de veneno.	Hera+{desc}Causa {dmg} de dano de Veneno.	常春藤+{desc}造成 {dmg} 点中毒伤害。	アイビー+{desc}{dmg}毒ダメージを与える。	Плющ+{desc}Наносит {dmg} ядовитого урона.
Rhizome	Attack	power	0.5	Poison	opponents	2	1	Rhizome{desc}Deal {dmg} Poison damage to all enemies.	Poison		1	1	1	0	0	0	poison			Rhizome{desc}Inflige {dmg} point(s) de dégâts de poison à tous les ennemis.	Wurzelstock{desc}Verursache {dmg} Giftschaden bei allen Gegnern.	Rizoma{desc}Inflige {dmg} punto(s) de daño de veneno a todos los enemigos.	Rizoma{desc}Causa {dmg} de dano de Veneno a todos os inimigos.	根茎{desc}对所有敌人造成{dmg}点中毒伤害。	リゾーム{desc}敵全体に{dmg}毒ダメージを与える。	Ризома{desc}Наносит {dmg} ядовитого урона всем врагам.
Rhizome+	Attack	power	1	Poison	opponents	2	2	Rhizome+{desc}Deal {dmg} Poison damage to all enemies.	Poison		0	1	1	0	0	0	poison			Rhizome+{desc}Inflige {dmg} point(s) de dégâts de poison à tous les ennemis.	Wurzelstock+{desc}Verursache {dmg} Giftschaden bei allen Gegnern.	Rizoma +{desc}Inflige {dmg} punto(s) de daño de veneno a todos los enemigos.	Rizoma+{desc}Causa {dmg} de dano de Veneno a todos os inimigos.	根茎+{desc}对所有敌人造成 {dmg} 点中毒伤害。	リゾーム+{desc}敵全体に{dmg}毒ダメージを与える。	Ризома+{desc}Наносит {dmg} ядовитого урона всем врагам.
																										
								// Shop-only cards																		
Affliction	Attack	power	2	Poison	opponent	2	22	Affliction{desc}Deal {dmg} damage. If played, goes on top of your Draw pile.	Poison		1	0	2	0	0	0	greenSplat			Affliction{desc}Inflige {dmg} point(s) de dégâts. Si cette carte est jouée, elle est placée sur le dessus de ta pioche.	Qual{desc}Verursache {dmg} Schaden. Wenn du die Karte spielst, lege sie auf deinen Nachziehstapel.	Aflicción{desc}Inflige {dmg} punto(s) de daño. Si la juegas, vuelve a la parte superior de tu mazo.	Aflição{desc}Causa {dmg} de dano. Se escolhida, vai no topo da sua pilha de compras.	灾厄{desc}造成{dmg}点伤害。使用后，将其置于抽牌堆顶。	苦痛{desc}{dmg}ダメージを与える。このカードは使用後、山札の一番上に移動する。	Хворь{desc}Наносит {dmg} урона. Если использована, перемещается на верх вашей колоды.
Affliction+	Attack	power	3	Poison	opponent	2	23	Affliction+{desc}Deal {dmg} damage. If played, goes on top of your Draw pile.	Poison		0	0	2	0	0	0	greenSplat			Affliction+{desc}Inflige {dmg} point(s) de dégâts. Si cette carte est jouée, elle est placée sur le dessus de ta pioche.	Qual+{desc}Verursache {dmg} Schaden. Wenn du die Karte spielst, lege sie auf deinen Nachziehstapel.	Aflicción+{desc}Inflige {dmg} punto(s) de daño. Si la juegas, vuelve a la parte superior de tu mazo.	Aflição+{desc}Causa {dmg} de dano. Se escolhida, vai no topo da sua pilha de compras.	灾厄+{desc}造成{dmg}点伤害。使用后，将其置于抽牌堆顶。	苦痛+{desc}{dmg}ダメージを与える。このカードは使用後、山札の一番上に移動する。	Хворь+{desc}Наносит {dmg} урона. Если использована, перемещается на верх вашей колоды.
																										
																										
																										
																										
																										
																										
																										
																										
																										
																										
																										
																										
																										
																										
																										
																										
																										
																										
																										
																										
																										
																										
																										
																										
																										
																										

	type	stat	multiplier	element	target	playerCost	rarity	EN	damage	condition	upgradeable	AI	weight	exhaust	retain	armor	gfx	draw	energy_gain	FR	DE	ES	BR	CN	JP	
																										
																										
Blizzard	Attack	power	1	Ice	opponents	2	2	Blizzard{desc}Deal {dmg} Ice damage to all enemies.	Ice		1	1	1	0	0	0	ice			Blizzard{desc}Inflige {dmg} point(s) de dégâts de glace à tous les ennemis.	Schneesturm{desc}Verursache {dmg} Eisschaden bei allen Gegnern.	Ventisca{desc}Inflige {dmg} punto(s) de daño de hielo a todos los enemigos.	Nevasca{desc}Causa {dmg} de dano de Gelo a todos os inimigos.	暴风雪{desc}对所有敌人造成{dmg}点冰冻伤害。	ふぶき{desc}敵全体に{dmg}氷ダメージを与える。	Метель{desc}Наносит {dmg} ледяного урона всем врагам.
Blizzard+	Attack	power	2	Ice	opponents	2	3	Blizzard+{desc}Deal {dmg} Ice damage to all enemies.	Ice		0	1	1	0	0	0	ice			Blizzard+{desc}Inflige {dmg} point(s) de dégâts de glace à tous les ennemis.	Schneesturm+{desc}Verursache {dmg} Eisschaden bei allen Gegnern.	Ventisca +{desc}Inflige {dmg} punto(s) de daño de hielo a todos los enemigos.	Nevasca+{desc}Causa {dmg} de dano de Gelo a todos os inimigos.	暴风雪+{desc}对所有敌人造成 {dmg} 点冰冻伤害。	ふぶき+{desc}敵すべてに氷ダメージを{dmg}与える。	Метель+{desc}Наносит {dmg} ледяного урона всем врагам.
Snowball	Attack	power	1	Ice	opponent	1	1	Snowball{desc}Deal {dmg} Ice damage. ^Remove 1 Armor.	Ice		1	1	1	0	0	1	blueCharge			Boule de neige{desc}Inflige {dmg} point(s) de dégâts de glace. ^Réduit l'armure de 1.	Schneeball{desc}Verursache {dmg} Eisschaden. ^Entferne 1 Rüstung.	Bola de Nieve{desc}Inflige {dmg} punto(s) de daño de hielo.^Elimina 1 punto de Armadura.	Bola de Neve{desc}Causa {dmg} de dano de Gelo. ^Remove 1 de Armadura.	雪球{desc}造成{dmg}点冰冻伤害。^解除 1 点防御。	雪玉{desc}{dmg}氷ダメージを与える。^アーマーを1減らす。	Снежный ком{desc}Наносит {dmg} ледяного урона.^Снимает 1 броню.
Snowball+	Attack	power	2	Ice	opponent	1	2	Snowball+{desc}Deal {dmg} Ice damage. ^Remove 1 Armor.	Ice		0	1	1	0	0	1	blueCharge			Boule de neige+{desc}Inflige {dmg} point(s) de dégâts de glace. ^Réduit l'armure de 1.	Schneeball+{desc}Verursache {dmg} Eisschaden. ^Entferne 1 Rüstung.	Bola de Nieve +{desc}Inflige {dmg} punto(s) de daño de hielo.^Elimina 1 punto de Armadura.	Bola de Neve+{desc}Causa {dmg} de dano de Gelo. ^Remove 1 de Armadura.	雪球+{desc}造成 {dmg} 点冰冻伤害。^解除 1 点防御。	雪玉+{desc}{dmg}氷ダメージを与える。^アーマーを1つ減らす。	Снежный ком+{desc}Наносит {dmg} ледяного урона.^Снимает 1 броню.
Ice Spikes	Attack	power	1	Ice	opponent	1	1	Ice Spikes{desc}Deal {dmg} Ice damage twice.	Ice*2		1	1	1	0	0	0	iceColumn			Stalactites{desc}Inflige {dmg} point(s) de dégâts de glace à 2 reprises.	Eisstacheln{desc}Verursache zweimal {dmg} Eisschaden.	Lanzas de Hielo{desc}Inflige {dmg} punto(s) de daño de hielo dos veces.	Lanças de Gelo{desc}Causa {dmg} de dano de Gelo duas vezes.	冰刺{desc}造成 2 次{dmg}点冰冻伤害。	氷のトゲ{desc}{dmg}氷ダメージを2回与える。	Ледяные пики{desc}Наносит {dmg} ледяного урона дважды.
Ice Spikes+	Attack	power	1	Ice	opponent	1	2	Ice Spikes+{desc}Deal {dmg} Ice damage three times.	Ice*3		0	1	1	0	0	0	iceColumn			Stalactites+{desc}Inflige {dmg} point(s) de dégâts de glace à 3 reprises.	Eisstacheln+{desc}Verursache dreimal {dmg} Eisschaden.	Lanzas de Hielo +{desc}Inflige {dmg} punto(s) de daño de hielo tres veces.	Lanças de Gelo+{desc}Causa {dmg} de dano de Gelo três vezes.	冰刺+{desc}造成 3 次 {dmg} 点冰冻伤害。	氷のトゲ+{desc}{dmg}氷ダメージを3回与える。	Ледяные пики+{desc}Наносит {dmg} ледяного урона три раза.
Freeze	Skill			Ice	opponent	1	1	Freeze{desc}Apply 1 [color=#5343EE]Freeze[/color].		Freeze:1	1	1	0.5	0	0	0	freeze			Gel{desc}Applique 1 effet [color=#5343EE]Gel[/color].	Einfrieren{desc}Bewirke 1 [color=#5343EE]Einfrieren[/color].	Congelación{desc}Provoca 1 acumulación de [color=#5343EE]Congelación[/color].	Congelamento{desc}Aplica 1 de [color=#5343EE]Congelamento[/color].	冻结{desc}施加 1 点[color=#5343EE]冻结[/color]。	凍結{desc}[color=#5343EE]凍結[/color]を1付与する。	Озноб{desc}Добавляет 1 [color=#5343EE]Озноб[/color].
Freeze+	Skill			Ice	opponent	1	2	Freeze+{desc}Apply 2 [color=#5343EE]Freeze[/color].		Freeze:2	0	1	0.5	0	0	0	freeze			Gel+{desc}Applique 2 effets [color=#5343EE]Gel[/color].	Einfrieren+{desc}Bewirke 2 [color=#5343EE]Einfrieren[/color].	Congelación +{desc}Provoca 2 acumulaciones de [color=#5343EE]Congelación[/color].	Congelamento+{desc}Aplica 2 de [color=#5343EE]Congelamento[/color].	冻结+{desc}施加 2 点[color=#5343EE]冻结[/color]。	凍結+{desc}[color=#5343EE]凍結[/color]を2付与する。	Озноб+{desc}Добавляет 2 [color=#5343EE]Озноба[/color].
Frostbite	Skill			Ice	opponent	1	3	Frostbite{desc}Apply 3 [color=#5343EE]Freeze[/color].		Freeze:3	1	1	0.5	0	0	0	freeze			Gelure{desc}Applique 3 effets [color=#5343EE]Gel[/color].	Erfrierung{desc}Bewirke 3 [color=#5343EE]Einfrieren[/color].	Escarcha{desc}Provoca 3 acumulaciones de [color=#5343EE]Congelación[/color].	Geladura{desc}Aplica 3 de [color=#5343EE]Congelamento[/color].	冻伤{desc}施加 3 点[color=#5343EE]冻结[/color]。	しもやけ{desc}[color=#5343EE]凍結[/color]を3付与する。	Обморожение{desc}Добавляет 3 [color=#5343EE]Озноба[/color].
Frostbite+	Skill			Ice	opponent	1	4	Frostbite+{desc}Apply 4 [color=#5343EE]Freeze[/color].		Freeze:4	0	1	0.5	0	0	0	freeze			Gelure+{desc}Applique 4 effets [color=#5343EE]Gel[/color].	Erfrierung+{desc}Bewirke 4 [color=#5343EE]Einfrieren[/color].	Escarcha +{desc}Provoca 4 acumulaciones de [color=#5343EE]Congelación[/color].	Geladura+{desc}Aplica 4 de [color=#5343EE]Congelamento[/color].	冻伤+{desc}施加 4 点[color=#5343EE]冻结[/color]。	しもやけ+{desc}[color=#5343EE]凍結[/color]を4付与する。	Обморожение+{desc}Добавляет 4 [color=#5343EE]Озноба[/color].
Shatter	Skill			Ice	opponent	1	1	Shatter{desc}Reduce target's Armor by 1. ^Draw one card.			1	0	0.5	0	0	1	shield	1		Désagrégation{desc}Réduit l'armure de la cible de 1. ^Pioche une carte.	Zerschmettern{desc}Senke die Rüstung des Ziels um 1. ^Ziehe 1 Karte.	Destrucción{desc}Reduce 1 punto la Armadura del objetivo.^Roba una carta.	Estilhaçar{desc}Reduz a Armadura do alvo em 1. ^Compra uma carta.	粉碎{desc}使目标的防御降低 1 点。^抽 1 张牌。	粉砕{desc}ターゲットのアーマーを1減らす。^カードを1枚引く。	Раскол{desc}Снижает броню противника на 1.^Получите одну карту.
Shatter+	Skill			Ice	opponent	1	1	Shatter+{desc}Reduce target's Armor by 2. ^Draw one card.			0	0	0.5	0	0	2	shield	1		Désagrégation+{desc}Réduit l'armure de la cible de 2. ^Pioche une carte.	Zerschmettern+{desc}Senke die Rüstung des Ziels um 2. ^Ziehe 1 Karte.	Destrucción +{desc}Reduce 2 puntos la Armadura del objetivo.^Roba una carta.	Estilhaçar+{desc}Reduz a Armadura do alvo em 2. ^Compra uma carta.	粉碎+{desc}使目标的防御降低 2 点。^抽 1 张牌。	粉砕+{desc}ターゲットのアーマーを2減らす。^カードを1枚引く。	Раскол+{desc}Снижает броню противника на 2. ^Получите одну карту.
Cold-blooded	Skill			Ice	opponent	1	2	Cold-Blooded{desc}Double target's [color=#5343EE]Freeze[/color]. 			1	1	0.5	1	0	0	iceCast			Sang-froid{desc}Double le nombre d'effets [color=#5343EE]Gel[/color] de la cible.	Kaltblütig{desc}Verdopple das [color=#5343EE]Einfrieren[/color] des Ziels.	Sangre Fría{desc}Duplica la [color=#5343EE]Congelación[/color] del objetivo.	Sangue Frio{desc}Duplica o [color=#5343EE]Congelamento[/color] do alvo.	冷血{desc}使目标的[color=#5343EE]冻结[/color]加倍。	冷血{desc}ターゲットの[color=#5343EE]凍結[/color]が2倍になる、	Хладнокровие{desc}Удваивает [color=#5343EE]Озноб[/color] противника.
Cold-blooded+	Skill			Ice	opponent	1	3	Cold-Blooded+{desc}Triple target's [color=#5343EE]Freeze[/color]. 			0	1	0.5	1	0	0	iceCast			Sang-froid+{desc}Triple le nombre d'effets [color=#5343EE]Gel[/color] de la cible.	Kaltblütig+{desc}Verdreifache das [color=#5343EE]Einfrieren[/color] des Ziels.	Sangre Fría +{desc}Triplica la [color=#5343EE]Congelación[/color] del objetivo.	Sangue Frio+{desc}Triplica o [color=#5343EE]Congelamento[/color] do alvo.	冷血+{desc}使目标的[color=#5343EE]冻结[/color]变为三倍。	冷血+{desc}ターゲットの[color=#5343EE]凍結[/color]が3倍になる。	Хладнокровие+{desc}Утраивает [color=#5343EE]Озноб[/color] противника.
Sharp	Skill	power	0.5	Ice	ally	1	1	Sharp{desc}Apply {cnd} [color=#5343EE]Sharp[/color].		Sharp	1	1	0.5	0	0	0	sharp			Perforation{desc}Applique {cnd} effet(s) [color=#5343EE]Perforation[/color].	Scharf{desc}Bewirke {cnd} [color=#5343EE]Spitz[/color].	Perforación{desc}Provoca {cnd} [color=#5343EE]Perforación[/color].	Afiado{desc}Aplica {cnd} [color=#5343EE]Afiado[/color].	锐利{desc}施加{cnd} [color=#5343EE]锐利[/color]。	刺傷{desc}{cnd} [color=#5343EE]刺傷[/color]を付与する。	Шипы{desc}Добавляет {cnd} [color=#5343EE]Шипов[/color].
Sharp+	Skill	power	1	Ice	ally	1	2	Sharp+{desc}Apply {cnd} [color=#5343EE]Sharp[/color].		Sharp	0	1	0.5	0	0	0	sharp			Perforation+{desc}Applique {cnd} effet(s) [color=#5343EE]Perforation[/color].	Scharf+{desc}Bewirke {cnd} [color=#5343EE]Spitz[/color].	Perforación +{desc}Provoca {cnd} [color=#5343EE]Perforación[/color].	Afiado+{desc}Aplica {cnd} [color=#5343EE]Afiado[/color].	锐利+{desc}施加 {cnd} [color=#5343EE]锐利[/color]。	刺傷+{desc}{cnd} [color=#5343EE]刺傷[/color]を付与する。	Шипы+{desc}Добавляет {cnd} [color=#5343EE]Шипов[/color].
Icicle	Skill	power	1.5	Ice	ally	1	3	Icicle{desc}Apply {cnd} [color=#5343EE]Sharp[/color].		Sharp	1	1	0.5	0	0	0	sharp			Glaçon{desc}Applique {cnd} effet(s) [color=#5343EE]Perforation[/color].	Eiszapfen{desc}Bewirke {cnd} [color=#5343EE]Spitz[/color].	Carámbano{desc}Provoca {cnd} [color=#5343EE]Perforación[/color].	Sincelo{desc}Aplica {cnd} [color=#5343EE]Afiado[/color].	冰柱{desc}施加{cnd} [color=#5343EE]锐利[/color]。	つらら{desc}{cnd} [color=#5343EE]刺傷[/color]を付与する。	Ледяная игла{desc}Добавляет {cnd} [color=#5343EE]Шипов[/color].
Icicle+	Skill	power	2	Ice	ally	1	4	Icicle+{desc}Apply {cnd} [color=#5343EE]Sharp[/color].		Sharp	0	1	0.5	0	0	0	sharp			Glaçon+{desc}Applique {cnd} effet(s) [color=#5343EE]Perforation[/color].	Eiszapfen+{desc}Bewirke {cnd} [color=#5343EE]Spitz[/color].	Carámbano +{desc}Provoca {cnd} [color=#5343EE]Perforación[/color].	Sincelo+{desc}Aplica {cnd} [color=#5343EE]Afiado[/color].	冰柱+{desc}施加 {cnd} [color=#5343EE]锐利[/color]。	つらら+{desc}{cnd} [color=#5343EE]刺傷[/color]を付与する。	Ледяная игла+{desc}Добавляет {cnd} [color=#5343EE]Шипов[/color].
Ice To Meet You	Attack	power	4	Ice	opponents	2	5	Ice To Meet You{desc}Deal {dmg} Ice damage to all enemies.	Ice		0	1	1	1	0	0	ice			Coup de froid{desc}Inflige {dmg} point(s) de dégâts de glace à tous les ennemis.	Kälteschock{desc}Verursache {dmg} Eisschaden bei allen Gegnern.	Romper el Hielo{desc}Inflige {dmg} punto(s) de daño de hielo a todos los enemigos.	Quebrando o Gelo{desc}Causa {dmg} de dano de Gelo a todos os inimigos.	冰冻见面礼{desc}对所有敌人造成{dmg}点冰冻伤害。	アイス・トゥ・ミー・チュー{desc}敵全体に{dmg}氷ダメージを与える。	Холодные объятия{desc}Наносит {dmg} ледяного урона всем врагам.
																										
								// Shop-only cards																		
Black Ice	Attack	power	1	Ice	self	1	21	Black Ice{desc}Apply {cnd} [color=#5343EE]Sharp[/color] to yourself and 1 [color=#5343EE]Freeze[/color] to all enemies.		Sharp	1	0	2	0	0	0	sharp			Glace noire{desc}Applique {cnd} effet(s) [color=#5343EE]Perforation[/color] à soi et 1 effet [color=#5343EE]Gel[/color] à tous les ennemis.	Schwarzes Eis{desc}Bewirke {cnd} [color=#5343EE]Spitz[/color] bei dir selbst und 1 [color=#5343EE]Einfrieren[/color] bei allen Gegnern.	Hielo Negro{desc}Te hace sufrir {cnd} [color=#5343EE]Perforación[/color] y provoca 1 acumulación de [color=#5343EE]Congelación[/color] a todos los enemigos.	Gelo Negro{desc}Aplica {cnd} [color=#5343EE]Afiado[/color] a si e 1 [color=#5343EE]Congelamento[/color] a todos os inimigos.	黑冰{desc}对自己施加 {cnd} [color=#5343EE]锐利[/color]，并对所有敌人施加 1 点[color=#5343EE]冻结[/color]。	薄氷{desc}自身に{cnd} [color=#5343EE]刺傷[/color]を、敵全体に1 [color=#5343EE]凍結[/color]を付与する。	Черный лед{desc}Добавляет {cnd} [color=#5343EE]Шипов[/color] себе и 1 [color=#5343EE]Озноб[/color] всем врагам.
Black Ice+	Attack	power	2	Ice	self	1	22	Black Ice+{desc}Apply {cnd} [color=#5343EE]Sharp[/color] to yourself and 1 [color=#5343EE]Freeze[/color] to all enemies.		Sharp	0	0	2	0	0	0	sharp			Glace noire+{desc}Applique {cnd} effet(s) [color=#5343EE]Perforation[/color] à soi et 1 effet [color=#5343EE]Gel[/color] à tous les ennemis.	Schwarzes Eis+{desc}Bewirke {cnd} [color=#5343EE]Spitz[/color] bei dir selbst und 1 [color=#5343EE]Einfrieren[/color] bei allen Gegnern.	Hielo Negro+{desc}Te hace sufrir {cnd} [color=#5343EE]Perforación[/color] y provoca 1 acumulación de [color=#5343EE]Congelación[/color] a todos los enemigos.	Gelo Negro+{desc}Aplica {cnd} [color=#5343EE]Afiado[/color] a si e 1 [color=#5343EE]Congelamento[/color] a todos os inimigos.	黑冰+{desc}对自己施加 {cnd} [color=#5343EE]锐利[/color]，并对所有敌人施加 1 点[color=#5343EE]冻结[/color]。	薄氷+{desc}自身に{cnd} [color=#5343EE]刺傷[/color]を、敵全体に1 [color=#5343EE]凍結[/color]を付与する。	Черный лед+{desc}Добавляет {cnd} [color=#5343EE]Шипов[/color] себе и 1 [color=#5343EE]Озноб[/color] всем врагам.
Thaw	Attack	power	3	Ice	opponent	5	22	Thaw{desc}Deal {dmg} damage. Energy cost reduced by 1 each turn this card is retained.	Ice		1	0	2	0	1	0	iceColumn			Glace fondue{desc}Inflige {dmg} point(s) de dégâts. Son coût est réduit de 1 à chaque tour où elle n'est pas jouée.	Geschmolzenes Eis{desc}Verursache {dmg} Schaden. Kosten werden um 1 je Zug gesenkt, in dem sie behalten wird.	Hielo Derretido{desc}Inflige {dmg} punto(s) de daño. Su coste se reduce en 1 por cada turno que retengas esta carta.	Gelo Derretido{desc}Causa {dmg} de dano. O custo é reduzido em 1 para cada turno em que estiver retida.	融解{desc}造成{dmg}点冰冻伤害。每保留此卡牌一回合，其消耗减少1点。	解凍{desc}{dmg}こおりダメージを与える。このカードを持っていると、1ターンごとにエネルギーコストが1減る。	Талый лед{desc}Наносит {dmg} урона. Стоимость карты снижается на 1 каждый ход, пока она у вас в руке.
Thaw+	Attack	power	4	Ice	opponent	5	23	Thaw+{desc}Deal {dmg} damage. Energy cost reduced by 1 each turn this card is retained.	Ice		0	0	2	0	1	0	iceColumn			Glace fondue+{desc}Inflige {dmg} point(s) de dégâts. Son coût est réduit de 1 à chaque tour où elle n'est pas jouée.	Geschmolzenes Eis+{desc}Verursache {dmg} Schaden. Kosten werden um 1 je Zug gesenkt, in dem sie behalten wird.	Hielo Derretido+{desc}Inflige {dmg} punto(s) de daño. Su coste se reduce en 1 por cada turno que retengas esta carta.	Gelo Derretido+{desc}Causa {dmg} de dano. O custo é reduzido em 1 para cada turno em que estiver retida.	融解+{desc}造成{dmg}点冰冻伤害。每保留此卡牌一回合，其消耗减少1点。	解凍+{desc}{dmg}こおりダメージを与える。このカードを持っていると、1ターンごとにエネルギーコストが1減る。	Талый лед+{desc}Наносит {dmg} урона. Стоимость карты снижается на 1 каждый ход, пока она у вас в руке.
Chill	Skill			Ice	opponents	1	23	Chill{desc}If any enemy is going to use Bash, nullify it.			0	0	2	0	0	0	iceCast			Chiller{desc}Si un ennemi va utiliser Impact, le nullifier.	Frost{desc}Wenn dein Gegner Hieb nutzen will, annuliere es.	Descansar{desc}Si un enemigo usa Aporrear, invalidarlo	Fica frio aío{desc}Se um inimigo for usar Golpear, anule-o.	冷静{desc}当敌人使用猛击时，使其无效。 	悪寒{desc}敵が使用しようとした「なぐる」を無効化する。	Стужа{desc}Если противник планирует применить Таран, аннулирует его атаку.
																										
																										
																										
																										
																										
																										
																										
																										
																										
																										
																										
																										
																										
																										
																										
																										
																										
																										
																										
																										
																										
																										
																										
																										
																										
																										
																										
																										
																										
																										
																										
																										
																										
																										
																										
																										
																										

	type	stat	multiplier	element	target	playerCost	rarity	EN	damage	condition	upgradeable	AI	weight	exhaust	retain	armor	gfx	draw	energy_gain	FR	DE	ES	BR	CN	JP	
																										
																										
Zap	Attack	power	0.5	Electric	opponent	1	1	Zap{desc}Deal {dmg} Electric damage.	Electric		1	1	0.6	0	0	0	electric			Flash{desc}Inflige {dmg} point(s) de dégâts électriques.	Stromschlag{desc}Verursache {dmg} Elektroschaden.	Chispazo{desc}Inflige {dmg} punto(s) de daño eléctrico.	Zap{desc}Causa {dmg} de dano Elétrico.	震击{desc}造成{dmg}点带电伤害。	打撃{desc}{dmg}電気ダメージを与える。	Искра{desc}Наносит {dmg} электрического урона.
Zap+	Attack	power	1	Electric	opponent	1	2	Zap+{desc}Deal {dmg} Electric damage.	Electric		0	1	0.8	0	0	0	electric			Flash+{desc}Inflige {dmg} point(s) de dégâts électriques.	Stromschlag+{desc}Verursache {dmg} Elektroschaden.	Chispazo +{desc}Inflige {dmg} punto(s) de daño eléctrico.	Zap+{desc}Causa {dmg} de dano Elétrico.	震击+{desc}造成 {dmg} 点带电伤害。	打撃+{desc}{dmg}電気ダメージを与える。	Искра+{desc}Наносит {dmg} электрического урона.
Shock	Attack	power	0.5	Electric	opponent	2	1	Shock{desc}Deal {dmg} Electric damage three times.	Electric*3		1	1	0.6	0	0	0	lightningBolt			Décharge{desc}Inflige {dmg} point(s) de dégâts électriques à 3 reprises.	Schock{desc}Verursache dreimal {dmg} Elektroschaden.	Choque{desc}Inflige {dmg} punto(s) de daño eléctrico tres veces.	Choque{desc}Causa {dmg} de dano Elétrico três vezes.	电击{desc}造成 3 次{dmg}点带电伤害。	衝撃{desc}{dmg}電気ダメージを3回与える。	Шок{desc}Наносит {dmg} электрического урона три раза.
Shock+	Attack	power	0.5	Electric	opponent	2	2	Shock+{desc}Deal {dmg} Electric damage four times.	Electric*4		0	1	0.8	0	0	0	lightningBolt			Décharge{desc}Inflige {dmg} point(s) de dégâts électriques à 4 reprises.	Schock{desc}Verursache viermal {dmg} Elektroschaden.	Choque{desc}Inflige {dmg} punto(s) de daño eléctrico cuatro veces.	Choque{desc}Causa {dmg} de dano Elétrico quatro vezes.	电击{desc}造成 4 次{dmg}点带电伤害。	衝撃+{desc}{dmg}電気ダメージを4回与える。	Шок+{desc}Наносит {dmg} электрического урона четыре раза.
Lightning	Attack	power	0.5	Electric	opponents	2	3	Lightning{desc}Deal {dmg} Electric damage two times to all enemies.	Electric*2		1	1	1	0	0	0	lightningStrike		  	Éclair{desc}Inflige {dmg} point(s) de dégâts électriques à 2 reprises à tous les ennemis.	Blitz{desc}Verursache zweimal {dmg} Elektroschaden bei allen Gegnern.	Rayo{desc}Inflige {dmg} punto(s) de daño eléctrico dos veces a todos los enemigos.	Campo Elétrico{desc}Causa {dmg} de dano Elétrico dois vezes.	闪电{desc}对所有敌人造成 2 次{dmg}点带电伤害。	稲妻{desc}敵全体に{dmg}電気ダメージを2回与える。	Молния{desc}Наносит {dmg} электрического урона два раза всем врагам.
Lightning+	Attack	power	0.5	Electric	opponents	2	4	Lightning+{desc}Deal {dmg} Electric damage three times to all enemies.	Electric*3		0	1	1	0	0	0	lightningStrike			Éclair+{desc}Inflige {dmg} point(s) de dégâts électriques à 3 reprises à tous les ennemis.	Blitz+{desc}Verursache dreimal {dmg} Elektroschaden bei allen Gegnern.	Rayo +{desc}Inflige {dmg} punto(s) de daño eléctrico tres veces a todos los enemigos.	Campo Elétrico+{desc}Causa {dmg} de dano Elétrico três vezes a todos os inimigos.	闪电+{desc}对所有敌人造成 3 次 {dmg} 点带电伤害。	稲妻+{desc}敵全体に{dmg}電気ダメージを3回与える。	Молния+{desc}Наносит {dmg} электрического урона три раза всем врагам.
Thunderwave	Attack	power	1	Electric	opponent	1	1	Thunderwave{desc}Deal {dmg} Electric damage and remove 1 Armor.	Electric		1	1	0.6	0	0	1	sparkCircle			Onde électrique{desc}Inflige {dmg} point(s) de dégâts électriques et réduit l'armure de 1.	Donnerhall{desc}Verursache {dmg} Elektroschaden und entferne 1 Rüstung.	Onda Trueno{desc}Inflige {dmg} punto(s) de daño eléctrico y elimina 1 punto de Armadura.	Trovão Cortante{desc}Causa {dmg} de dano Elétrico e remove 1 de Armadura.	电波{desc}造成{dmg}点带电伤害并解除 1 点防御。	電磁波{desc}{dmg}電気ダメージを与え、アーマーを1減らす。	Ударная волна{desc}Наносит {dmg} электрического урона и снимает 1 броню.
Thunderwave+	Attack	power	1	Electric	opponent	1	2	Thunderwave+{desc}Deal {dmg} Electric damage and remove 2 Armor.	Electric		0	1	0.8	0	0	2	sparkCircle			Onde électrique+{desc}Inflige {dmg} point(s) de dégâts électriques et réduit l'armure de 2.	Donnerhall+{desc}Verursache {dmg} Elektroschaden und entferne 2 Rüstung.	Onda Trueno +{desc}Inflige {dmg} punto(s) de daño eléctrico y elimina 2 puntos de Armadura.	Trovão Cortante+{desc}Causa {dmg} de dano Elétrico e remove 2 de Armadura.	电波+{desc}造成 {dmg} 点带电伤害并解除 2 点防御。	電磁波+{desc}{dmg}電気ダメージを与え、アーマーを2減らす。	Ударная волна+{desc}Наносит {dmg} электрического урона и снимает 2 брони.
Charge	Skill			Electric	ally	1	1	Charge{desc}Apply 2 [color=#5343EE]Charge[/color].		Charge:2	1	1	0.5	1	1	0	lightningBlast			Charge{desc}Applique 2 effets [color=#5343EE]Charge[/color].	Ladung{desc}Bewirke 2 [color=#5343EE]Ladung[/color].	Asalto{desc}Provoca 2 [color=#5343EE]Asalto[/color].	Carga{desc}Aplica 2 [color=#5343EE]Carga[/color].	充能{desc}施加 2 [color=#5343EE]充能[/color]。	チャージ{desc}2 [color=#5343EE]チャージ[/color]を付与する。	Заряд{desc}Добавляет 2 [color=#5343EE]Заряда[/color].
Charge+	Skill			Electric	ally	1	2	Charge+{desc}Apply 3 [color=#5343EE]Charge[/color].		Charge:3	0	1	0.5	1	1	0	lightningBlast			Charge+{desc}Applique 3 effets [color=#5343EE]Charge[/color].	Ladung+{desc}Bewirke 3 [color=#5343EE]Ladung[/color].	Asalto +{desc}Provoca 3 [color=#5343EE]Asalto[/color].	Carga+{desc}Aplica 3 [color=#5343EE]Carga[/color].	充能+{desc}施加 3 [color=#5343EE]充能[/color]。	チャージ+{desc}3 [color=#5343EE]チャージ[/color]を付与する。	Заряд+{desc}Добавляет 3 [color=#5343EE]Заряда[/color].
Surge	Skill			Electric	ally	2	3	Surge{desc}Apply 1 [color=#5343EE]Charge[/color]. ^Draw one card.		Charge:1	1	1	0.5	1	0	0	lightningBlast	1		Surtension{desc}Applique 1 effet [color=#5343EE]Charge[/color]. ^Pioche une carte.	Energieanstieg{desc}Bewirke 1 [color=#5343EE]Ladung[/color]. ^Ziehe 1 Karte.	Oleada{desc}Provoca 1 [color=#5343EE]Asalto[/color]. ^Roba una carta.	Emergir{desc}Aplica 1 [color=#5343EE]Carga[/color]. ^Compra uma carta.	电浪{desc}施加 1 [color=#5343EE]充能[/color]。^抽 1 张牌。	サージ{desc}{cnd} [color=#5343EE]チャージ[/color]を付与する。^カードを1枚引く。	Импульс{desc}Добавляет 1 [color=#5343EE]Заряд[/color].^Получите одну карту.
Surge+	Skill			Electric	ally	2	4	Surge+{desc}Apply 2 [color=#5343EE]Charge[/color]. ^Draw two cards.		Charge:2	0	1	0.5	1	0	0	lightningBlast	2		Surtension{desc}Applique 2 effets [color=#5343EE]Charge[/color]. ^Pioche 2 cartes.	Energieanstieg+{desc}Bewirke 2 [color=#5343EE]Ladung[/color]. ^Ziehe 2 Karten.	Oleada +{desc}Provoca 2 [color=#5343EE]Asalto[/color]. ^Roba dos cartas.	Emergir+{desc}Aplica 2 [color=#5343EE]Carga[/color]. ^Compra duas cartas.	电浪+{desc}施加 2 [color=#5343EE]充能[/color]。^抽 2 张牌。	サージ+{desc}{cnd} [color=#5343EE]チャージ[/color]を付与する。^カードを2枚引く。	Импульс+{desc}Добавляет 2 [color=#5343EE]Заряда[/color].^Получите две карты.
Turn It Up	Skill			Electric	ally	1	3	Turn It Up{desc}Double target's [color=#5343EE]Charge[/color]. 			1	1	0.5	1	0	0	sparkCircle			Générateur{desc}Double le nombre d'effets [color=#5343EE]Charge[/color] de la cible.	Aufgedreht{desc}Verdopple die [color=#5343EE]Ladung[/color] des Ziels.	Incremento{desc}Duplica el [color=#5343EE]Asalto[/color] del objetivo.	Solta o Som{desc}Duplica a [color=#5343EE]Carga[/color] do alvo.	升压{desc}使目标的[color=#5343EE]充能[/color]加倍。	強化{desc}ターゲットの[color=#5343EE]チャージ[/color]が2倍になる。	Перегрузка{desc}Удваивает [color=#5343EE]Заряд[/color] противника.
Turn It Up+	Skill			Electric	ally	1	4	Turn It Up+{desc}Triple target's [color=#5343EE]Charge[/color]. 			0	1	0.5	1	0	0	sparkCircle			Générateur{desc}Triple le nombre d'effets [color=#5343EE]Charge[/color] de la cible.	Aufgedreht+{desc}Verdreifache die [color=#5343EE]Ladung[/color] des Ziels.	Incremento +{desc}Triplica el [color=#5343EE]Asalto[/color] del objetivo.	Solta o Som+{desc}Triplica a [color=#5343EE]Carga[/color] do alvo.	升压+{desc}使目标的[color=#5343EE]充能[/color]变为三倍。	強化+{desc}ターゲットの[color=#5343EE]チャージ[/color]が3倍になる。	Перегрузка+{desc}Утраивает [color=#5343EE]Заряд[/color] противника.
Equalize	Skill			Electric	allies	1	3	Equalize{desc}Reduce the Energy cost of all cards in your hand to 1.			1	0	0.5	1	0	0	blueCircle			Égalisation{desc}Réduit le coût en énergie de toutes les cartes de ta main à 1.	Ausgleich{desc}Senke die Energiekosten aller Karten auf der Hand auf 1.	Compensación{desc}Reduce el coste de energía de todas las cartas de tu mano a 1.	Equalizar{desc}Reduz o custo de Energia de todas as cartas da sua mão para 1.	平衡{desc}将手中所有卡牌的能源消耗降低到 1。	イコライズ{desc}手札にあるカードすべてのエネルギーコストを1にする。	Эквалайзер{desc}Снижает стоимость всех карт в вашей руке до 1.
Equalize+	Skill			Electric	allies	0	4	Equalize+{desc}Reduce the Energy cost of all cards in your hand to 1.			0	0	0.5	1	0	0	blueCircle			Égalisation+{desc}Réduit le coût en énergie de toutes les cartes de ta main à 1.	Ausgleich+{desc}Senke die Energiekosten aller Karten auf der Hand auf 1.	Compensación+{desc}Reduce el coste de energía de todas las cartas de tu mano a 1.	Equalizar+{desc}Reduz o custo de Energia de todas as cartas da sua mão para 1.	平衡+{desc}将手中所有卡牌的能源消耗降低到 1。	イコライズ+{desc}手札にあるカードすべてのエネルギーコストを1にする。	Эквалайзер+{desc}Снижает стоимость всех карт в вашей руке до 1.
Static	Skill			Electric	allies	2	3	Static{desc}Apply 2 [color=#5343EE]Charge[/color] to all allies.		Charge:2	1	1	0.5	1	0	0	lightningBlast			Électricité statique{desc}Applique 2 effets [color=#5343EE]Charge[/color] à tous les alliés.	Statik{desc}Bewirke 2 [color=#5343EE]Ladung[/color] bei allen Verbündeten.	Electricidad Estática{desc}Provoca 2 [color=#5343EE]Asalto[/color] a todos los aliados.	Eletrostática{desc}Aplica 2 [color=#5343EE]Carga[/color] a todos os aliados.	静电{desc}对所有盟友施加2 [color=#5343EE]充能[/color]。	静電気{desc}味方全体に{cnd} [color=#5343EE]チャージ[/color]を付与する。	Статика{desc}Добавляет 2 [color=#5343EE]Заряда[/color] всем союзникам.
Static+	Skill			Electric	allies	1	4	Static+{desc}Apply 2 [color=#5343EE]Charge[/color] to all allies.		Charge:2	0	1	0.5	1	0	0	lightningBlast			Électricité statique+{desc}Applique 2 effets [color=#5343EE]Charge[/color] à tous les alliés.	Statik+{desc}Bewirke 2 [color=#5343EE]Ladung[/color] bei allen Verbündeten.	Electricidad Estática +{desc}Provoca 2 [color=#5343EE]Asalto[/color] a todos los aliados.	Eletrostática+{desc}Aplica 2 [color=#5343EE]Carga[/color] a todos os aliados.	静电+{desc}对所有盟友施加 2 [color=#5343EE]充能[/color]。	静電気+{desc}味方全体に{cnd} [color=#5343EE]チャージ[/color]を付与する。	Статика+{desc}Добавляет 2 [color=#5343EE]Заряда[/color] всем союзникам.
Melt	Skill			Electric	opponent	1	2	Melt{desc}Reduce target's Armor by half.			1	1	0.5	1	0	0	thunderDome			Fonte{desc}Réduit l'armure de la cible de moitié.	Schmelzen{desc}Halbiere die Rüstung des Ziels.	Derretir{desc}Reduce la Armadura del objetivo a la mitad.	Derreter{desc}Reduz a Armadura do alvo pela metade.	熔化{desc}使目标的防御降低一半。	メルト{desc}ターゲットのアーマーを半分に減らす。	Плавление{desc}Снижает броню противника наполовину.
Melt+	Skill			Electric	opponent	1	3	Melt+{desc}Reduce target's Armor to 1.			0	1	0.5	1	0	0	thunderDome			Fonte+{desc}Réduit l'armure de la cible à 1.	Schmelzen+{desc}Senke die Rüstung des Ziels auf 1.	Derretir +{desc}Reduce la Armadura del objetivo a 1.	Derreter+{desc}Reduz a Armadura do alvo para 1.	熔化+{desc}使目标的防御降低到 1。	メルト+{desc}ターゲットのアーマーを1に減らす。	Плавление+{desc}Снижает броню противника до 1.
Volt	Attack	power	0.25	Electric	opponent	0	2	Volt{desc}Deal {dmg} Electric damage.	Electric		0	0	1	1	0	0	thunderDome			Volt{desc}Inflige {dmg} point(s) de dégâts électriques.	Volt{desc}Verursache {dmg} Elektroschaden.	Voltio{desc}Inflige {dmg} punto(s) de daño eléctrico.	Volt{desc}Causa {dmg} de dano Elétrico.	伏特{desc}造成{dmg}带电伤害。	ボルト{desc}{dmg}電気ダメージを与える。	Вольт{desc}Наносит {dmg} электрического урона.
Free Energy	Skill			Electric	self	1	2	Free Energy{desc}Transform all the cards in your hand into Volts for the rest of combat.			1	0	0.5	0	0	0	thunderDome			Énergie gratuite{desc}Transforme toutes les cartes de ta main en cartes Volt pour le reste du combat.	Freie Energie{desc}Wandle alle Karten in deiner Hand für den Rest des Kampfs in Volt um.	Energía Gratis{desc}Transforma en Voltios todas las cartas de tu mano para el resto del combate.	Conversão de Energia{desc}Transforma todas as cartas da sua mão em Volt pelo resto do combate.	免费能源{desc}将手中所有卡牌转化为伏特，持续到战斗结束。	フリーエネルギー{desc}ターンの残りの間、手札にあるカードすべてを「ボルト」に変える。	Даровая энергия{desc}Заменяет все карты в вашей руке на карты Вольт до конца боя.
Free Energy+	Skill			Electric	self	0	3	Free Energy+{desc}Transform all the cards in your hand into Volts for the rest of combat.			0	0	0.5	0	0	0	thunderDome			Énergie gratuite+{desc}Transforme toutes les cartes de ta main en cartes Volt pour le reste du combat.	Freie Energie+{desc}Wandle alle Karten in deiner Hand für den Rest des Kampfs in Volt um.	Energía Gratis +{desc}Transforma en Voltios todas las cartas de tu mano para el resto del combate.	Conversão de Energia+{desc}Transforma todas as cartas da sua mão em Volt pelo resto do combate.	免费能源+{desc}将手中所有卡牌转化为伏特，持续到战斗结束。	フリーエネルギー+{desc}ターンの残りの間、手札にあるカードすべてを「ボルト」に変える。	Даровая энергия+{desc}Заменяет все карты в вашей руке на карты Вольт до конца боя.
Lightning Rod	Skill			Electric	allies	1	2	Lightning Rod{desc}Draw all Volt cards from your draw pile into your hand.			1	0	0.5	1	0	0	thunderDome			Paratonnerre{desc}Ajoute toutes les cartes Volt de ta pioche dans ta main.	Blitzstab{desc}Nimm alle Voltkarten von deinem Nachziehstapel auf die Hand.	Pararrayos{desc}Roba todas las cartas Voltio del mazo y añádelas a tu mano.	Para-Raios{desc}Compra todas as cartas Volt da sua pilha de compras para a sua mão.	避雷针{desc}从抽牌堆中抽取所有伏特牌到手中。	避雷針{desc}山札にある「ボルト」をすべて引き、手札に加える。	Громоотвод{desc}Вытягивает все карты Вольт из вашей колоды.
Lightning Rod+	Skill			Electric	allies	1	3	Lightning Rod+{desc}Draw all Volt cards from your draw and discard pile into your hand.			0	0	0.5	1	0	0	thunderDome			Paratonnerre+{desc}Ajoute toutes les cartes Volt de ta pioche et de ta défausse dans ta main.	Blitzstab+{desc}Nimm alle Voltkarten von deinem Nachzieh- und Ablagestapel auf die Hand.	Pararrayos +{desc}Roba todas las cartas Voltio del mazo y de la pila de descartes y añádelas a tu mano.	Para-Raios+{desc}Compra todas as cartas Volt da sua pilha de compras e de descarte para a sua mão.	避雷针+{desc}从抽牌堆与弃牌堆中抽取所有伏特牌到手中。	避雷針+{desc}山札にある「ボルト」をすべて引き、手札に加える。	Громоотвод+{desc}Вытягивает все карты Вольт из вашей колоды и стопки сброса.
Lightning Storm	Attack	power	0.25	Electric	opponents	3	5	Lightning Storm{desc}Deal {dmg} Electric damage ten times to all enemies. 	Electric*10		0	1	1	1	0	0	lightningStrike			Orage{desc}Inflige {dmg} point(s) de dégâts électriques à 10 reprises à tous les ennemis.	Blitzgewitter{desc}Verursache 10-mal {dmg} Elektroschaden bei allen Gegnern.	Tormenta Eléctrica{desc}Inflige {dmg} punto(s) de daño eléctrico diez veces a todos los enemigos.	Tempestade Relâmpago{desc}Causa {dmg} de dano Elétrico dez vezes a todos os inimigos.	闪电风暴{desc}对所有敌人造成 10 次{dmg}点带电伤害。	ライトニングストーム{desc}敵全体に{dmg}電気ダメージを10回与える。	Гроза{desc}Наносит {dmg} электрического урона десять раз всем врагам.
Overload	Attack	power	2	Electric	opponent	3	3	Overload{desc}Deal {dmg} Electric damage. 	Electric		1	1	1	1	1	0	sparkCircle			Surcharge{desc}Inflige {dmg} point(s) de dégâts électriques.	Überladung{desc}Verursache {dmg} Elektroschaden.	Sobrecarga{desc}Inflige {dmg} punto(s) de daño eléctrico.	Sobrecarga{desc}Causa {dmg} de dano Elétrico.	过载{desc}造成{dmg}带电伤害。	オーバーロード{desc}{dmg}電気ダメージを与える。	Пробой{desc}Наносит {dmg} электрического урона.
Overload+	Attack	power	3	Electric	opponent	3	4	Overload+{desc}Deal {dmg} Electric damage. 	Electric		0	1	1	1	1	0	sparkCircle			Surcharge+{desc}Inflige {dmg} point(s) de dégâts électriques.	Überladung+{desc}Verursache {dmg} Elektroschaden.	Sobrecarga +{desc}Inflige {dmg} punto(s) de daño eléctrico.	Sobrecarga+{desc}Causa {dmg} de dano Elétrico.	过载+{desc}造成 {dmg} 点带电伤害。	オーバーロード+{desc}{dmg}電気ダメージを与える。	Пробой+{desc}Наносит {dmg} электрического урона.
Wattage	Attack	power	1	Electric	opponents	3	3	Wattage{desc}Deal {dmg} Electric damage to all enemies. ^Draw two cards.	Electric		1	1	0.8	0	0	0	lightningBolt	2		Court-circuit{desc}Inflige {dmg} point(s) de dégâts électriques à tous les ennemis. ^Pioche 2 cartes.	Leistung{desc}Verursache {dmg} Elektroschaden bei allen Gegnern. ^Ziehe 2 Karten.	Vataje{desc}Inflige {dmg} punto(s) de daño eléctrico a todos los enemigos.^Roba dos cartas.	Potência{desc}Causa {dmg} de dano Elétrico a todos os inimigos ^Compra duas cartas.	瓦特{desc}对所有敌人造成{dmg}点带电伤害^抽 2 张牌。	ワット{desc}敵全体に{dmg}電気ダメージを与える。^カードを2枚引く。	Мегаватт{desc}Наносит {dmg} электрического урона всем врагам.^Получите две карты.
Wattage+	Attack	power	1.5	Electric	opponents	3	4	Wattage+{desc}Deal {dmg} Electric damage to all enemies ^Draw two cards.	Electric		0	1	1	0	0	0	lightningBolt	2		Court-circuit+{desc}Inflige {dmg} point(s) de dégâts électriques à tous les ennemis. ^Pioche 2 cartes.	Leistung+{desc}Verursache {dmg} Elektroschaden bei allen Gegnern. ^Ziehe 2 Karten.	Vataje +{desc}Inflige {dmg} punto(s) de daño eléctrico a todos los enemigos.^Roba dos cartas.	Potência+{desc}Causa {dmg} de dano Elétrico a todos os inimigos. ^Compra duas cartas.	瓦特+{desc}对所有敌人造成 {dmg} 点带电伤害。^抽 2 张牌。	ワット+{desc}敵全体に{dmg}電気ダメージを与える。^カードを2枚引く。	Мегаватт+{desc}Наносит {dmg} электрического урона всем врагам ^Получите две карты.
Flip Switch	Attack	power	1	Electric	opponent	2	2	Flip Switch{desc}Deal {dmg} Electric damage three times.	Electric*3		1	1	0.5	1	0	0	sparkCircle			Foudroiement{desc}Inflige {dmg} point(s) de dégâts électriques à 3 reprises.	Kippschalter{desc}Verursache dreimal {dmg} Elektroschaden.	Interruptor{desc}Inflige {dmg} punto(s) de daño eléctrico tres veces.	Interruptor{desc}Causa {dmg} de dano Elétrico três vezes.	反复开关{desc}造成 3 次{dmg}带电伤害。	スイッチオン{desc}{dmg}電気ダメージを3回与える。	Переключатель{desc}Наносит {dmg} электрического урона три раза.
Flip Switch+	Attack	power	1	Electric	opponent	2	3	Flip Switch+{desc}Deal {dmg} Electric damage three times.	Electric*3		0	1	0.5	1	1	0	sparkCircle			Foudroiement+{desc}Inflige {dmg} point(s) de dégâts électriques à 3 reprises.	Kippschalter+{desc}Verursache dreimal {dmg} Elektroschaden.	Interruptor +{desc}Inflige {dmg} punto(s) de daño eléctrico tres veces.	Interruptor+{desc}Causa {dmg} de dano Elétrico três vezes.	反复开关+{desc}造成 3 次 {dmg} 点带电伤害。	スイッチオン+{desc}{dmg}電気ダメージを3回与える。	Переключатель+{desc}Наносит {dmg} электрического урона три раза.
																										
								// Shop-only cards																		
Conduit	Skill			Electric	anyone	1	22	Conduit{desc}Distribute the [color=#5343EE]Charge[/color] of an enemy or an ally equally among your Spirits.			0	0	2	0	0	0	sparkCircle			Transmission{desc}Répartit les effets [color=#5343EE]Charge[/color] d'un ennemi ou d'un allié de façon équitable entre tous tes esprits.	Leitung{desc}Verteile die [color=#5343EE]Ladung[/color] eines Gegners oder Verbündeten gleichmäßig unter deinen Geistern.	Conducto{desc}Distribuye el efecto de [color=#5343EE]Asalto[/color] que sufre un enemigo o aliado de manera uniforme entre tus espíritus.	Conduíte{desc}Distribui a [color=#5343EE]Carga[/color] de um inimigo ou de um aliado igualmente entre seus Espíritos.	能量周转{desc}将一个敌方或友方单位的[color=#5343EE]充能[/color]均匀分配给你的所有精灵。	コンジット{desc}敵もしくは味方1体の[color=#5343EE]チャージ[/color]が、プレイヤーのパーティー間で均等に分配される。	Коммутатор{desc}Равномерно распределяет [color=#5343EE]Заряд[/color] врага или союзника между вашими Духами.
Lightning Spike	Attack	power	1	Electric	opponent	1	23	Lightning Spike{desc}Deal {dmg} damage. Charge affects this card 2x.	Electric		1	0	2	0	0	0	lightningBolt			Coup de tonnerre{desc}Inflige {dmg} point(s) de dégâts. Les effets Charge comptent double pour cette carte.	Blitzstachel{desc}Verursache {dmg} Schaden. Ladung betrifft diese Karte 2x.	Relámpago{desc}Inflige {dmg} punto(s) de daño. El efecto Asalto se duplica en esta carta.	Para-Raios{desc}Causa {dmg} de dano. A Carga afeta esta carta 2 vezes.	闪电尖刺{desc}造成{dmg}点带电伤害。受到充能影响时，造成 2 倍伤害。	ライトニングスパイク{desc}{dmg}でんきダメージを与える。チャージがあると、威力が2倍になる。	Скачок напряжения{desc}Наносит {dmg} урона. Заряд усиливает эту карту в 2 раза.
Lightning Spike+	Attack	power	1	Electric	opponent	1	24	Lightning Spike+{desc}Deal {dmg} damage. Charge affects this card 3x.	Electric		0	0	2	0	0	0	lightningBolt			Coup de tonnerre+{desc}Inflige {dmg} point(s) de dégâts. Les effets Charge comptent triple pour cette carte.	Blitzstachel+{desc}Verursache {dmg} Schaden. Ladung betrifft diese Karte 3x.	Relámpago +{desc}Inflige {dmg} punto(s) de daño. El efecto Asalto se triplica en esta carta.	Para-Raios+{desc}Causa {dmg} de dano. A Carga afeta esta carta 3 vezes.	闪电尖刺+{desc}造成{dmg}点带电伤害。受到充能影响时，造成 3 倍伤害。	ライトニングスパイク+{desc}{dmg}でんきダメージを与える。チャージがあると、威力が3倍になる。	Скачок напряжения+{desc}Наносит {dmg} урона. Заряд усиливает эту карту в 3 раза.
																										
																										
																										
																										
																										
																										
																										
																										
																										
																										
																										
																										
																										
																										
																										
																										
																										
																										
																										
																										
																										
																										
																										
																										
																										
																										

	type	stat	multiplier	element	target	playerCost	rarity	EN	damage	condition	upgradeable	AI	weight	exhaust	retain	armor	gfx	draw	energy_gain	FR	DE	ES	BR	CN	JP	
																										
																										
Torch	Attack	power	1	Fire	opponent	1	1	Torch{desc}Deal {dmg} Fire damage.	Fire		1	1	0.8	0	0	0	fire			Torche{desc}Inflige {dmg} point(s) de dégâts de feu.	Fackel{desc}Verursache {dmg} Feuerschaden.	Ignición{desc}Inflige {dmg} punto(s) de daño de fuego.	Tocha{desc}Causa {dmg} de dano de Fogo.	火炬{desc}造成{dmg}点火力伤害。	たいまつ{desc}{dmg}炎ダメージを与える。	Факел{desc}Наносит {dmg} огненного урона.
Torch+	Attack	power	2	Fire	opponent	1	2	Torch+{desc}Deal {dmg} Fire damage.	Fire		0	1	0.8	0	0	0	fire			Torche+{desc}Inflige {dmg} point(s) de dégâts de feu.	Fackel+{desc}Verursache {dmg} Feuerschaden.	Ignición +{desc}Inflige {dmg} punto(s) de daño de fuego.	Tocha+{desc}Causa {dmg} de dano de Fogo.	火炬+{desc}造成 {dmg} 火力伤害。	たいまつ+{desc}{dmg}炎ダメージを与える。	Факел+{desc}Наносит {dmg} огненного урона.
Fireball	Attack	power	1	Fire	randomOpponents	1	2	Fireball{desc}Deal {dmg} Fire damage to two random enemies.	Fire*2		1	1	1	0	0	0	burnBall2			Boule de feu{desc}Inflige {dmg} point(s) de dégâts de feu à 2 ennemis aléatoires.	Feuerball{desc}Verursache {dmg} Feuerschaden bei 2 zufälligen Gegnern.	Bola de Fuego{desc}Inflige {dmg} punto(s) de daño de fuego a dos enemigos al azar.	Bola de Fogo{desc}Causa {dmg} de dano de Fogo a dois inimigos aleatórios.	火球{desc}对 2 个随机敌人造成{dmg}点火力伤害。	火炎玉{desc}ランダムな敵2体に{dmg}炎ダメージを与える。	Шар огня{desc}Наносит {dmg} огненного урона двум случайным врагам.
Fireball+	Attack	power	1	Fire	randomOpponents	1	3	Fireball+{desc}Deal {dmg} Fire damage to three random enemies.	Fire*3		0	1	1	0	0	0	burnBall2			Boule de feu+{desc}Inflige {dmg} point(s) de dégâts de feu à 3 ennemis aléatoires.	Feuerball+{desc}Verursache {dmg} Feuerschaden bei 3 zufälligen Gegnern.	Bola de Fuego +{desc}Inflige {dmg} punto(s) de daño de fuego a tres enemigos al azar.	Bola de Fogo+{desc}Causa {dmg} de dano de Fogo a três inimigos aleatórios.	火球+{desc}对 3 个随机敌人造成 {dmg} 点火力伤害。	火炎玉+{desc}ランダムな敵3体に{dmg}炎ダメージを与える。	Шар огня+{desc}Наносит {dmg} огненного урона трем случайным врагам.
Burn	Skill	power	1	Fire	opponent	1	1	Burn{desc}Apply {cnd} [color=#5343EE]Burn[/color]. ^Remove 1 Armor.		Burn	1	1	0.5	0	0	1	burn			Brûlure{desc}Applique {cnd} effet(s) [color=#5343EE]Brûlure[/color]. ^Réduit l'armure de 1.	Verbrennen{desc}Bewirke {cnd} [color=#5343EE]Verbrennen[/color]. ^Entferne 1 Rüstung.	Quemadura{desc}Provoca {cnd} [color=#5343EE]Quemadura[/color].^Elimina 1 punto de Armadura.	Queimadura{desc}Aplica {cnd} [color=#5343EE]Queimadura[/color]. ^Remove 1 de Armadura.	灼烧{desc}施加{cnd} [color=#5343EE]灼烧[/color]。^解除 1 点防御。	やけど{desc}{cnd} [color=#5343EE]やけど[/color]を付与する。^アーマーを1減らす。	Ожог{desc}Добавляет {cnd} [color=#5343EE]Ожога[/color].^Снимает 1 броню.
Burn+	Skill	power	2	Fire	opponent	1	2	Burn+{desc}Apply {cnd} [color=#5343EE]Burn[/color]. ^Remove 2 Armor.		Burn	0	1	0.5	0	0	2	burn			Brûlure+{desc}Applique {cnd} effet(s) [color=#5343EE]Brûlure[/color]. ^Réduit l'armure de 2.	Verbrennen+{desc}Bewirke {cnd} [color=#5343EE]Verbrennen[/color]. ^Entferne 2 Rüstung.	Quemadura +{desc}Provoca {cnd} [color=#5343EE]Quemadura[/color].^Elimina 2 puntos de Armadura.	Queimadura+{desc}Aplica {cnd} [color=#5343EE]Queimadura[/color]. ^Remove 2 de Armadura.	灼烧+{desc}施加 {cnd} [color=#5343EE]灼烧[/color]。^解除 2 点防御。	やけど+{desc}{cnd} [color=#5343EE]やけど[/color]を付与する。^アーマーを2減らす。	Ожог+{desc}Добавляет {cnd} [color=#5343EE]Ожога[/color].^Снимает 2 брони.
Rain Fire	Skill	power	1	Fire	randomOpponents	1	2	Rain Fire{desc}Apply {cnd} [color=#5343EE]Burn[/color] to random enemies twice.		Burn*2	1	1	0.5	0	0	0	burnBall1			Pluie de feu{desc}Applique {cnd} effet(s) [color=#5343EE]Brûlure[/color] à 2 reprises à des ennemis aléatoires.	Feuerregen{desc}Bewirke zweimal {cnd} [color=#5343EE]Verbrennen[/color] bei zufälligen Gegnern.	Lluvia de Fuego{desc}Provoca {cnd} [color=#5343EE]Quemadura[/color] a enemigos al azar dos veces.	Chuva de Fogo{desc}Aplica {cnd} [color=#5343EE]Queimadura[/color] a todos os inimigos duas vezes.	火雨{desc}对随机敌人施加 2 次{cnd} [color=#5343EE]灼烧[/color]。	火の雨{desc}ランダムな敵に2回、{cnd} [color=#5343EE]やけど[/color]を付与する。	Огненный дождь{desc}Добавляет {cnd} [color=#5343EE]Ожога[/color] случайным врагам два раза.
Rain Fire+	Skill	power	1	Fire	randomOpponents	1	3	Rain Fire+{desc}Apply {cnd} [color=#5343EE]Burn[/color] to random enemies three times.		Burn*3	0	1	0.5	0	0	0	burnBall1			Pluie de feu+{desc}Applique {cnd} effet(s) [color=#5343EE]Brûlure[/color] à 3 reprises à des ennemis aléatoires.	Feuerregen+{desc}Bewirke dreimal {cnd} [color=#5343EE]Verbrennen[/color] bei zufälligen Gegnern.	Lluvia de Fuego +{desc}Provoca {cnd} [color=#5343EE]Quemadura[/color] a enemigos al azar tres veces.	Chuva de Fogo+{desc}Aplica {cnd} [color=#5343EE]Queimadura[/color] a inimigos aleatórios três vezes.	火雨+{desc}对随机敌人施加 3 次 {cnd} [color=#5343EE]灼烧[/color]。	火の雨+{desc}ランダムな敵に3回、{cnd} [color=#5343EE]やけど[/color]を付与する。	Огненный дождь+{desc}Добавляет {cnd} [color=#5343EE]Ожога[/color] случайным врагам три раза.
Fan Flames	Skill			Fire	opponent	1	2	Fan Flames{desc}Double target's [color=#5343EE]Burn[/color].			1	1	0.5	1	0	0	burnBall2			Embrasement{desc}Double le nombre d'effets [color=#5343EE]Brûlure[/color] de la cible.	Flammenfächer{desc}Verdopple das [color=#5343EE]Verbrennen[/color] des Ziels.	Avivar las Llamas{desc}Duplica la [color=#5343EE]Quemadura[/color] del objetivo.	Reação em Cadeia{desc}Duplica a [color=#5343EE]Queimadura[/color] do alvo.	火扇{desc}将目标的[color=#5343EE]灼烧[/color]效果加倍。	火の扇{desc}ターゲットの[color=#5343EE]やけど[/color]が2倍になる。	Пожар{desc}Удваивает [color=#5343EE]Ожог[/color] противника.
Fan Flames+	Skill			Fire	opponents	1	3	Fan Flames+{desc}Double all enemies' [color=#5343EE]Burn[/color].			0	1	0.5	1	0	0	burnBall2			Embrasement{desc}Double le nombre d'effets [color=#5343EE]Brûlure[/color] de tous les ennemis.	Flammenfächer+{desc}Verdopple das [color=#5343EE]Verbrennen[/color] aller Gegner.	Avivar las Llamas +{desc}Duplica la [color=#5343EE]Quemadura[/color] de todos los enemigos.	Reação em Cadeia+{desc}Duplica a [color=#5343EE]Queimadura[/color] de todos os inimigos.	火扇+{desc}将所有敌人的[color=#5343EE]灼烧[/color]效果加倍。	炎の扇+{desc}敵全体の[color=#5343EE]やけど[/color]が2倍になる。	Пожар+{desc}Удваивает [color=#5343EE]Ожог[/color] всех врагов.
Flamethrow	Attack	power	1.5	Fire	opponent	2	1	Flamethrow{desc}Deal {dmg} Fire damage three times. ^Draw one card.	Fire*3		1	1	0.8	0	0	0	burnBall3	1		Lance-flammes{desc}Inflige {dmg} point(s) de dégâts de feu à 3 reprises. ^Pioche une carte.	Flammenwerfer{desc}Verursache dreimal {dmg} Feuerschaden. ^Ziehe 1 Karte.	Lanzallamas{desc}Inflige {dmg} punto(s) de daño de fuego tres veces.^Roba una carta.	Lança-chamas{desc}Causa {dmg} de dano de Fogo três vezes. ^Compra uma carta.	火焰喷射{desc}造成 3 次{dmg}点火力伤害。^抽 1 张牌。	火炎放射{desc}{dmg}炎ダメージを3回与える。^カードを1枚引く。	Огнемет{desc}Наносит {dmg} огненного урона три раза. ^Получите одну карту.
Flamethrow+	Attack	power	1.5	Fire	opponent	2	2	Flamethrow+{desc}Deal {dmg} Fire damage four times. ^Draw two cards.	Fire*4		0	1	0.8	0	0	0	burnBall3	2		Lance-flammes+{desc}Inflige {dmg} point(s) de dégâts de feu à 4 reprises. ^Pioche 2 cartes.	Flammenwerfer+{desc}Verursache viermal {dmg} Feuerschaden. ^Ziehe 2 Karten.	Lanzallamas +{desc}Inflige {dmg} punto(s) de daño de fuego cuatro veces.^Roba dos cartas.	Lança-chamas+{desc}Causa {dmg} de dano de Fogo quatro vezes. ^Compra duas cartas.	火焰喷射+{desc}造成 4 次 {dmg} 点火力伤害。^抽 2 张牌。	火炎放射+{desc}{dmg}炎ダメージを4回与える。^カードを2枚引く。	Огнемет+{desc}Наносит {dmg} огненного урона четыре раза. ^Получите две карты.
Fire Breath	Attack	power	1.5	Fire	randomOpponents	2	3	Fire Breath{desc}Deal {dmg} Fire damage to random enemies three times.	Fire*3		1	1	1	0	0	0	fireBreath			Souffle enflammé{desc}Inflige {dmg} point(s) de dégâts de feu à 3 reprises à des ennemis aléatoires.	Feuerodem{desc}Verursache dreimal {dmg} Feuerschaden bei zufälligen Gegnern.	Aliento de Fuego{desc}Inflige {dmg} punto(s) de daño de fuego tres veces a enemigos al azar.	Sopro de Fogo{desc}Causa {dmg} de dano de Fogo a inimigos aleatórios três vezes.	火焰灼息{desc}对随机敌人造成 3 次{dmg}点火力伤害。	炎の息{desc}ランダムな敵に{dmg}炎ダメージを3回与える。	Огненное дыхание{desc}Наносит {dmg} огненного урона случайным врагам три раза.
Fire Breath+	Attack	power	1.5	Fire	randomOpponents	2	4	Fire Breath+{desc}Deal {dmg} Fire damage to random enemies five times.	Fire*5		0	1	1	0	0	0	fireBreath			Souffle enflammé+{desc}Inflige {dmg} point(s) de dégâts de feu à 5 reprises à des ennemis aléatoires.	Feuerodem+{desc}Verursache fünfmal {dmg} Feuerschaden bei zufälligen Gegnern.	Aliento de Fuego +{desc}Inflige {dmg} punto(s) de daño de fuego cinco veces a enemigos al azar.	Sopro de Fogo+{desc}Causa {dmg} de dano de Fogo a inimigos aleatórios cinco vezes.	火焰灼息+{desc}对随机敌人造成 5 次 {dmg} 点火力伤害。	炎の息+{desc}ランダムな敵に{dmg}炎ダメージを5回与える。	Огненное дыхание+{desc}Наносит {dmg} огненного урона случайным врагам пять раз.
Flame Feed	Skill			Fire	anyone	0	2	Flame Feed{desc}Remove half of target's [color=#5343EE]Burn[/color] and regain that much HP.			1	0	0.5	0	0	0	redVertical2			Combustion{desc}Supprime la moitié des effets [color=#5343EE]Brûlure[/color] de la cible et récupère des PV équivalents à ce montant.	Flammenmahl{desc}Entferne die Hälfte des [color=#5343EE]Verbrennens[/color] vom Ziel und erhalte so viele LP zurück.	Combustión{desc}Elimina la mitad de la [color=#5343EE]Quemadura[/color] del objetivo y recuperas esa misma cantidad en forma de PS.	Combustível{desc}Remove metade da [color=#5343EE]Queimadura[/color] do alvo. Recupera a mesma quantidade em PV.	火焰饕餮{desc}解除目标一半的[color=#5343EE]灼烧[/color]。恢复相同数量的生命值。	炎の燃料{desc}ターゲットの[color=#5343EE]やけど[/color]を半分に減らし、同量のHPを回復する。	Целебное пламя{desc}Убирает половину [color=#5343EE]Ожога[/color] у противника и восстанавливает столько же здоровья.
Flame Feed+	Skill			Fire	anyone	0	3	Flame Feed+{desc}Remove all of target's [color=#5343EE]Burn[/color] and regain that much HP.			0	0	0.5	0	0	0	redVertical2			Combustion+{desc}Supprime tous les effets [color=#5343EE]Brûlure[/color] de la cible et récupère des PV équivalents à ce montant.	Flammenmahl+{desc}Entferne sämtliches [color=#5343EE]Verbrennen[/color] vom Ziel und erhalte so viele LP zurück.	Combustión +{desc}Elimina toda la [color=#5343EE]Quemadura[/color] del objetivo y recuperas esa misma cantidad en forma de PS.	Combustível+{desc}Remove toda a [color=#5343EE]Queimadura[/color] do alvo e recupera a mesma quantidade em PV.	火焰饕餮+{desc}解除目标的所有[color=#5343EE]灼烧[/color]，并恢复相同数量的生命值。	炎の燃料+{desc}ターゲットの[color=#5343EE]やけど[/color]をすべて減らし、同量のHPを回復する。	Целебное пламя+{desc}Убирает весь [color=#5343EE]Ожог[/color] у противника и восстанавливает столько же здоровья.
Explode	Skill	power	6	Fire	opponent+self	0	3	Explode{desc}Deal {dmg} Fire damage to one target and yourself.	Fire		1	0	0.5	0	0	0	mindBlast			Explosion{desc}Inflige {dmg} point(s) de dégâts de feu à une cible et à soi-même.	Explosion{desc}Verursache {dmg} Feuerschaden bei einem Ziel und dir selbst.	Explosión{desc}Inflige {dmg} punto(s) de daño de fuego a un objetivo. Tú sufres el mismo daño.	Explosão{desc}Causa {dmg} de dano de Fogo a um alvo e a si mesmo.	爆炸{desc}对一个目标和你自己造成{dmg}点火力伤害。	爆発{desc}ターゲット1体と自分に{dmg}炎ダメージを与える。	Взрыв{desc}Наносит {dmg} огненного урона одной цели и себе.
Explode+	Skill	power	8	Fire	opponent+self	0	4	Explode+{desc}Deal {dmg} Fire damage to one target and yourself.	Fire		0	0	0.5	0	0	0	mindBlast			Explosion+{desc}Inflige {dmg} point(s) de dégâts de feu à une cible et à soi-même.	Explosion+{desc}Verursache {dmg} Feuerschaden bei einem Ziel und dir selbst.	Explosión +{desc}Inflige {dmg} punto(s) de daño de fuego a un objetivo. Tú sufres el mismo daño.	Explosão+{desc}Causa {dmg} de dano de Fogo a um alvo e a si mesmo.	爆炸+{desc}对一个目标和你自己造成 {dmg} 点火力伤害。	爆発+{desc}ターゲット1体と自分に{dmg}炎ダメージを与える。	Взрыв+{desc}Наносит {dmg} огненного урона одной цели и себе.
Fire Storm	Skill	power	0.25	Fire	randomOpponents	2	5	Fire Storm{desc}Apply {cnd} [color=#5343EE]Burn[/color] to random enemies ten times. 		Burn*10	0	1	0.5	1	0	0	burnBall1			Tempête de feu{desc}Applique {cnd} effet(s) [color=#5343EE]Brûlure[/color] à 10 reprises à des ennemis aléatoires.	Feuersturm{desc}Bewirke 10-mal {cnd} [color=#5343EE]Verbrennen[/color] bei zufälligen Gegnern.	Tormenta de Fuego{desc}Provoca {cnd} [color=#5343EE]Quemadura[/color] diez veces a enemigos al azar.	Tempestade de Fogo{desc}Aplica {cnd} [color=#5343EE]Queimadura[/color] a inimigos aleatórios dez vezes.	火焰风暴{desc}对随机敌人施加 10 次{cnd} [color=#5343EE]灼烧[/color]。	ファイアストーム{desc}ランダムな敵に10回、{cnd} [color=#5343EE]やけど[/color]を付与する。	Огненная буря{desc}Добавляет {cnd} [color=#5343EE]Ожога[/color] случайным врагам десять раз.
Flint	Attack	power	2	Fire	opponent	2	1	Flint{desc}Deal {dmg} Fire damage ^Draw one card.	Fire		1	0	0.8	0	1	0	fire	1		Silex{desc}Inflige {dmg} point(s) de dégâts de feu. ^Pioche une carte.	Feuerstein{desc}Verursache {dmg} Feuerschaden. ^Ziehe 1 Karte.	Pedernal{desc}Inflige {dmg} punto(s) de daño de fuego.^Roba una carta.	Pederneira{desc}Causa {dmg} de dano de Fogo ^Compra uma carta.	燧石{desc}造成{dmg}点火力伤害。^抽 1 张牌。	火打石{desc}{dmg}炎ダメージを与える。^カードを1枚引く。	Огниво{desc}Наносит {dmg} огненного урона ^Получите одну карту.
Flint+	Attack	power	2	Fire	opponent	2	2	Flint+{desc}Deal {dmg} Fire damage ^Draw two cards.	Fire		0	0	0.8	0	1	0	fire	2		Silex+{desc}Inflige {dmg} point(s) de dégâts de feu. ^Pioche 2 cartes.	Feuerstein+{desc}Verursache {dmg} Feuerschaden. ^Ziehe 2 Karten.	Pedernal +{desc}Inflige {dmg} punto(s) de daño de fuego.^Roba dos cartas.	Pederneira+{desc}Causa {dmg} de dano de Fogo. ^Compra duas cartas.	燧石+{desc}造成 {dmg} 点火力伤害。^抽 2 张牌。	火打石+{desc}{dmg}炎ダメージを与える。^カードを2枚引く。	Огниво+{desc}Наносит {dmg} огненного урона ^Получите две карты.
Blaze	Attack	power	3	Fire	opponent	3	3	Blaze{desc}Deal {dmg} Fire damage.	Fire		1	1	1	0	0	0	fire			Flambée{desc}Inflige {dmg} point(s) de dégâts de feu.	Feuersbrunst{desc}Verursache {dmg} Feuerschaden.	Llamarada{desc}Inflige {dmg} punto(s) de daño de fuego.	Labareda{desc}Causa {dmg} de dano de Fogo.	烈焰{desc}造成{dmg}点火力伤害。	火炎{desc}{dmg}炎ダメージを与える。	Пламя{desc}Наносит {dmg} огненного урона.
Blaze+	Attack	power	3	Fire	opponents	3	4	Blaze+{desc}Deal {dmg} Fire damage to all enemies.	Fire		0	1	1	0	0	0	fire			Flambée+{desc}Inflige {dmg} point(s) de dégâts de feu à tous les ennemis.	Feuersbrunst+{desc}Verursache {dmg} Feuerschaden bei allen Gegnern.	Llamarada +{desc}Inflige {dmg} punto(s) de daño de fuego a todos los enemigos.	Labareda+{desc}Causa {dmg} de dano de Fogo a todos os inimigos.	烈焰+{desc}对所有敌人造成 {dmg} 点火力伤害。	火炎+{desc}敵全体に{dmg}炎ダメージを与える。	Пламя+{desc}Наносит {dmg} огненного урона всем врагам.
																										
								// Shop-only cards																		
Flaming Fist	Attack		0	Fire	opponent	2	22	Flaming Fist{desc}Deal damage equal to target’s [color=#5343EE]Burn[/color].	Fire		1	0	2	0	0	0	fireBreath			Poing enflammé{desc}Inflige des dégâts égaux au nombre d'effets [color=#5343EE]Brûlure[/color] de la cible.	Flammenfaust{desc}Verursache Schaden in der Höhe von [color=#5343EE]Verbrennen[/color] des Ziels.	Puño Flamígero{desc}Inflige la misma cantidad de daño que le provoca [color=#5343EE]Quemadura[/color] al objetivo.	Punho Flamejante{desc}Causa dano igual à [color=#5343EE]Queimadura[/color] do alvo.	炎拳{desc}造成等于目标[color=#5343EE]燃烧[/color]点数的火力伤害。	燃えるこぶし{desc}ターゲットが付与されている[color=#5343EE]やけど[/color]に相当するほのおダメージを与える。	Огненный кулак{desc}Наносит урон, равный [color=#5343EE]Ожогу[/color] цели.
Flaming Fist+	Attack		0	Fire	opponent	2	23	Flaming Fist+{desc}Deal damage equal to double target’s [color=#5343EE]Burn[/color].	Fire		0	0	2	0	0	0	fireBreath			Poing enflammé+{desc}Inflige des dégâts égaux au double du nombre d'effets [color=#5343EE]Brûlure[/color] de la cible.	Flammenfaust+{desc}Verursache Schaden in der doppelten Höhe von [color=#5343EE]Verbrennen[/color] des Ziels.	Puño Flamígero +{desc}Inflige el doble de daño que le provoca [color=#5343EE]Quemadura[/color] al objetivo.	Punho Flamejante+{desc}Causa dano igual ao dobro da [color=#5343EE]Queimadura[/color] do alvo.	炎拳+{desc}造成等于目标[color=#5343EE]燃烧[/color]双倍点数的火力伤害。	燃えるこぶし+{desc}ターゲットが付与されている[color=#5343EE]やけど[/color]の2倍に相当するほのおダメージを与える。	Огненный кулак+{desc}Наносит урон, равный удвоенному [color=#5343EE]Ожогу[/color] цели.
Overheat	Attack	power	2	Fire	opponent	1	22	Overheat{desc}Deal {dmg} damage. Receive half the damage as [color=#5343EE]Burn[/color].	Fire		1	0	2	0	0	0	burnPoint2			Surchauffe{desc}Inflige {dmg} point(s) de dégâts. Applique à soi-même la moitié des dégâts sous forme d'effets [color=#5343EE]Brûlure[/color].	Überhitzen{desc}Verursache {dmg} Schaden. Erhalte die Hälfte des Schadens als [color=#5343EE]Verbrennen[/color].	Abrasión{desc}Inflige {dmg} punto(s) de daño. Recibes la mitad del daño como [color=#5343EE]Quemadura[/color].	Superaquecimento{desc}Causa {dmg} de dano. Receba metade do dano como [color=#5343EE]Queimadura[/color].	过热{desc}造成{dmg}点火力伤害。自身承受一半的伤害以施加[color=#5343EE]燃烧[/color]。	オーバーヒート{desc}{dmg}ほのおダメージを与え、そのダメージの半分に相当する[color=#5343EE]やけど[/color]を受ける。	Перегрев{desc}Наносит {dmg} урона. Получает половину урона как [color=#5343EE]Ожог[/color].
Overheat+	Attack	power	3	Fire	opponent	1	23	Overheat+{desc}Deal {dmg} damage. Receive half the damage as [color=#5343EE]Burn[/color].	Fire		0	0	2	0	0	0	burnPoint2			Surchauffe+{desc}Inflige {dmg} point(s) de dégâts. Applique à soi-même la moitié des dégâts sous forme d'effets [color=#5343EE]Brûlure[/color].	Überhitzen+{desc}Verursache {dmg} Schaden. Erhalte die Hälfte des Schadens als [color=#5343EE]Verbrennen[/color].	Abrasión+{desc}Inflige {dmg} punto(s) de daño. Recibes la mitad del daño como [color=#5343EE]Quemadura[/color].	Superaquecimento+{desc}Causa {dmg} de dano. Receba metade do dano como [color=#5343EE]Queimadura[/color].	过热+{desc}造成{dmg}点火力伤害。自身承受一半的伤害以施加[color=#5343EE]燃烧[/color]。	オーバーヒート+{desc}{dmg}ほのおダメージを与え、そのダメージの半分に相当する[color=#5343EE]やけど[/color]を受ける。	Перегрев+{desc}Наносит {dmg} урона. Получает половину урона как [color=#5343EE]Ожог[/color].
																										
																										
																										
																										
																										
																										
																										
																										
																										
																										
																										
																										
																										
																										
																										
																										
																										
																										
																										
																										
																										
																										
																										
																										
																										
																										
																										
																										
																										
																										
																										
																										
																										
																										

	type	stat	multiplier	element	target	playerCost	rarity	EN	damage	condition	upgradeable	AI	weight	exhaust	retain	armor	gfx	draw	energy_gain	FR	DE	ES	BR	CN	JP	
																										
																										
Eldritch Blast	Attack	power	1	Dark	opponent	1	1	Eldritch Blast{desc}Deal {dmg} Dark damage.	Dark		1	1	0.6	0	0	0	darkSplat			Explosion occulte{desc}Inflige {dmg} point(s) de dégâts de ténèbres.	Geisterschlag{desc}Verursache {dmg} Dunkelschaden.	Explosión Lúgubre{desc}Inflige {dmg} punto(s) de daño de oscuridad.	Explosão Sobrenatural{desc}Causa {dmg} de dano Sombrio.	邪能爆炸{desc}造成{dmg}点暗黑伤害。	不気味な爆発{desc}{dmg}闇ダメージを与える。	Оккультный взрыв{desc}Наносит {dmg} темного урона.
Eldritch Blast+	Attack	power	2	Dark	opponent	1	2	Eldritch Blast+{desc}Deal {dmg} Dark damage.	Dark		0	1	0.8	0	0	0	darkSplat			Explosion occulte+{desc}Inflige {dmg} point(s) de dégâts de ténèbres.	Geisterschlag+{desc}Verursache {dmg} Dunkelschaden.	Explosión Lúgubre +{desc}Inflige {dmg} punto(s) de daño de oscuridad.	Explosão Sobrenatural+{desc}Causa {dmg} de dano Sombrio.	邪能爆炸+{desc}造成 {dmg} 点暗黑伤害。	不気味な爆発+{desc}{dmg}闇ダメージを与える。	Оккультный взрыв+{desc}Наносит {dmg} темного урона.
Horrify	Attack	power	1	Dark	opponents	2	3	Horrify{desc}Deal {dmg} Dark damage to all enemies.	Dark		1	1	2	0	0	0	mindSpike			Horreur{desc}Inflige {dmg} point(s) de dégâts de ténèbres à tous les ennemis.	Abscheu{desc}Verursache {dmg} Dunkelschaden bei allen Gegnern.	Espanto{desc}Inflige {dmg} punto(s) de daño de oscuridad a todos los enemigos.	Aterrorizar{desc}Causa {dmg} de dano Sombrio a todos os inimigos.	毛骨悚然{desc}对所有敌人造成{dmg}点暗黑伤害。	恐怖{desc}敵全体に{dmg}闇ダメージを与える。	Ужас{desc}Наносит {dmg} темного урона всем врагам.
Horrify+	Attack	power	2	Dark	opponents	2	4	Horrify+{desc}Deal {dmg} Dark damage to all enemies.	Dark		0	0	2	0	0	0	mindSpike			Horreur+{desc}Inflige {dmg} point(s) de dégâts de ténèbres à tous les ennemis.	Abscheu+{desc}Verursache {dmg} Dunkelschaden bei allen Gegnern.	Espanto +{desc}Inflige {dmg} punto(s) de daño de oscuridad a todos los enemigos.	Aterrorizar+{desc}Causa {dmg} de dano Sombrio a todos os inimigos.	毛骨悚然+{desc}对所有敌人造成 {dmg} 点暗黑伤害。	恐怖+{desc}}敵全体に{dmg}闇ダメージを与える。	Ужас+{desc}Наносит {dmg} темного урона всем врагам.
Forbidden Force	Attack	power	0.5	Dark	opponent+self	1	1	Forbidden Force{desc}Deal {dmg} Dark damage to an enemy and yourself five times.	Dark*5		1	0	1	0	0	0	mindSpike			Force défendue{desc}Inflige {dmg} point(s) de dégâts de ténèbres à un ennemi et à soi à 5 reprises.	Verbotene Macht{desc}Verursache fünfmal {dmg} Dunkelschaden bei einem Gegner und dir selbst.	Fuerzas Prohibidas{desc}Inflige {dmg} punto(s) de daño de oscuridad a un enemigo cinco veces. Tú sufres el mismo daño.	Força Proibida{desc}Causa {dmg} de dano Sombrio a um inimigo e a si cinco vezes.	禁忌力量{desc}对一个敌人和你自己造成 5 次{dmg}点暗黑伤害。	禁断の力{desc}敵1体と自分に{dmg}闇ダメージを5回与える。	Запретная сила{desc}Наносит {dmg} темного урона врагу и себе пять раз.
Forbidden Force+	Attack	power	0.5	Dark	opponent+self	1	2	Forbidden Force+{desc}Deal {dmg} Dark damage to an enemy and yourself seven times.	Dark*7		0	0	1	0	0	0	mindSpike			Force défendue+{desc}Inflige {dmg} point(s) de dégâts de ténèbres à un ennemi et à soi à 7 reprises.	Verbotene Macht+{desc}Verursache siebenmal {dmg} Dunkelschaden bei einem Gegner und dir selbst.	Fuerzas Prohibidas +{desc}Inflige {dmg} punto(s) de daño de oscuridad a un enemigo siete veces. Tú sufres el mismo daño.	Força Proibida+{desc}Causa {dmg} de dano Sombrio a um inimigo e a si sete vezes.	禁忌力量+{desc}对一个敌人和你自己造成 7 次 {dmg} 点暗黑伤害。	禁断の力+{desc}敵1体と自分に{dmg}闇ダメージを7回与える。	Запретная сила+{desc}Наносит {dmg} темного урона врагу и себе семь раз.
Mind Sliver	Attack	power	2	Dark	randomOpponents,self	2	1	Mind Sliver{desc} Deal {dmg} Dark damage to a random enemy, and possibly yourself, twice.	Dark*2		1	0	1	0	0	0	mindSpike			Fragment d'âme{desc}Inflige {dmg} point(s) de dégâts de ténèbres à 2 reprises à un ennemi aléatoire et peut-être à soi.	Gedankensplitter{desc} Verursache zweimal {dmg} Dunkelschaden bei einem zufälligen Gegner und möglicherweise dir selbst.	Astilla Mental{desc} Inflige {dmg} punto(s) de daño de oscuridad a un enemigo al azar dos veces. Es posible que sufras el mismo daño.	Mente Fraca{desc} Causa {dmg} de dano Sombrio a um inimigo aleatório, e possivelmente a si, duas vezes.	心灵切割{desc}对一个随机敌人，可能包括你自己，造成 2 次{dmg}点暗黑伤害。	マインドスライバー{desc}ランダムな敵1体と、場合によっては自分に、{dmg}闇ダメージを2回与える。	Осколок разума{desc}Наносит {dmg} темного урона дважды случайному врагу или себе.
Mind Sliver+	Attack	power	2	Dark	randomOpponents,self	2	2	Mind Sliver+{desc} Deal {dmg} Dark damage to a random enemy, and possibly yourself, three times.	Dark*3		0	0	1	0	0	0	mindSpike			Fragment d'âme+{desc}Inflige {dmg} point(s) de dégâts de ténèbres à 3 reprises à un ennemi aléatoire et peut-être à soi.	Gedankensplitter+{desc} Verursache dreimal {dmg} Dunkelschaden bei einem zufälligen Gegner und möglicherweise dir selbst.	Astilla Mental +{desc} Inflige {dmg} punto(s) de daño de oscuridad a un enemigo al azar tres veces. Es posible que sufras el mismo daño.	Mente Fraca+{desc} Causa {dmg} de dano Sombrio a um inimigo aleatório, e possivelmente a si, três vezes.	心灵切割+{desc}对一个随机敌人，可能包括你自己，造成 3 次 {dmg} 点暗黑伤害。	マインドスライバー+{desc}ランダムな敵1体と、場合によっては自分に、{dmg}闇ダメージを3回与える。	Осколок разума+{desc}Наносит {dmg} темного урона трижды случайному врагу или себе.
Dark Energy	Attack	power	2	Dark	self	0	3	Dark Energy{desc}Deal {dmg} Dark damage to yourself. Gain one Energy.	Dark		1	0	1	0	0	0	mindSpike		1	Énergie noire{desc}Inflige {dmg} point(s) de dégâts de ténèbres à soi. Gagne 1 point d'énergie.	Dunkle Energie{desc}Verursache {dmg} Dunkelschaden. Erhalte 1 Energie.	Energía Oscura{desc}Sufres {dmg} punto(s) de daño de oscuridad. Obtienes un punto de energía.	Energia Sombria{desc}Causa {dmg} de dano Sombrio a si. Recebe 1 de Energia.	暗黑能源{desc}对你自己造成{dmg}点暗黑伤害。获得 1 点能源。	闇のエネルギー{desc}自分に{dmg}闇ダメージを与える。エネルギーを1獲得する。	Тёмная энергия{desc}Наносит {dmg} темного урона себе. Получите 1 энергию.
Dark Energy+	Attack	power	3	Dark	self	0	4	Dark Energy+{desc}Deal {dmg} Dark damage to yourself. Gain two Energy.	Dark		0	0	1	0	0	0	mindSpike		2	Énergie noire+{desc}Inflige {dmg} point(s) de dégâts de ténèbres à soi. Gagne 2 points d'énergie.	Dunkle Energie+{desc}Verursache {dmg} Dunkelschaden. Erhalte 2 Energie.	Energía Oscura +{desc}Sufres {dmg} punto(s) de daño de oscuridad. Obtienes dos puntos de energía.	Energia Sombria+{desc}Causa {dmg} de dano Sombrio a si. Recebe 2 de Energia.	暗黑能源+{desc}对你自己造成 {dmg} 点暗黑伤害。获得 2 点能源。	闇のエネルギー+{desc}自分に{dmg}闇ダメージを与える。エネルギーを2獲得する。	Тёмная энергия+{desc}Наносит {dmg} темного урона себе. Получите 2 энергии.
Wild Magic	Attack	power	2	Dark	singleRandomOpponent,self	1	3	Wild Magic{desc}Deal {dmg} Dark damage to one target or possibly yourself.	Dark		1	0	1	0	0	0	mindSpike			Magie instable{desc}Inflige {dmg} point(s) de dégâts de ténèbres à une cible ou à soi.	Wilde Magie{desc}Verursache {dmg} Dunkelschaden bei einem Ziel oder möglicherweise dir selbst.	Magia Salvaje{desc}Inflige {dmg} punto(s) de daño de oscuridad a un objetivo o quizá lo sufras tú.	Magia Selvagem{desc}Causa {dmg} de dano Sombrio a um alvo ou possivelmente a si.	野性魔法{desc}对一个目标，也可能是你自己，造成{dmg}点暗黑伤害。	ワイルドマジック{desc}ターゲット1体と、場合によっては自分に、{dmg}闇ダメージを与える。	Дикая магия{desc}Наносит {dmg} темного урона случайному врагу или себе.
Wild Magic+	Attack	power	3	Dark	singleRandomOpponent,self	1	4	Wild Magic+{desc}Deal {dmg} Dark damage to one target or possibly yourself.	Dark		0	0	1	0	0	0	mindSpike			Magie instable+{desc}Inflige {dmg} point(s) de dégâts de ténèbres à une cible ou à soi.	Wilde Magie+{desc}Verursache {dmg} Dunkelschaden bei einem Ziel oder möglicherweise dir selbst.	Magia Salvaje +{desc}Inflige {dmg} punto(s) de daño de oscuridad a un objetivo o quizá lo sufras tú.	Magia Selvagem+{desc}Causa {dmg} de dano Sombrio a um alvo ou possivelmente a si.	野性魔法+{desc}对一个目标，也可能是你自己，造成 {dmg} 点暗黑伤害。	ワイルドマジック+{desc}ターゲット1体と、場合によっては自分に、{dmg}闇ダメージを与える。	Дикая магия+{desc}Наносит {dmg} темного урона случайному врагу или себе.
Ethereal	Skill			Dark	ally	1	1	Ethereal{desc}Apply 1 [color=#5343EE]Ethereal[/color].		Ethereal:1	1	1	0.3	0	0	0	ethereal			Éthéré{desc}Applique 1 effet [color=#5343EE]Éthéré[/color].	Ätherisch{desc}Bewirke 1 [color=#5343EE]Ätherisch[/color].	Etéreo{desc}Provoca 1 acumulación de [color=#5343EE]Etéreo[/color].	Etéreo{desc}Aplica 1 de [color=#5343EE]Etéreo[/color].	虚无{desc}施加 1 点[color=#5343EE]虚无[/color]。	神秘{desc}[color=#5343EE]神秘[/color]を1付与する。	Эфир{desc}Добавляет 1 [color=#5343EE]Эфирность[/color].
Ethereal+	Skill			Dark	ally	1	2	Ethereal+{desc}Apply 2 [color=#5343EE]Ethereal[/color].		Ethereal:2	0	1	0.5	0	0	0	ethereal			Éthéré+{desc}Applique 2 effets [color=#5343EE]Éthéré[/color].	Ätherisch+{desc}Bewirke 2 [color=#5343EE]Ätherisch[/color].	Etéreo +{desc}Provoca 2 acumulaciones de [color=#5343EE]Etéreo[/color].	Etéreo+{desc}Aplica 2 de [color=#5343EE]Etéreo[/color].	虚无+{desc}施加 2 点[color=#5343EE]虚无[/color]。	神秘+{desc}[color=#5343EE]神秘[/color]を2付与する。	Эфир+{desc}Добавляет 2 [color=#5343EE]Эфирности[/color].
Spectral Hand	Attack	power	1	Dark	anyone	1	3	Spectral Hand{desc} Deal {dmg} Dark damage. ^Apply 1 [color=#5343EE]Ethereal[/color].	Dark	Ethereal:1	1	1	0.5	0	0	0	ethereal			Main spectrale{desc}Inflige {dmg} point(s) de dégâts de ténèbres. ^Applique 1 effet [color=#5343EE]Éthéré[/color].	Geisterhand{desc} Verursache {dmg} Dunkelschaden. ^Bewirke 1 [color=#5343EE]Ätherisch[/color].	Mano Espectral{desc}Inflige {dmg} punto(s) de daño de oscuridad.^Provoca 1 acumulación de [color=#5343EE]Etéreo[/color].	Mão Espectral{desc} Causa {dmg} de dano Sombrio. ^Aplica 1 de [color=#5343EE]Etéreo[/color].	鬼手{desc}造成{dmg}点暗黑伤害。^施加 1 点[color=#5343EE]虚无[/color]。	霊の手{desc}{dmg}闇ダメージを与える。^[color=#5343EE]神秘[/color]を1付与する。	Призрачная рука{desc}Наносит {dmg} темного урона. ^Добавляет 1 [color=#5343EE]Эфирность[/color].
Spectral Hand+	Attack	power	1	Dark	anyone	0	4	Spectral Hand+{desc}Deal {dmg} Dark damage. ^Apply 1 [color=#5343EE]Ethereal[/color].	Dark	Ethereal:1	0	1	0.5	0	0	0	ethereal			Main spectrale+{desc}Inflige {dmg} point(s) de dégâts de ténèbres. ^Applique 1 effet [color=#5343EE]Éthéré[/color].	Geisterhand+{desc} Verursache {dmg} Dunkelschaden. ^Bewirke 1 [color=#5343EE]Ätherisch[/color].	Mano Espectral +{desc}Inflige {dmg} punto(s) de daño de oscuridad.^Provoca 1 acumulación de [color=#5343EE]Etéreo[/color].	Mão Espectral+{desc}Causa {dmg} de dano Sombrio. ^Aplica 1 de [color=#5343EE]Etéreo[/color].	鬼手+{desc}造成 {dmg} 点暗黑伤害。^施加 1 点[color=#5343EE]虚无[/color]。	霊の手+{desc}{dmg}闇ダメージを与える。^[color=#5343EE]神秘[/color]を1付与する。	Призрачная рука+{desc}Наносит {dmg} темного урона. ^Добавляет 1 [color=#5343EE]Эфирность[/color].
Steal Life	Skill	power	1	Dark	opponent	1	1	Steal Life{desc}Steal {cnd} HP.			1	1	0.3	1	0	0	darkCore			Vol de vie{desc}Vole {cnd} PV.	Lebensdiebstahl{desc}Stiehl {cnd} LP.	Robavida{desc}Roba {cnd} PS.	Roubo de Vida{desc}Rouba {cnd} PV.	窃取生命{desc}窃取{cnd}生命值。	ライフ泥棒{desc}{cnd} HPを盗む。	Кража жизни{desc}Крадет {cnd} ОЗ.
Steal Life+	Skill	power	1.5	Dark	opponent	1	2	Steal Life+{desc}Steal {cnd} HP.			0	1	0.5	1	0	0	darkCore			Vol de vie+{desc}Vole {cnd} PV.	Lebensdiebstahl+{desc}Stiehl {cnd} LP.	Robavida +{desc}Roba {cnd} PS.	Roubo de Vida+{desc}Rouba {cnd} PV.	窃取生命+{desc}窃取 {cnd} 生命值。	ライフ泥棒+{desc}{cnd} HPを盗む。	Кража жизни+{desc}Крадет {cnd} ОЗ.
Deja Vu	Skill			Dark	allies	1	2	Deja Vu{desc}The next card you play this turn is not discarded. 			1	0	0.5	1	0	0	star			Déjà-vu{desc}La prochaine carte jouée lors de ce tour ne rejoindra pas la défausse.	Déjà-vu{desc}Die nächste Karte, die du in deinem Zug spielst, wird nicht abgeworfen.	Paramnesia{desc}La próxima carta que juegues en este turno no se descarta.	Déjà Vu{desc}A próxima carta que você jogar neste turno não é descartada.	似曾相识{desc}你本回合打出的下一张牌不会被弃置。	デジャブ{desc}このターンで次に使用するカードが捨て札に送られない。	Дежавю{desc}Следующая сыгранная в этом ходу карта не сбрасывается.
Deja Vu+	Skill			Dark	allies	1	3	Deja Vu+{desc}The next card you play this turn is not discarded.			0	0	0.5	0	0	0	star			Déjà-vu+{desc}La prochaine carte jouée lors de ce tour ne rejoindra pas la défausse.	Déjà-vu+{desc}Die nächste Karte, die du in deinem Zug spielst, wird nicht abgeworfen.	Paramnesia +{desc}La próxima carta que juegues en este turno no se descarta.	Déjà Vu+{desc}A próxima carta que você jogar neste turno não é descartada.	似曾相识+{desc}你本回合打出的下一张牌不会被弃置。	デジャブ+{desc}このターンで次に使用するカードが捨て札に送られない。	Дежавю+{desc}Следующая сыгранная в этом ходу карта не сбрасывается.
Shapeshift	Skill			Dark	anyone	1	2	Shapeshift{desc}Randomize weaknesses for the rest of combat.			1	1	0.5	1	0	0	randomize			Métamorphose{desc}Modifie les faiblesses pour le reste du combat.	Gestaltwandler{desc}Schwächen werden für den Rest des Kampfs zufällig bestimmt.	Metamorfosis{desc}Las debilidades se vuelven aleatorias para el resto del combate.	Metamorfose{desc}Randomiza as fraquezas pelo resto do combate.	变形{desc}随机改变弱点，持续到战斗结束。	シェイプシフト{desc}ターンが終わるまで、弱点がランダムになる。	Оборотень{desc}Случайным образом меняет уязвимости до конца боя.
Shapeshift+	Skill			Dark	anyone	0	3	Shapeshift+{desc}Randomize weaknesses for the rest of combat.			0	1	0.5	1	0	0	randomize			Métamorphose+{desc}Modifie les faiblesses pour le reste du combat.	Gestaltwandler+{desc}Schwächen werden für den Rest des Kampfs zufällig bestimmt.	Metamorfosis +{desc}Las debilidades se vuelven aleatorias para el resto del combate.	Metamorfose+{desc}Randomiza as fraquezas pelo resto do combate.	变形+{desc}随机改变弱点，持续到战斗结束。	シェイプシフト+{desc}ターンが終わるまで、弱点がランダムになる。	Оборотень+{desc}Случайным образом меняет уязвимости до конца боя.
Nightfall	Skill			Dark	player	0	3	Nightfall{desc}Gain 1 Energy. ^Draw one card.			1	0	0.5	1	0	0	smokeSlash	1	1	Crépuscule{desc}Gagne 1 point d'énergie.^Pioche une carte.	Anbruch der Nacht{desc}Erhalte 1 Energie. ^Ziehe 1 Karte.	Ocaso{desc}Obtienes 1 punto de energía.^Roba una carta.	Anoitecer{desc}Recebe 1 de Energia. ^Compra uma carta.	夜幕{desc}获得 1 点能源。^抽 1 张牌。	黄昏{desc}エネルギーを1獲得する。^カードを1枚引く。	Затмение{desc}Получите 1 энергию.^Получите одну карту.
Nightfall+	Skill			Dark	player	0	4	Nightfall+{desc}Gain 1 Energy. ^Draw two cards.			0	0	0.5	1	0	0	smokeSlash	2	1	Crépuscule+{desc}Gagne 1 point d'énergie. ^Pioche 2 cartes.	Anbruch der Nacht+{desc}Erhalte 1 Energie. ^Ziehe 2 Karten.	Ocaso +{desc}Obtienes 1 punto de energía.^Roba dos cartas.	Anoitecer+{desc}Recebe 1 de Energia. ^Compra duas cartas.	夜幕+{desc}获得 1 点能源。^抽 2 张牌。	黄昏+{desc}エネルギーを1獲得する。^カードを2枚引く。	Затмение+{desc}Получите 1 энергию. ^Получите две карты.
Nightmare	Skill	power	1	Dark	opponents	1	3	Nightmare{desc}Deal {dmg} Dark damage two times to all enemies.	Dark*2		1	1	0.5	0	0	0	dark			Cauchemar{desc}Inflige {dmg} point(s) de dégâts de ténèbres à 2 reprises à tous les ennemis.	Albtraum{desc}Verursache zweimal {dmg} Dunkelschaden bei allen Gegnern.	Pesadilla{desc}Inflige {dmg} punto(s) de daño de oscuridad a todos los enemigos dos veces.	Pesadelo{desc}Causa {dmg} de dano Sombrio duas vezes a todos os inimigos.	噩梦{desc}对所有敌人造成 2 次{dmg}点暗黑伤害。	悪夢{desc}敵全体に{dmg}闇ダメージを2回与える。	Кошмар{desc}Наносит {dmg} темного урона два раза всем врагам.
Nightmare+	Skill	power	1	Dark	opponents	1	4	Nightmare+{desc}Deal {dmg} Dark damage three times to all enemies.	Dark*3		0	1	0.5	0	0	0	dark			Cauchemar+{desc}Inflige {dmg} point(s) de dégâts de ténèbres à 3 reprises à tous les ennemis.	Albtraum+{desc}Verursache dreimal {dmg} Dunkelschaden bei allen Gegnern.	Pesadilla +{desc}Inflige {dmg} punto(s) de daño de oscuridad a todos los enemigos tres veces.	Pesadelo+{desc}Causa {dmg} de dano Sombrio três vezes a todos os inimigos.	噩梦+{desc}对所有敌人造成 3 次 {dmg} 点暗黑伤害。	悪夢+{desc}敵全体に{dmg}闇ダメージを3回与える。	Кошмар+{desc}Наносит {dmg} темного урона три раза всем врагам.
Necronomicon	Skill			Dark	self	0	3	Necronomicon{desc}Shuffle a Blood Rites into your draw pile.			0	0	0.5	0	0	0	portal			Nécromancie{desc}Place une carte Rites sanguinaires dans ta pioche.	Nekronomikon{desc}Mische alle Blutrituale in deinen Nachziehstapel.	Necronomicón{desc}Añade una carta Ritos Sangrientos al mazo.	Necronomicon{desc}Embaralha um Ritual Sangrento em sua pilha de compras.	死灵书{desc}将 1 张血祭牌洗入你的抽牌堆。	ネクロノミコン{desc}「血の儀式」をシャッフルして山札に加える。	Некрономикон{desc}Добавляет в вашу колоду карту Кровавый Обряд.
Blood Rites	Skill			Dark	self	0	9	Blood Rites{desc}Deal 1 damage to yourself. ^Put a Cosmic Horror on top of your draw pile.			0	0	0.5	0	0	0	darkSmoke			Rites sanguinaires{desc}Inflige 1 point de dégâts à soi. ^Place une carte Horreur cosmique sur le dessus de ta pioche.	Blutrituale{desc}Verursache 1 Schaden bei dir selbst. ^Lege "Kosmischer Schrecken" auf deinen Nachziehstapel.	Ritos Sangrientos{desc}Sufres 1 punto de daño.^Coloca una carta Terror Cósmico en la parte superior de tu mazo.	Ritual Sangrento{desc}Causa 1 de dano a si. ^Coloca um Horror Cósmico no topo da sua pilha de compras.	血祭{desc}对自己造成 1点 伤害。^将 1 张宇宙恐怖牌放在你的抽牌堆顶。	血の儀式{desc}自分に1ダメージを与える。^「コズミックホラー」を山札の一番上に置く。	Кровавый обряд{desc}Наносит 1 урона себе.^Добавляет карту Вселенский Ужас на верх вашей колоды.
Cosmic Horror	Skill	power	4	Dark	opponents	1	9	Cosmic Horror{desc}Deal {dmg} Dark damage to all enemies.	Dark		0	0	0.5	1	0	0	summon			Horreur cosmique{desc}Inflige {dmg} point(s) de dégâts de ténèbres à tous les ennemis.	Kosmischer Schrecken{desc}Verursache {dmg} Dunkelschaden bei allen Gegnern.	Terror Cósmico{desc}Inflige {dmg} punto(s) de daño de oscuridad a todos los enemigos.	Horror Cósmico{desc}Causa {dmg} de dano Sombrio a todos os inimigos.	宇宙恐怖{desc}对所有敌人造成{dmg}点暗黑伤害。	コズミックホラー{desc}敵全体に{dmg}闇ダメージを与える。	Вселенский ужас{desc}Наносит {dmg} темного урона всем врагам.
Phantom	Skill			Dark	ally	1	1	Phantom{desc}Apply 3 [color=#5343EE]Ethereal[/color].		Ethereal:3	1	1	0.3	1	0	0	ethereal			Fantôme{desc}Applique 3 effets [color=#5343EE]Éthéré[/color].	Phantom{desc}Bewirke 3 [color=#5343EE]Ätherisch[/color].	Fantasma{desc}Provoca 3 acumulaciones de [color=#5343EE]Etéreo[/color].	Fantasma{desc}Aplica 3 de [color=#5343EE]Etéreo[/color].	幻影{desc}施加 3 点[color=#5343EE]虚无[/color]。	ファントム{desc}[color=#5343EE]神秘[/color]を3付与する。	Призрак{desc}Добавляет 3 [color=#5343EE]Эфирности[/color].
Phantom+	Skill			Dark	ally	1	1	Phantom+{desc}Apply 4 [color=#5343EE]Ethereal[/color].		Ethereal:4	0	1	0.3	1	0	0	ethereal			Fantôme+{desc}Applique 4 effets [color=#5343EE]Éthéré[/color].	Phantom+{desc}Bewirke 4 [color=#5343EE]Ätherisch[/color].	Fantasma +{desc}Provoca 4 acumulaciones de [color=#5343EE]Etéreo[/color].	Fantasma+{desc}Aplica 4 de [color=#5343EE]Etéreo[/color].	幻影+{desc}施加 4 点[color=#5343EE]虚无[/color]。	ファントム+{desc}[color=#5343EE]神秘[/color]を4付与する。	Призрак+{desc}Добавляет 4 [color=#5343EE]Эфирности[/color].
Thought Thief	Skill			Dark	opponent	1	1	Thought Thief{desc}Steal a random card from one target's deck and place it on top of your draw pile.			1	0	0.3	0	0	0	darkMirror			Appropriation{desc}Vole une carte aléatoire dans le deck d'une cible et la place sur le dessus de ta pioche.	Gedankendieb{desc}Stiehl eine zufällige Karte aus dem Deck des Ziels und lege sie auf deinen Nachziehstapel.	Ladrón del Pensamiento{desc}Roba una carta al azar del mazo de un objetivo y colócala en la parte superior del tuyo.	Ladrão de Pensamento{desc}Rouba uma carta aleatória do baralho de um alvo e a coloca no topo da sua pilha de compras.	思想窃贼{desc}从一个目标的卡组中随机窃取 1 张牌，放在你的抽牌堆顶。	アイデア泥棒{desc}ターゲット1体のデッキからカード1枚をランダムに盗み、自分の山札の一番上に置く。	Кража мыслей{desc}Крадет случайную карту у одного противника и кладет её на верх вашей колоды.
Thought Thief+	Skill			Dark	opponent	0	2	Thought Thief+{desc}Steal a random card from one target's deck and place it on top of your draw pile.			0	0	0.5	0	0	0	darkMirror			Appropriation+{desc}Vole une carte aléatoire dans le deck d'une cible et la place sur le dessus de ta pioche.	Gedankendieb+{desc}Stiehl eine zufällige Karte aus dem Deck des Ziels und lege sie auf deinen Nachziehstapel.	Ladrón del Pensamiento +{desc}Roba una carta al azar del mazo de un objetivo y colócala en la parte superior del tuyo.	Ladrão de Pensamentos+{desc}Rouba uma carta aleatória do baralho de um alvo e a coloca no topo da sua pilha de compras.	思想窃贼+{desc}从一个目标的卡组中随机窃取 1 张牌，放在你的抽牌堆顶。	アイデア泥棒+{desc}ターゲット1体のデッキからカード1枚をランダムに盗み、自分の山札の一番上に置く。	Кража  мыслей+{desc}Крадет случайную карту у одного противника и кладет её на верх вашей колоды.
Dreamcatcher	Skill			Dark	opponents	1	3	Dream Snare{desc}Steal a random card from all enemies and place them on top of your draw pile.			1	0	0.5	0	0	0	darkMirror			Attrape-rêves{desc}Vole une carte aléatoire à tous les ennemis et les place sur le dessus de ta pioche.	Traumfalle{desc}Stiehl je eine zufällige Karte von allen Gegnern und lege sie auf deinen Nachziehstapel.	Cazasueños{desc}Roba una carta al azar de todos los enemigos y colócalas en la parte superior de tu mazo.	Armadilha de Sonhos{desc}Rouba uma carta aleatória do baralho de cada inimigo e as coloca no topo da sua pilha de compras.	梦境陷阱{desc}从所有敌人那里分别随机窃取 1 张牌，全部放在你的抽牌堆顶。	夢の誘惑{desc}敵全体からカード1枚をランダムに盗み、自分の山札の一番上に置く。	Ловушка снов{desc}Крадет по случайной карте у всех врагов и кладет их на верх вашей колоды.
Dreamcatcher+	Skill			Dark	opponents	0	4	Dream Snare+{desc}Steal a random card from all enemies and place them on top of your draw pile.			0	0	0.5	0	0	0	darkMirror			Attrape-rêves+{desc}Vole une carte aléatoire à tous les ennemis et les place sur le dessus de ta pioche.	Traumfalle+{desc}Stiehl je eine zufällige Karte von allen Gegnern und lege sie auf deinen Nachziehstapel.	Cazasueños +{desc}Roba una carta al azar de todos los enemigos y colócalas en la parte superior de tu mazo.	Armadilha de Sonhos+{desc}Rouba uma carta aleatória do baralho de cada inimigo e as coloca no topo da sua pilha de compras.	追梦捕手+{desc}从所有敌人那里分别随机窃取 1 张牌，全部放在你的抽牌堆顶。	夢の誘惑+{desc}敵全体からカード1枚をランダムに盗み、自分の山札の一番上に置く。	Ловушка снов+{desc}Крадет по случайной карте у всех врагов и кладет их на верх вашей колоды.
Blood Magic	Skill	power	5	Dark	opponent	3	5	Blood Magic{desc}Steal {cnd} HP.			0	1	0.5	1	0	0	darkCore			Hémomancie{desc}Vole {cnd} PV.	Blutmagie{desc}Stiehl {cnd} LP.	Magia Sangrienta{desc}Roba {cnd} PS.	Magia de Sangue{desc}Rouba {cnd} PV.	血魔法{desc}窃取{cnd}生命值。	ブラッドマジック{desc}{cnd} HPを盗む。	Кровавая магия{desc}Крадет {cnd} ОЗ.
																										
								// Shop-only cards																		
Summon	Skill			Dark	self	1	22	Summon{desc}Draw 3 cards and gain 1 Curse to your draw pile.			1	0	2	0	0	0	dark	3		Invocation{desc}Pioche 3 cartes et ajoute 1 carte Malédiction à ta pioche.	Beschwören{desc}Ziehen 3 Karten und erhalte 1 Fluch für deinen Nachziehstapel.	Invocación{desc}Roba 3 cartas y añade 1 carta de Maldición a tu mazo.	Conjuração{desc}Compre 3 cartas e ganhe 1 Maldição para colocar na sua pilha de compras.	暗黑召唤{desc}抽3张牌，并在抽牌堆中添加 1 张诅咒牌。	召喚{desc}カードを3枚引く。山札に「呪い」が1枚追加される。	Тёмная церемония{desc}Получите 3 карты, но 1 карта Проклятие будет добавлена в вашу колоду.
Summon+	Skill			Dark	self	1	23	Summon{desc}Draw 5 cards and gain 1 Curse to your draw pile.			0	0	2	0	0	0	dark	5		Invocation+{desc}Pioche 5 cartes et ajoute 1 carte Malédiction à ta pioche.	Beschwören+{desc}Ziehen 5 Karten und erhalte 1 Fluch für deinen Nachziehstapel.	Invocación +{desc}Roba 5 cartas y añade 1 carta de Maldición a tu mazo.	Conjuração+{desc}Compre 5 cartas e ganhe 1 Maldição para colocar na sua pilha de compras.	暗黑召唤+{desc}抽5张牌，并在抽牌堆中添加 1 张诅咒牌。	召喚+{desc}カードを5枚引く。山札に「呪い」が1枚追加される。	Тёмная церемония+{desc}Получите 5 карт, но 1 карта Проклятие будет добавлена в вашу колоду.
Corruption	Attack	power	2	Dark	opponent	1	22	Corruption{desc}Deal {dmg} damage. Add a Curse to your Draw pile.	Dark		1	0	2	0	0	0	darkCore			Corruption{desc}Inflige {dmg} point(s) de dégâts. Ajoute une carte Malédiction à ta pioche.	Verderbnis{desc}Verursache {dmg} Schaden. Füge 1 Fluch deinem Nachziehstapel hinzu.	Corrupción{desc}Inflige {dmg} punto(s) de daño. Añade 1 carta de Maldición a tu mazo.	Corrupção{desc}Causa {dmg} de dano. Adiciona 1 Maldição à sua pilha de compras.	暗影腐败{desc}造成{dmg}点暗黑伤害。添加一张诅咒牌至抽牌堆中。	腐敗{desc}{dmg}やみダメージを与える。山札に「呪い」が1枚追加される。	Порча{desc}Наносит {dmg} урона. Добавляет 1 карту Проклятие в вашу колоду.
Corruption+	Attack	power	3	Dark	opponent	1	23	Corruption+{desc}Deal {dmg} damage. Add a Curse to your Draw pile.	Dark		0	0	2	0	0	0	darkCore			Corruption+{desc}Inflige {dmg} point(s) de dégâts. Ajoute une carte Malédiction à ta pioche.	Verderbnis+{desc}Verursache {dmg} Schaden. Füge 1 Fluch deinem Nachziehstapel hinzu.	Corrupción+{desc}Inflige {dmg} punto(s) de daño. Añade 1 carta de Maldición a tu mazo.	Corrupção+{desc}Causa {dmg} de dano. Adiciona 1 Maldição à sua pilha de compras.	暗影腐败+{desc}造成{dmg}点暗黑伤害。添加一张诅咒牌至抽牌堆中。	腐敗+{desc}{dmg}やみダメージを与える。山札に「呪い」が1枚追加される。	Порча+{desc}Наносит {dmg} урона. Добавляет 1 карту Проклятие в вашу колоду.
																										
								// Missingno cards																		
Dark Ritual Ray	Skill			Dark	opponents	1	99	Dark Ritual: Ray{desc}Fires a ray of dark energy at all enemies reducing their HP to 1.			0	1	0.5	0	0	0	none			Sombre rituel : rayon{desc}Tire un rayon d'énergie des ténèbres sur tous les ennemis et réduit leurs PV à 1.	Dunkles Ritual: Strahl{desc}Feuere einen Strahl aus Dunkler Energie auf alle Gegner, der ihre LP auf 1 senkt.	Ritual Siniestro: Rayo{desc}Dispara un rayo de energía oscura a todos los enemigos y reduce sus PS a 1.	Ritual Macabro: Raio{desc}Dispara um raio de energia Sombria em todos os inimigos, reduzindo o PV deles para 1.	暗黑仪式：射线{desc}向所有敌人发射一道暗黑能源，使他们的生命值降低到 1。	闇の儀式：光線{desc}敵全体に闇のエネルギー光線を放ち、HPを1にする。	Ритуал: Луч{desc}Выпускает луч темной энергии по всем врагам, сокращая их ОЗ до 1.
Dark Ritual Minions	Skill			Dark	opponents	1	99	Dark Ritual: Minions{desc}Summon two minions.			0	1	0.5	0	0	0	none			Sombre rituel : sbires{desc}Invoque 2 sbires.	Dunkles Ritual: Gehilfen{desc}Beschwöre 2 Gehilfen.	Ritual Siniestro: Esbirros{desc}Invoca a dos esbirros.	Ritual Macabro: Lacaios.{desc}Convoca dois lacaios.	暗黑仪式：仆从{desc}召唤 2 个仆从。	闇の儀式：子分{desc}2体の子分を召喚する。	Ритуал: Миньоны{desc}Вызывает двух миньонов.
Dark Ritual Curse	Skill			Dark	opponents	1	99	Dark Ritual: Curse{desc}Shuffle two Curse cards into the opponent's deck.			0	1	0.5	0	0	0	none			Sombre rituel : malédiction{desc}Place 2 cartes Malédiction dans le deck de l'adversaire.	Dunkles Ritual: Fluch{desc}Mische 2 Fluchkarten in das Deck des Gegners.	Ritual Siniestro: Maldición{desc}Añade dos cartas Maldición al mazo del rival.	Ritual Macabro: Maldição{desc}Embaralha duas cartas de maldição no baralho do oponente.	暗黑仪式：诅咒{desc}将 2 张诅咒牌洗入对手的卡组。	闇の儀式：呪い{desc}「呪い」カードを2枚シャッフルして相手のデッキに入れる。	Ритуал: Проклятие{desc}Добавляет две карты Проклятия в колоду оппонента.
																										
	type	stat	multiplier	element	target	playerCost	rarity	EN	damage	condition	upgradeable	AI	weight	exhaust	retain	armor	gfx	draw	energy_gain							
																										
																										
																										
																										
																										
																										
																										
																										
																										
																										
																										
																										
																										
																										

	type	stat	multiplier	element	target	playerCost	rarity	EN	damage	condition	upgradeable	AI	weight	exhaust	retain	armor	gfx	draw	energy_gain	FR	DE	ES	BR	CN	JP	
																										
																										
Mind Spike	Attack	power	1	Psychic	opponent	1	1	Mind Spike{desc}Deal {dmg} Psychic damage. ^Remove 1 Armor.	Psychic		1	1	1	1	0	1	mindSpike			Force mentale{desc}Inflige {dmg} point(s) de dégâts psychiques. ^Réduit l'armure de 1.	Geistesblitz{desc}Verursache {dmg} Psychoschaden. ^Entferne 1 Rüstung.	Púa Mental{desc}Inflige {dmg} punto(s) de daño psíquico.^Elimina 1 punto de Armadura.	Pico Mental{desc}Causa {dmg} de dano Paranormal. ^Remove 1 de Armadura.	精神尖刺{desc}造成{dmg}点超自然伤害。^解除 1 点防御。	マインドスパイク{desc}{dmg}エスパーダメージを与える。^アーマーを1減らす。	Острие разума{desc}Наносит {dmg} магического урона. ^Снимает 1 броню.
Mind Spike+	Attack	power	2	Psychic	opponent	1	2	Mind Spike+{desc}Deal {dmg} Psychic damage. ^Remove 1 Armor.	Psychic		0	1	1	1	0	1	mindSpike			Force mentale+{desc}Inflige {dmg} point(s) de dégâts psychiques. ^Réduit l'armure de 1.	Geistesblitz+{desc}Verursache {dmg} Psychoschaden. ^Entferne 1 Rüstung.	Púa Mental +{desc}Inflige {dmg} punto(s) de daño psíquico.^Elimina 1 punto de Armadura.	Pico Mental+{desc}Causa {dmg} de dano Paranormal. ^Remove 1 de Armadura.	精神尖刺+{desc}造成 {dmg} 点超自然伤害。^解除 1 点防御。	マインドスパイク+{desc}{dmg}エスパーダメージを与える。^アーマーを1減らす。	Острие разума+{desc}Наносит {dmg} магического урона. ^Снимает 1 броню.
Mind Blast	Attack	power	1	Psychic	opponents	2	2	Mind Blast{desc}Deal {dmg} Psychic damage to all enemies.	Psychic		1	1	1	0	0	0	mindBlast			Explosion mentale{desc}Inflige {dmg} point(s) de dégâts psychiques à tous les ennemis.	Gedankenschlag{desc}Verursache {dmg} Psychoschaden bei allen Gegnern.	Explosión Mental{desc}Inflige {dmg} punto(s) de daño psíquico a todos los enemigos.	Impacto Mental{desc}Causa {dmg} de dano Paranormal a todos os inimigos.	精神爆发{desc}对所有敌人造成{dmg}点超自然伤害。	マインドブラスト{desc}敵全体に{dmg}エスパーダメージを与える。	Взрыв разума{desc}Наносит {dmg} магического урона всем врагам.
Mind Blast+	Attack	power	2	Psychic	opponents	2	3	Mind Blast+{desc}Deal {dmg} Psychic damage to all enemies.	Psychic		0	1	1	0	0	0	mindBlast			Explosion mentale+{desc}Inflige {dmg} point(s) de dégâts psychiques à tous les ennemis.	Gedankenschlag+{desc}Verursache {dmg} Psychoschaden bei allen Gegnern.	Explosión Mental +{desc}Inflige {dmg} punto(s) de daño psíquico a todos los enemigos.	Impacto Mental+{desc}Causa {dmg} de dano Paranormal a todos os inimigos.	精神爆发+{desc}对所有敌人造成 {dmg} 点超自然伤害。	マインドブラスト+{desc}敵全体に{dmg}エスパーダメージを与える。	Взрыв разума+{desc}Наносит {dmg} магического урона всем врагам.
Premonition	Skill			Psychic	player	1	1	Premonition{desc}Draw until you have six cards in your hand.			1	0	0.5	1	0	0	darkSmoke	1		Prémonition{desc}Pioche jusqu'à avoir 6 cartes en main.	Vorahnung{desc}Ziehe so lange Karten nach, bis du 6 Karten auf der Hand hast.	Presagio{desc}Roba cartas hasta que tengas seis en la mano.	Premonição{desc}Compra até ter seis cartas na mão.	预感{desc}持续抽牌，直到手中有 6 张牌。	胸騒ぎ{desc}手札が6枚になるまでカードを引く。	Предчувствие{desc}Вытягивайте карты до тех пор, пока в руке не окажется шесть карт.
Premonition+	Skill			Psychic	player	1	2	Premonition+{desc}Draw until you have nine cards in your hand.			0	0	0.5	1	0	0	darkSmoke	2		Prémonition+{desc}Pioche jusqu'à avoir 9 cartes en main.	Vorahnung+{desc}Ziehe so lange Karten nach, bis du 9 Karten auf der Hand hast.	Presagio +{desc}Roba cartas hasta que tengas nueve en la mano.	Premonição+{desc}Compra até ter nove cartas na mão.	预感+{desc}持续抽牌，直到手中有 9 张牌。	胸騒ぎ+{desc}手札が9枚になるまでカードを引く。	Предчувствие+{desc}Вытягивайте карты до тех пор, пока в руке не окажется девять карт.
Open Mind	Skill			Psychic	player	0	1	Open Mind{desc}Gain 1 Energy. 			1	0	0.5	1	0	0	darkSmoke		1	Ouverture d'esprit{desc}Gagne 1 point d'énergie.	Aufgeschlossen{desc}Erhalte 1 Energie.	Mente Abierta{desc}Obtienes 1 punto de energía.	Mente Aberta{desc}Recebe 1 de Energia.	开放思维{desc}获得 1 点能源。	オープンマインド{desc}エネルギーを1獲得する。	Открытый разум{desc}Получите 1 энергию.
Open Mind+	Skill			Psychic	player	0	2	Open Mind+{desc}Gain 2 Energy. 			0	0	0.5	1	0	0	darkSmoke		2	Ouverture d'esprit+{desc}Gagne 2 points d'énergie.	Aufgeschlossen+{desc}Erhalte 2 Energie.	Mente Abierta +{desc}Obtienes 2 puntos de energía.	Mente Aberta+{desc}Recebe 2 de Energia.	开放思维+{desc}获得 2 点能源。	オープンマインド+{desc}エネルギーを2獲得する。	Открытый разум+{desc}Получите 2 энергии.
Enlighten	Skill			Psychic	player	1	3	Enlighten{desc}Double your Energy. 			1	0	0.5	1	0	0	yellowCircle			Illumination{desc}Double ton énergie.	Erleuchtung{desc}Verdopple deine Energie.	Iluminación{desc}Duplica tu energía.	Iluminação{desc}Duplica sua Energia.	启迪{desc}使你的能源加倍。	啓蒙{desc}エネルギーが2倍になる。	Прозрение{desc}Удваивает вашу энергию.
Enlighten+	Skill			Psychic	player	1	4	Enlighten+{desc}Triple your Energy. 			0	0	0.5	1	0	0	yellowCircle			Illumination+{desc}Triple ton énergie.	Erleuchtung+{desc}Verdreifache deine Energie.	Iluminación +{desc}Triplica tu energía.	Iluminação+{desc}Triplica sua Energia.	启迪+{desc}使你的能源变为三倍。	啓蒙+{desc}エネルギーが3倍になる。	Прозрение+{desc}Утраивает вашу энергию.
Calm Spirit	Skill			Psychic	opponent	1	1	Calm Spirit{desc}Apply 1 [color=#5343EE]Calm[/color]. ^Remove 1 Armor. ^Draw one card.		Calm:1	1	1	0.5	0	0	1	pinkMulti	1		Apaisement{desc}Applique 1 effet [color=#5343EE]Calme[/color]. ^Réduit l'armure de 1. ^Pioche une carte.	Ruhiger Geist{desc}Bewirke 1 [color=#5343EE]Stille[/color]. ^Entferne 1 Rüstung. ^Ziehe 1 Karte.	Espíritu Tranquilo{desc}Provoca 1 acumulación de [color=#5343EE]Calma[/color].^Elimina 1 punto de Armadura.^Roba una carta.	Espírito Calmo{desc}Aplica 1 de [color=#5343EE]Calmaria[/color]. ^Remove 1 de Armadura. ^Compra uma carta.	镇静之魂{desc}施加 1 点[color=#5343EE]镇静[/color]。^解除 1 点防御。^抽 1 张牌。	精神統一{desc}[color=#5343EE]平静[/color]を1付与する。^アーマーを1減らす。^カードを1枚引く。	Успокоение{desc}Добавляет 1 [color=#5343EE]Покоя[/color]. Снимает 1 броню. Получите одну карту.
Calm Spirit+	Skill			Psychic	opponent	1	2	Calm Spirit+{desc}Apply 2 [color=#5343EE]Calm[/color]. ^Remove 2 Armor. ^Draw two cards.		Calm:2	0	1	0.5	0	0	2	pinkMulti	2		Apaisement+{desc}Applique 2 effets [color=#5343EE]Calme[/color]. ^Réduit l'armure de 2. ^Pioche 2 cartes.	Ruhiger Geist+{desc}Bewirke 2 [color=#5343EE]Stille[/color]. ^Entferne 2 Rüstung. ^Ziehe 2 Karten.	Espíritu Tranquilo +{desc}Provoca 2 acumulaciones de [color=#5343EE]Calma[/color].^Elimina 2 puntos de Armadura.^Roba dos cartas.	Espírito Calmo+{desc}Aplica 2 de [color=#5343EE]Calmaria[/color]. ^Remove 2 de Armadura. ^Compra duas cartas.	镇静之魂+{desc}施加 2 点[color=#5343EE]镇静[/color]。^解除 2 点防御。^抽 2 张牌。	精神統一+{desc}[color=#5343EE]平静[/color]を2付与する。^アーマーを2減らす。^カードを2枚引く。	Успокоение+{desc}Добавляет +2 [color=#5343EE]Покоя[/color]. Снимает 2 брони. Получите две карты.
Intangible	Skill			Psychic	ally	2	2	Intangible{desc}Apply 1 [color=#5343EE]Intangible[/color].		Intangible:1	1	1	0.5	0	0	0	intangible			Intangible{desc}Applique 1 effet [color=#5343EE]Intangible[/color].	Unberührbar{desc}Bewirke 1 [color=#5343EE]Unberührbar[/color].	Intocable{desc}Provoca 1 acumulación de [color=#5343EE]Intocable[/color].	Intangível{desc}Aplica 1 de [color=#5343EE]Intangível[/color].	无形{desc}施加 1 点[color=#5343EE]无形[/color]。	無形{desc}[color=#5343EE]無形[/color]を1付与する。	Фантом{desc}Добавляет 1 [color=#5343EE]Фантом[/color].
Intangible+	Skill			Psychic	ally	1	3	Intangible+{desc}Apply 1 [color=#5343EE]Intangible[/color].		Intangible:1	0	1	0.5	0	0	0	intangible			Intangible+{desc}Applique 1 effet [color=#5343EE]Intangible[/color].	Unberührbar+{desc}Bewirke 1 [color=#5343EE]Unberührbar[/color].	Intocable +{desc}Provoca 1 acumulación de [color=#5343EE]Intocable[/color].	Intangível+{desc}Aplica 1 de [color=#5343EE]Intangível[/color].	无形+{desc}施加 1 点[color=#5343EE]无形[/color]。	無形+{desc}[color=#5343EE]無形[/color]を1付与する。	Фантом+{desc}Добавляет 1 [color=#5343EE]Фантом[/color].
Divination	Skill			Psychic	player	1	1	Divination{desc}Start your next turn with 1 extra Energy.			1	0	0.5	0	0	0	pinkColumn			Divination{desc}Commence ton prochain tour avec 1 point d'énergie en plus.	Weissagung{desc}Starte deinen nächsten Zug mit 1 Energie zusätzlich.	Adivinación{desc}Comienzas el siguiente turno con 1 punto de energía adicional.	Adivinhação{desc}Começa seu próximo turno com 1 de Energia extra.	占卜{desc}下一回合开始时，获得 1 点额外能源。	予知{desc}次のターン開始時、エネルギーが1追加される。	Ворожба{desc}Начните следующий ход с 1 дополнительной энергией.
Divination+	Skill			Psychic	player	1	2	Divination+{desc}Start your next turn with 2 extra Energy.			0	0	0.5	0	0	0	pinkColumn			Divination+{desc}Commence ton prochain tour avec 2 points d'énergie en plus.	Weissagung+{desc}Starte deinen nächsten Zug mit 2 Energie zusätzlich.	Adivinación +{desc}Comienzas el siguiente turno con 2 puntos de energía adicional.	Adivinhação+{desc}Começa seu próximo turno com 2 de Energia extra.	占卜+{desc}下一回合开始时，获得 2 点额外能源。	予知+{desc}次のターン開始時、エネルギーが2追加される。	Ворожба+{desc}Начните следующий ход с 2 дополнительными энергиями.
Mentalist	Skill			Psychic	player	1	2	Mentalist{desc}Draw two Skill cards from your draw or discard pile.			1	0	0.5	1	0	0	twinRose	Skill:2		Mentalisme{desc}Pioche 2 cartes Compétence dans ta pioche ou ta défausse.	Mentalist{desc}Ziehe 2 Fähigkeitskarten von deinem Nachzieh- oder Ablagestapel.	Mentalista{desc}Roba dos cartas de habilidad del mazo o la pila de descartes.	Mentalista{desc}Compra duas cartas de habilidade da sua pilha de compras ou de descarte.	心理学家{desc}从抽牌堆或弃牌堆中抽 2 张技能牌。	メンタリスト{desc}山札か捨て札から、「スキル」カードを2枚引く。	Менталист{desc}Получите две карты Навыка из вашей колоды или стопки сброса.
Mentalist+	Skill			Psychic	player	1	3	Mentalist+{desc}Draw three Skill cards from your draw or discard pile.			0	0	0.5	1	0	0	twinRose	Skill:3		Mentalisme+{desc}Pioche 3 cartes Compétence dans ta pioche ou ta défausse.	Mentalist+{desc}Ziehe 3 Fähigkeitskarten von deinem Nachzieh- oder Ablagestapel.	Mentalista +{desc}Roba tres cartas de habilidad del mazo o la pila de descartes.	Mentalista+{desc}Compra três cartas de habilidade da sua pilha de compras ou de descarte.	心理学家+{desc}从抽牌堆或弃牌堆中抽 3 张技能牌。	メンタリスト+{desc}山札か捨て札から、「スキル」カードを3枚引く。	Менталист+{desc}Получите три карты Навыка из вашей колоды или стопки сброса.
Meditate	Skill			Psychic	player	0	1	Meditate{desc}Draw one card.			1	0	0.5	1	0	0	twinPink	1		Méditation{desc}Pioche une carte.	Meditieren{desc}Ziehe 1 Karte.	Meditación{desc}Roba una carta.	Meditar{desc}Compra uma carta.	冥思{desc}抽 1 张牌。	瞑想{desc}カードを1枚引く。	Медитация{desc}Получите одну карту.
Meditate+	Skill			Psychic	player	0	2	Meditate+{desc}Draw two cards.			0	0	0.5	1	1	0	twinPink	2		Méditation+{desc}Pioche 2 cartes.	Meditieren+{desc}Ziehe 2 Karten.	Meditación +{desc}Roba dos cartas.	Meditar+{desc}Compra duas cartas.	冥思+{desc}抽 2 张牌。	瞑想+{desc}カードを2枚引く。	Медитация+{desc}Получите две карты.
Let go	Skill			Psychic	player	1	3	Let go{desc}Choose one card to Exhaust. ^Gain its cost as Energy. 			1	0	0.5	1	0	0	shadowHeart			Abandon{desc}Choisis une carte à éliminer. ^Tu gagnes son coût en énergie.	Loslassen{desc}Erschöpfe 1 Karte. ^Erhalte ihre Kosten als Energie.	Desapego{desc}Consume la carta que quieras.^Su coste se convierte en energía.	Libertar{desc}Escolhe uma carta para colocar em Exaustão. ^Recebe seu custo em Energia.	放手{desc}选择 1 张牌耗尽。^获得其消耗的能源。	解放{desc}カードを1枚選んで「消耗」状態にする。^そのカードのコストをエネルギーとして獲得する。	Избавление{desc}Выберите карту, которая будет сожжена.^Получите энергию, равную её стоимости.
Let go+	Skill			Psychic	player	1	4	Let go+{desc}Choose one card to discard. ^Gain its cost as Energy.			0	0	0.5	1	0	0	shadowHeart			Abandon+{desc}Choisis une carte dont tu veux te défausser. ^Tu gagnes son coût en énergie.	Loslassen+{desc}Wirf 1 Karte ab. ^Erhalte ihre Kosten als Energie.	Desapego +{desc}Descarta la carta que quieras.^Su coste se convierte en energía.	Libertar+{desc}Escolhe uma carta para descartar. ^Recebe seu custo em Energia.	放手+{desc}选择 1 张牌弃掉。^获得其消耗的能源。	解放+{desc}カードを1枚選んで捨てる。^そのカードのコストをエネルギーとして獲得する。	Избавление+{desc}Выберите карту, которая будет сброшена.^Получите энергию, равную её стоимости.
Minds Eye	Skill			Psychic	player	0	5	Mind's Eye{desc}Gain 10 Energy. 			0	0	0.5	1	0	0	darkSmoke		10	Présence d'esprit{desc}Gagne 10 points d'énergie.	Inneres Auge{desc}Erhalte 10 Energie.	Imaginación{desc}Obtienes 10 puntos de energía.	Aura Concentrada{desc}Recebe 10 de Energia.	心眼{desc}获得 10 点能源。	心の目{desc}エネルギーを10獲得する。	Око разума{desc}Получите 10 энергии.
Reflection	Attack	power	0.5	Psychic	opponent	1	1	Reflection{desc}Deal {dmg} Psychic damage. ^Draw one card.	Psychic		1	1	1	0	1	0	darkMirror	1		Réflexion{desc}Inflige {dmg} point(s) de dégâts psychiques. ^Pioche une carte.	Reflexion{desc}Verursache {dmg} Psychoschaden. ^Ziehe 1 Karte.	Reflejo{desc}Inflige {dmg} punto(s) de daño psíquico.^Roba una carta.	Reflexão{desc}Causa {dmg} de dano Paranormal. ^Compra uma carta.	反思{desc}造成{dmg}点超自然伤害。^抽 1 张牌。	反射{desc}{dmg}エスパーダメージを与える。^カードを1枚引く。	Отражение{desc}Наносит {dmg} магического урона. ^Получите одну карту.
Reflection+	Attack	power	1	Psychic	opponent	1	2	Reflection+{desc}Deal {dmg} Psychic damage. ^Draw one card.	Psychic		0	1	1	0	1	0	darkMirror	1		Réflexion+{desc}Inflige {dmg} point(s) de dégâts psychiques. ^Pioche une carte.	Reflexion+{desc}Verursache {dmg} Psychoschaden. ^Ziehe 1 Karte.	Reflejo +{desc}Inflige {dmg} punto(s) de daño psíquico.^Roba una carta.	Reflexão+{desc}Causa {dmg} de dano Paranormal. ^Compra uma carta.	反思+{desc}造成 {dmg} 点超自然伤害。^抽 1 张牌。	反射+{desc}{dmg}エスパーダメージを与える。^カードを1枚引く。	Отражение+{desc}Наносит {dmg} магического урона.^Получите одну карту.
Memorize	Attack	power	2	Psychic	opponent	2	2	Memorize{desc}Deal {dmg} Psychic damage. 	Psychic		1	1	1	1	0	0	pinkVertical2			Mémorisation{desc}Inflige {dmg} point(s) de dégâts psychiques.	Gedankenfalle{desc}Verursache {dmg} Psychoschaden.	Memorización{desc}Inflige {dmg} punto(s) de daño psíquico.	Memorizar{desc}Causa {dmg} de dano Paranormal.	记忆{desc}造成{dmg}点超自然伤害。	記憶{desc}{dmg}エスパーダメージを与える。	Заклинание{desc}Наносит {dmg} магического урона.
Memorize+	Attack	power	2	Psychic	opponent	2	3	Memorize+{desc}Deal {dmg} Psychic damage.	Psychic		0	1	1	0	0	0	pinkVertical2			Mémorisation+{desc}Inflige {dmg} point(s) de dégâts psychiques.	Gedankenfalle+{desc}Verursache {dmg} Psychoschaden.	Memorización +{desc}Inflige {dmg} punto(s) de daño psíquico.	Memorizar+{desc}Causa {dmg} de dano Paranormal.	记忆+{desc}造成 {dmg} 点超自然伤害。	記憶+{desc}{dmg}エスパーダメージを与える。	Заклинание+{desc}Наносит {dmg} магического урона.
Remember	Attack	power	1	Psychic	opponent	3	3	Remember{desc}Deal {dmg} Psychic damage. ^Draw three cards.	Psychic		1	1	1	0	1	0	pinkVertical	3		Souvenir{desc}Inflige {dmg} point(s) de dégâts psychiques. ^Pioche 3 cartes.	Erinnerungslücke{desc}Verursache {dmg} Psychoschaden. ^Ziehe 3 Karten.	Recuerdo{desc}Inflige {dmg} punto(s) de daño psíquico.^Roba tres cartas.	Lembrança{desc}Causa {dmg} de dano Paranormal. ^Compra três cartas.	铭记{desc}造成{dmg}点超自然伤害。^抽 3 张牌。	想起{desc}{dmg}エスパーダメージを与える。^カードを3枚引く。	Заклятие{desc}Наносит {dmg} магического урона. ^Получите три карты.
Remember+	Attack	power	1.5	Psychic	opponent	3	4	Remember+{desc}Deal {dmg} Psychic damage. ^Draw four cards.	Psychic		0	1	1	0	1	0	pinkVertical	4		Souvenir+{desc}Inflige {dmg} point(s) de dégâts psychiques. ^Pioche 4 cartes.	Erinnerungslücke+{desc}Verursache {dmg} Psychoschaden. ^Ziehe 4 Karten.	Recuerdo +{desc}Inflige {dmg} punto(s) de daño psíquico.^Roba cuatro cartas.	Lembrança+{desc}Causa {dmg} de dano Paranormal. ^Compra quatro cartas.	铭记+{desc}造成 {dmg} 点超自然伤害。^抽 4 张牌。	想起+{desc}{dmg}エスパーダメージを与える。^カードを4枚引く。	Заклятие+{desc}Наносит {dmg} магического урона. ^Получите четыре карты.
Free Thought	Attack	power	0.25	Psychic	opponent	0	2	Free Thought{desc}Deal {dmg} Psychic damage.	Psychic		1	0	1	0	0	0	pinkVortex			Libre pensée{desc}Inflige {dmg} point(s) de dégâts psychiques.	Freigeist{desc}Verursache {dmg} Psychoschaden.	Librepensamiento{desc}Inflige {dmg} punto(s) de daño psíquico.	Pensamento Livre{desc}Causa {dmg} de dano Paranormal.	逸思{desc}造成{dmg}点超自然伤害。	自由な思考{desc}{dmg}エスパーダメージを与える。	Чистый разум{desc}Наносит {dmg} магического урона.
Free Thought+	Attack	power	0.5	Psychic	opponent	0	3	Free Thought+{desc}Deal {dmg} Psychic damage.	Psychic		0	0	1	0	0	0	pinkVortex			Libre pensée+{desc}Inflige {dmg} point(s) de dégâts psychiques.	Freigeist+{desc}Verursache {dmg} Psychoschaden.	Librepensamiento +{desc}Inflige {dmg} punto(s) de daño psíquico.	Pensamento Livre+{desc}Causa {dmg} de dano Paranormal.	逸思+{desc}造成 {dmg} 点超自然伤害。	自由な思考+{desc}{dmg}エスパーダメージを与える。	Чистый разум+{desc}Наносит {dmg} магического урона.
																										
								// Shop-only cards																		
Clear Head	Skill			Psychic	player	1	22	Clear Head{desc}Draw 3 cards. Keep any that cost 0 Energy. Discard the rest.			1	0	2	0	0	0	twinRose			Sélection drastique{desc}Pioche 3 cartes. Tu conserves celles qui ne coûtent aucun point d'énergie, et les autres sont placées dans la défausse.	Klarer Kopf{desc}Ziehe 3 Karten. Behalte alle Karten, die 0 Energie kosten. Wirf den Rest ab.	Lucidez{desc}Roba 3 cartas. Conserva las que tengan un coste de energía 0 y descarta el resto.	Cabeça Fria{desc}Compre 3 cartas, mantenha as que custarem 0 de Energia e descarte o resto.	清心{desc}抽取 3 张卡牌。保留耗能为 0 的卡牌，弃置其余卡牌。	頭脳明晰{desc}カードを3枚引き、エネルギーコストが0のものだけをキープして残りを捨てる。	Ясная голова{desc}Получите 3 карты. Карты стоимостью 0 энергии остаются в руке, остальные сбрасываются.
Clear Head+	Skill			Psychic	player	1	23	Clear Head+{desc}Draw 5 cards. Keep any that cost 0 Energy. Discard the rest.			0	0	2	0	0	0	twinRose			Sélection drastique+{desc}Pioche 5 cartes. Tu conserves celles qui ne coûtent aucun point d'énergie, et les autres sont placées dans la défausse.	Klarer Kopf+{desc}Ziehe 5 Karten. Behalte alle Karten, die 0 Energie kosten. Wirf den Rest ab.	Lucidez +{desc}Roba 5 cartas. Conserva las que tengan un coste de energía 0 y descarta el resto.	Cabeça Fria{desc}Compre 5 cartas, mantenha as que custarem 0 de Energia e descarte o resto.	清心+{desc}抽取 5 张卡牌。保留耗能为 0 的卡牌，弃置其余卡牌。	頭脳明晰+{desc}カードを5枚引き、エネルギーコストが0のものだけをキープして残りを捨てる。	Ясная голова+{desc}Получите 5 карт. Карты стоимостью 0 энергии остаются в руке, остальные сбрасываются.
Afterthought	Attack	power	0	Psychic	opponent	1	23	Afterthought{desc}Deal damage equal to the number of cards in your discard pile.	Psychic		1	0	2	0	0	0	pinkColumn			Après-coup{desc}Inflige des dégâts égaux au nombre de cartes dans ta défausse.	Nebengedanke{desc}Verursache Schaden entsprechend der Anzahl der Karten auf deinem Ablagestapel.	A Posteriori{desc}Inflige una cantidad de daño igual al número de cartas de la pila de descartes.	Lembrança{desc}Causa dano igual ao número de cartas na sua pilha de descarte.	追忆连击{desc}造成等量于你弃牌堆中卡牌数量的超自然伤害。	後知恵{desc}捨て札にあるカードの枚数分に相当するエスパーダメージを与える。	Запоздалая мысль{desc}Наносит урон, равный количеству карт в стопке сброса.
Afterthought+	Attack	power	0	Psychic	opponent	1	24	Afterthought+{desc}Deal damage equal to double the number of cards in your discard pile.	Psychic		0	0	2	0	0	0	pinkColumn			Après-coup+{desc}Inflige des dégâts égaux au double du nombre de cartes dans ta défausse.	Nebengedanke+{desc}Verursache Schaden entsprechend der doppelten Anzahl der Karten auf deinem Ablagestapel.	A Posteriori +{desc}Inflige una cantidad de daño igual al doble del número de cartas de la pila de descartes.	Lembrança+{desc}Causa dano igual ao dobro de número de cartas na sua pilha de descarte.	追忆连击+{desc}造成双倍于你弃牌堆中卡牌数量的超自然伤害。	後知恵+{desc}捨て札にあるカードの枚数分の2倍に相当するエスパーダメージを与える。	Запоздалая мысль+{desc}Наносит урон, равный удвоенному количеству карт в стопке сброса.
																										
																										
																										
																										
																										
																										
																										
																										
																										
																										
																										
																										
																										
																										
																										
																										
																										
																										
																										
																										
																										
																										
																										
																										
																										
																										

	type	stat	multiplier	element	target	playerCost	rarity	EN	damage	condition	upgradeable	AI	weight	exhaust	retain	armor	gfx	draw	energy_gain	FR	DE	ES	BR	CN	JP	
																										
																										
customCard01	Attack	power	1	None	opponent	1	99	Custom Card{desc}Card description	Normal		0	0	0	0	0	0	bite			Custom Card{desc}Card description	Custom Card{desc}Card description	Custom Card{desc}Card description	Custom Card{desc}Card description	Custom Card{desc}Card description	Custom Card{desc}Card description	
customCard02	Attack	power	1	None	opponent	1	99	Custom Card{desc}Card description	Normal		0	0	0	0	0	0	bite			Custom Card{desc}Card description	Custom Card{desc}Card description	Custom Card{desc}Card description	Custom Card{desc}Card description	Custom Card{desc}Card description	Custom Card{desc}Card description	
customCard03	Attack	power	1	None	opponent	1	99	Custom Card{desc}Card description	Normal		0	0	0	0	0	0	bite			Custom Card{desc}Card description	Custom Card{desc}Card description	Custom Card{desc}Card description	Custom Card{desc}Card description	Custom Card{desc}Card description	Custom Card{desc}Card description	
customCard04	Attack	power	1	None	opponent	1	99	Custom Card{desc}Card description	Normal		0	0	0	0	0	0	bite			Custom Card{desc}Card description	Custom Card{desc}Card description	Custom Card{desc}Card description	Custom Card{desc}Card description	Custom Card{desc}Card description	Custom Card{desc}Card description	
customCard05	Attack	power	1	None	opponent	1	99	Custom Card{desc}Card description	Normal		0	0	0	0	0	0	bite			Custom Card{desc}Card description	Custom Card{desc}Card description	Custom Card{desc}Card description	Custom Card{desc}Card description	Custom Card{desc}Card description	Custom Card{desc}Card description	
customCard06	Attack	power	1	None	opponent	1	99	Custom Card{desc}Card description	Normal		0	0	0	0	0	0	bite			Custom Card{desc}Card description	Custom Card{desc}Card description	Custom Card{desc}Card description	Custom Card{desc}Card description	Custom Card{desc}Card description	Custom Card{desc}Card description	
customCard07	Attack	power	1	None	opponent	1	99	Custom Card{desc}Card description	Normal		0	0	0	0	0	0	bite			Custom Card{desc}Card description	Custom Card{desc}Card description	Custom Card{desc}Card description	Custom Card{desc}Card description	Custom Card{desc}Card description	Custom Card{desc}Card description	
customCard08	Attack	power	1	None	opponent	1	99	Custom Card{desc}Card description	Normal		0	0	0	0	0	0	bite			Custom Card{desc}Card description	Custom Card{desc}Card description	Custom Card{desc}Card description	Custom Card{desc}Card description	Custom Card{desc}Card description	Custom Card{desc}Card description	
customCard09	Attack	power	1	None	opponent	1	99	Custom Card{desc}Card description	Normal		0	0	0	0	0	0	bite			Custom Card{desc}Card description	Custom Card{desc}Card description	Custom Card{desc}Card description	Custom Card{desc}Card description	Custom Card{desc}Card description	Custom Card{desc}Card description	
customCard10	Attack	power	1	None	opponent	1	99	Custom Card{desc}Card description	Normal		0	0	0	0	0	0	bite			Custom Card{desc}Card description	Custom Card{desc}Card description	Custom Card{desc}Card description	Custom Card{desc}Card description	Custom Card{desc}Card description	Custom Card{desc}Card description	
customCard11	Attack	power	1	None	opponent	1	99	Custom Card{desc}Card description	Normal		0	0	0	0	0	0	bite			Custom Card{desc}Card description	Custom Card{desc}Card description	Custom Card{desc}Card description	Custom Card{desc}Card description	Custom Card{desc}Card description	Custom Card{desc}Card description	
customCard12	Attack	power	1	None	opponent	1	99	Custom Card{desc}Card description	Normal		0	0	0	0	0	0	bite			Custom Card{desc}Card description	Custom Card{desc}Card description	Custom Card{desc}Card description	Custom Card{desc}Card description	Custom Card{desc}Card description	Custom Card{desc}Card description	
customCard13	Attack	power	1	None	opponent	1	99	Custom Card{desc}Card description	Normal		0	0	0	0	0	0	bite			Custom Card{desc}Card description	Custom Card{desc}Card description	Custom Card{desc}Card description	Custom Card{desc}Card description	Custom Card{desc}Card description	Custom Card{desc}Card description	
customCard14	Attack	power	1	None	opponent	1	99	Custom Card{desc}Card description	Normal		0	0	0	0	0	0	bite			Custom Card{desc}Card description	Custom Card{desc}Card description	Custom Card{desc}Card description	Custom Card{desc}Card description	Custom Card{desc}Card description	Custom Card{desc}Card description	
customCard15	Attack	power	1	None	opponent	1	99	Custom Card{desc}Card description	Normal		0	0	0	0	0	0	bite			Custom Card{desc}Card description	Custom Card{desc}Card description	Custom Card{desc}Card description	Custom Card{desc}Card description	Custom Card{desc}Card description	Custom Card{desc}Card description	
customCard16	Attack	power	1	None	opponent	1	99	Custom Card{desc}Card description	Normal		0	0	0	0	0	0	bite			Custom Card{desc}Card description	Custom Card{desc}Card description	Custom Card{desc}Card description	Custom Card{desc}Card description	Custom Card{desc}Card description	Custom Card{desc}Card description	
customCard17	Attack	power	1	None	opponent	1	99	Custom Card{desc}Card description	Normal		0	0	0	0	0	0	bite			Custom Card{desc}Card description	Custom Card{desc}Card description	Custom Card{desc}Card description	Custom Card{desc}Card description	Custom Card{desc}Card description	Custom Card{desc}Card description	
customCard18	Attack	power	1	None	opponent	1	99	Custom Card{desc}Card description	Normal		0	0	0	0	0	0	bite			Custom Card{desc}Card description	Custom Card{desc}Card description	Custom Card{desc}Card description	Custom Card{desc}Card description	Custom Card{desc}Card description	Custom Card{desc}Card description	
customCard19	Attack	power	1	None	opponent	1	99	Custom Card{desc}Card description	Normal		0	0	0	0	0	0	bite			Custom Card{desc}Card description	Custom Card{desc}Card description	Custom Card{desc}Card description	Custom Card{desc}Card description	Custom Card{desc}Card description	Custom Card{desc}Card description	
customCard20	Attack	power	1	None	opponent	1	99	Custom Card{desc}Card description	Normal		0	0	0	0	0	0	bite			Custom Card{desc}Card description	Custom Card{desc}Card description	Custom Card{desc}Card description	Custom Card{desc}Card description	Custom Card{desc}Card description	Custom Card{desc}Card description	
																										
																										
																										
																										
																										
																										
																										
																										
																										
																										
																										
																										
																										
																										
																										
																										
																										
																										
																										
																										
																										
																										
																										
																										
																										
																										
																										
																										
																										
																										
																										
																										
																										
																										
																										
																										
																										
																										
																										
																										
																										
																										
																										

