ToolID	type	stackSize	price	EN	FR	DE	ES	BR	CN	JP	RU
											
axe1	tool	1		Axe{desc}Great for chopping down trees and collecting wood.	Hache{desc}Pratique pour abattre les arbres et collecter du bois.	Axt{desc}Ideal, um damit Bäume zu fällen und Holz zu sammeln.	Hacha{desc}Perfecta para talar árboles y recoger madera.	Machado{desc}Ótimo para derrubar árvores e coletar madeira.	斧头{desc}砍树和收集木头的绝佳工具。	オノ{desc}木を切って木材を集めるのにピッタリ。	Топор{desc}Отлично подходит для рубки деревьев и сбора древесины.
axe2	tool	1		Reinforced Axe{desc}Takes fewer swings to chop down trees.	Hache renforcée{desc}Nécessite moins de coups pour abattre les arbres.	Verstärkte Axt{desc}Braucht weniger Schläge, um Bäume zu fällen.	Hacha reforzada{desc}Tala los árboles con menos golpes.	Machado Reforçado{desc}Derruba árvores com menos golpes.	强力斧{desc}砍树效率更高。	強化オノ{desc}少ない回数で木を切れる。	Улучшенный топор{desc}Требует меньше ударов для срубания деревьев.
axe3	tool	1		Greater Axe{desc}Takes fewer swings to chop down trees.	Hache supérieure{desc}Nécessite moins de coups pour abattre les arbres.	Große Axt{desc}Braucht weniger Schläge, um Bäume zu fällen.	Hacha superior{desc}Tala los árboles con menos golpes.	Machado Melhorado{desc}Derruba árvores com menos golpes.	大型斧{desc}砍树效率更高。	立派なオノ{desc}少ない回数で木を切れる。	Превосходный топор{desc}Требует меньше ударов для срубания деревьев.
axe4	tool	1		Moonstone Axe{desc}Takes fewer swings to chop down trees.	Hache en pierre de lune{desc}Nécessite moins de coups pour abattre les arbres.	Mondsteinaxt{desc}Braucht weniger Schläge, um Bäume zu fällen.	Hacha de piedra lunar{desc}Tala los árboles con menos golpes.	Machado de Selenita{desc}Derruba árvores com menos golpes.	月石斧{desc}砍树效率更高。	ムーンストーンのオノ{desc}少ない回数で木を切れる。	Лунный топор{desc}Требует меньше ударов для срубания деревьев.
hammer1	tool	1		Hammer{desc}Smashes rocks into collectible-sized pieces.	Marteau{desc}Détruit les rochers pour en faire de petits morceaux.	Hammer{desc}Zerkleinert Felsen in sammelbare Stücke.	Martillo{desc}Hace las piedras añicos y las convierte en piezas coleccionables.	Marreta{desc}Quebra rochas em um tamanho coletável.	锤子{desc}击碎石头，获得可收集的小石块。	ハンマー{desc}岩を砕いて集められる大きさにする。	Молот{desc}Разбивает камни на куски подходящего размера.
hammer2	tool	1		Reinforced Hammer{desc}Takes fewer swings to destroy rocks.	Marteau renforcé{desc}Nécessite moins de coups pour détruire les rochers.	Verstärkter Hammer{desc}Braucht weniger Schläge, um Felsen zu zerkleinern.	Martillo reforzado{desc}Destruye las rocas con menos golpes.	Marreta Reforçada{desc}Esmaga rochas com menos golpes.	强力锤{desc}击碎石头效率更高。	強化ハンマー{desc}少ない回数で岩を壊せる。	Улучшенный молот{desc}Требует меньше ударов для разрушения камней.
hammer3	tool	1		Greater Hammer{desc}Takes fewer swings to destroy rocks.	Marteau supérieur{desc}Nécessite moins de coups pour détruire les rochers.	Großer Hammer{desc}Braucht weniger Schläge, um Felsen zu zerkleinern.	Martillo superior{desc}Destruye las rocas con menos golpes.	Marreta Melhorada{desc}Esmaga rochas com menos golpes.	大型锤{desc}击碎石头效率更高。	立派なハンマー{desc}少ない回数で岩を壊せる。	Превосходный молот{desc}Требует меньше ударов для разрушения камней.
hammer4	tool	1		Moonstone Hammer{desc}Takes fewer swings to destroy rocks.	Marteau en pierre de lune{desc}Nécessite moins de coups pour détruire les rochers.	Mondsteinhammer{desc}Braucht weniger Schläge, um Felsen zu zerkleinern.	Martillo de piedra lunar{desc}Destruye las rocas con menos golpes.	Marreta de Selenita{desc}Esmaga rochas com menos golpes.	月石锤{desc}击碎石头效率更高。	ムーンストーンのハンマー{desc}少ない回数で岩を壊せる。	Лунный молот{desc}Требует меньше ударов для разрушения камней.
hoe1	tool	1		Hoe{desc}Digs holes that are the perfect size for seeds and digging up treasure.	Pioche{desc}Permet de creuser des trous parfaits pour y planter des graines et pour déterrer des trésors.	Hacke{desc}Hackt Löcher in den Boden, in die du Samen pflanzen kannst, und gräbt Schätze aus.	Azada{desc}Cava hoyos en la tierra perfectos para plantar semillas y desenterrar tesoros.	Enxada{desc}Cava buracos no tamanho ideal para sementes e desenterra tesouros.	锄头{desc}挖出大小合适的洞来种下种子，亦可用于挖宝藏。	クワ{desc}種を植えるのにピッタリなサイズの穴を掘ったり、宝物を掘り出せる。	Мотыга{desc}Копает лунки идеального размера для высаживания семян и поиска сокровищ.
hoe2	tool	1		Reinforced Hoe{desc}Digs two holes in a line. You can toggle between hoe patterns.	Pioche renforcée{desc}Permet de creuser deux trous sur la même ligne. Tu peux changer de mode de creusage.	Verstärkte Hacke{desc}Hackt zwei Löcher in einer Reihe. Du kannst zwischen Mustern wechseln.	Azada reforzada{desc}Cava dos hoyos seguidos. Alterna entre los diferentes patrones de azada y escoge cuántos hoyos quieres cavar.	Enxada Reforçada{desc}Cava dois buracos em uma linha. Você pode alternar entre os padrões de enxada.	强力锄{desc}连挖两个并排的洞。可切换洞的模式。	強化クワ{desc}1列に2つの穴を掘る。パターンの切り替え可能。	Улучшенная мотыга{desc}Вскапывает две лунки в ряд. Можно переключать режимы копания.
hoe3	tool	1		Greater Hoe{desc}Digs three holes in a line. You can toggle between hoe patterns.	Pioche supérieure{desc}Permet de creuser trois trous sur la même ligne. Tu peux changer de mode de creusage.	Große Hacke{desc}Hackt drei Löcher in einer Reihe. Du kannst zwischen Mustern wechseln.	Azada superior{desc}Cava tres hoyos seguidos. Alterna entre los diferentes patrones de azada y escoge cuántos hoyos quieres cavar.	Enxada Melhorada{desc}Cava três buracos em uma linha. Você pode alternar entre os padrões de enxada.	大型锄{desc}连挖三个并排的洞。可切换洞的模式。	立派なクワ{desc}1列に3つの穴を掘る。パターンの切り替え可能。	Превосходная мотыга{desc}Вскапывает три лунки в ряд. Можно переключать режимы копания.
hoe4	tool	1		Moonstone Hoe{desc}Digs a 3x3 square. You can toggle between hoe patterns.	Pioche en pierre de lune{desc}Permet de creuser des trous dans une zone de 3x3. Tu peux changer de mode de creusage.	Mondsteinhacke{desc}Hackt 3x3 Löcher. Du kannst zwischen Mustern wechseln.	Azada de piedra lunar{desc}Cava nueve hoyos en un cuadrado de 3x3. Alterna entre los diferentes patrones de azada y escoge cuántos hoyos quieres cavar.	Enxada de Selenita{desc}Cava um quadrado de 3x3 buracos. Você pode alternar entre os padrões de enxada.	月石锄{desc}挖出 3x3 大小的方形坑洞。可切换洞的模式。	ムーンストーンのクワ{desc}3x3四方の穴を掘る。パターンの切り替え可能。	Лунная мотыга{desc}Вскапывает квадрат 3x3. Можно переключать режимы копания.
scythe1	tool	1		Scythe{desc}Can be used to cut down crops and harvest their seeds.	Faux{desc}Sert à faucher les cultures et à récolter leurs graines.	Sense{desc}Kann Pflanzen abschneiden, um ihre Samen zu ernten.	Guadaña{desc}Se usa para segar los cultivos y recoger sus semillas.	Foice{desc}Pode ser usada para cortar plantações e colher as sementes.	镰刀{desc}可用于收割作物，获取种子。	カマ{desc}作物を狩ったり種を収穫したりできる。	Коса{desc}Используется для срезания травы и сбора семян.
scythe2	tool	1		Reinforced Scythe{desc}Has a bigger radius for cutting down grass and crops.	Faux renforcée{desc}Dispose d'un plus grand rayon pour faucher l'herbe et les cultures.	Verstärkte Sense{desc}Hat einen größeren Radius, um Gras und andere Pflanzen zu abzuschneiden.	Guadaña reforzada{desc}Traza un radio más amplio al segar la hierba y los cultivos.	Foice Reforçada{desc}Tem um alcance maior para cortar grama e plantações.	强力镰{desc}挥砍半径范围更大的草丛和作物。	強化カマ{desc}草や作物を狩れる範囲が広くなる。	Улучшенная коса{desc}Имеет больший радиус срезания травы и сбора семян.
scythe3	tool	1		Greater Scythe{desc}Has a bigger radius for cutting down grass and crops.	Faux supérieure{desc}Dispose d'un plus grand rayon pour faucher l'herbe et les cultures.	Große Sense{desc}Hat einen größeren Radius, um Gras und andere Pflanzen zu abzuschneiden.	Guadaña superior{desc}Traza un radio más amplio al segar la hierba y los cultivos.	Foice Melhorada{desc}Tem um alcance maior para cortar grama e plantações.	大型镰{desc}挥砍半径范围更大的草丛和作物。	立派なカマ{desc}草や作物を狩れる範囲が広くなる。	Превосходная коса{desc}Имеет больший радиус срезания травы и сбора семян.
scythe4	tool	1		Moonstone Scythe{desc}Has a bigger radius for cutting down grass and crops.	Faux en pierre de lune{desc}Dispose d'un plus grand rayon pour faucher l'herbe et les cultures.	Mondsteinsense{desc}Hat einen größeren Radius, um Gras und andere Pflanzen zu abzuschneiden.	Guadaña de piedra lunar{desc}Traza un radio más amplio al segar la hierba y los cultivos.	Foice de Selenita{desc}Tem um alcance maior para cortar grama e plantações.	月石镰{desc}挥砍半径范围更大的草丛和作物。	ムーンストーンのカマ{desc}草や作物を狩れる範囲が広くなる。	Лунная коса{desc}Имеет больший радиус срезания травы и сбора семян.
wateringCan1	tool	1		Watering Can{desc}Great for watering seeds.	Arrosoir{desc}Pratique pour arroser les graines.	Gießkanne{desc}Ideal, um Samen zu gießen.	Regadera{desc}Perfecta para regar las semillas.	Regador{desc}Ótimo para regar sementes.	洒水壶{desc}给种子浇水的绝佳工具。	じょうろ{desc}種に水をやるのにピッタリ。	Лейка{desc}Отлично подходит для полива растений.
wateringCan2	tool	1		Reinforced Watering Can{desc}Waters seeds two at a time. You can toggle between watering patterns.	Arrosoir renforcé{desc}Permet d'arroser deux graines à la fois. Tu peux changer de mode d'arrosage.	Verstärkte Gießkanne{desc}Gießt zwei Samen auf einmal. Du kannst zwischen Gießmustern wechseln.	Regadera reforzada{desc}Riega dos semillas a la vez. Alterna entre los diferentes patrones de riego y escoge cuántas semillas quieres regar.	Regador Reforçado{desc}Rega duas sementes de uma vez. Você pode alternar entre os padrões de regador.	强力洒水壶{desc}一次可为两颗种子浇水。可切换浇水的模式。	強化じょうろ{desc}一度に2つの種に水をやれる。パターンの切り替え可能。	Улучшенная лейка{desc}Поливает две растения за раз. Можно переключать режимы полива.
wateringCan3	tool	1		Greater Watering Can{desc}Waters seeds three at a time. You can toggle between watering patterns.	Arrosoir supérieur{desc}Permet d'arroser trois graines à la fois. Tu peux changer de mode d'arrosage.	Große Gießkanne{desc}Gießt drei Samen auf einmal. Du kannst zwischen Gießmustern wechseln.	Regadera superior{desc}Riega tres semillas a la vez. Alterna entre los diferentes patrones de riego y escoge cuántas semillas quieres regar.	Regador Melhorado{desc}Rega três sementes de uma vez. Você pode alternar entre os padrões de regador.	大型洒水壶{desc}一次可为三颗种子浇水。可切换浇水的模式。	立派なじょうろ{desc}一度に3つの種に水をやれる。パターンの切り替え可能。	Превосходная лейка{desc}Поливает три растения за раз. Можно переключать режимы полива.
wateringCan4	tool	1		Moonstone Watering Can{desc}Waters seeds in a 3x3 square. You can toggle between watering patterns.	Arrosoir en pierre de lune{desc}Permet d'arroser des graines dans une zone de 3x3. Tu peux changer de mode d'arrosage.	Mondsteingießkanne{desc}Gießt Samen in einem Bereich von 3x3 Feldern. Du kannst zwischen Gießmustern wechseln.	Regadera de piedra lunar{desc}Riega las semillas que estén dentro de un cuadrado de 3x3. Alterna entre los diferentes patrones de riego y escoge cuántas semillas quieres regar.	Regador de Selenita{desc}Rega um quadrado de 3x3 sementes. Você pode alternar entre os padrões de regador.	月石洒水壶{desc}可为 3x3 大小区域中的所有种子浇水。可切换浇水的模式。	ムーンストーンのじょうろ{desc}3x3四方の種に水をやれる。パターンの切り替え可能。	Лунная лейка{desc}Поливает растения в квадрате 3x3. Можно переключать режимы полива.
fishingRod1	tool	1		Fishing rod{desc}Used to catch fish.	Canne à pêche{desc}Permet d'attraper des poissons.	Angelrute{desc}Wird benutzt, um Fische zu fangen.	Caña de pescar{desc}Se usa para pescar.	Vara de Pesca{desc}Usada para pegar peixes.	钓鱼竿{desc}用来钓鱼。	釣りざお{desc}サカナを釣るのに使える。	Удочка{desc}Используется для ловли рыбы.
fishingRod2	tool	1		Reinforced fishing rod{desc}Used to catch fish. Fish will bite more frequently.	Canne à pêche renforcée{desc}Permet d'attraper des poissons. Les poissons mordront plus souvent.	Verstärkte Angelrute{desc}Wird benutzt, um Fische zu fangen. Fische beißen häufiger an.	Caña de pescar reforzada{desc}Sirve para pescar. Los peces pican con más frecuencia.	Vara de Pesca Reforçada{desc}Usada para pegar peixes. Os peixes mordem a isca com mais frequência.	强力钓鱼竿{desc}用来钓鱼。鱼会更频繁地咬钩。	強化釣りざお{desc}サカナを釣るのに使える。サカナが食いつきやすくなる。	Улучшенная удочка{desc}Используется для ловли рыбы. Рыба клюет чаще.
fishingRod3	tool	1		Greater fishing rod{desc}Used to catch fish. Casts further, and fish will bite faster.	Canne à pêche supérieure{desc}Permet d'attraper des poissons. La ligne est plus longue et les poissons mordront plus souvent.	Große Angelrute{desc}Wird benutzt, um Fische zu fangen. Der Köder kann weiter geworfen werden und Fische beißen schneller an.	Caña de pescar superior{desc}Sirve para pescar. Lanza el sedal más lejos y los peces tardan menos en picar.	Vara de Pesca Melhorada{desc}Usada para pegar peixes. Lança a isca mais longe e os peixes mordem mais rapidamente.	大型钓鱼竿{desc}用来钓鱼。鱼饵投掷得更远，且鱼会更快咬钩。	立派な釣りざお{desc}サカナを釣るのに使える。釣り糸を投げる距離が増え、サカナの食いつきが早くなる。	Превосходная удочка{desc}Используется для ловли рыбы. Забрасывает дальше, и рыба клюет чаще.
fishingRod4	tool	1		Moonstone fishing rod{desc}Used to catch fish. Casts further, reels in fish quicker, and fish will bite faster.	Canne à pêche en pierre de lune{desc}Permet d'attraper des poissons. La ligne est plus longue, les poissons mordront plus souvent et ils seront plus faciles à remonter.	Mondsteinangelrute{desc}Wird benutzt, um Fische zu fangen. Der Köder kann weiter geworfen werden, Fische können schneller eingeholt werden und beißen schneller an.	Caña de pescar de piedra lunar{desc}Sirve para pescar. Lanza el sedal más lejos y lo recoge más rápido. Además, los peces tardan menos en picar.	Vara de Pesca de Selenita{desc}Usada para pegar peixes. Lança a isca mais longe, puxa a linha mais agilmente e os peixes mordem a isca mais rápido.	月石钓鱼竿{desc}用来钓鱼。鱼饵投掷得更远，收竿速度更快，且鱼会更快咬钩。	ムーンストーンの釣りざお{desc}サカナを釣るのに使える。釣り糸を投げる距離が増え、リールを巻く速度が上がり、サカナの食いつきが早くなる。	Лунная удочка{desc}Используется для ловли рыбы. Забрасывает дальше, вытаскивает рыбу быстрее, и рыба клюет чаще.
glider	tool	1		Glider{desc}The main mode of transportation for any certified Alchemist. Way faster than a broom.	Planeur{desc}Le principal moyen de transport de tout alchimiste digne de ce nom. Bien plus rapide qu'un balai.	Gleiter{desc}Das wichtigste Transportmittel für zertifizierte Alchemisten. Um ein Vielfaches schneller als ein Besen.	Aerodeslizador{desc}Medio de transporte principal de todo alquimista titulado. Mucho más rápido que una escoba.	Asa-Delta{desc}O principal meio de transporte para qualquer Alquimista que se preze. Bem mais rápida que a vassoura.	滑翔机{desc}所有获得资质的魔法师的主要出行方式。比飞天扫帚快得多。	グライダー{desc}公認錬金術の主な移動手段。ホウキよりも速い。	Глайдер{desc}Основной вид транспорта любого сертифицированного алхимика. Гораздо быстрее метлы.
broom	tool	1		Broom{desc}Great for hopping between islands. Kinda slow.	Balai{desc}Pratique pour se rendre d'une île à une autre, mais assez lent.	Besen{desc}Ideal, um zwischen Inseln hin- und herzufliegen. Ein bisschen langsam.	Escoba{desc}Perfecta para saltar de una isla a otra, pero es un poco lenta.	Vassoura{desc}Ótima para saltar entre as ilhas. Um pouco lenta.	飞天扫帚{desc}在岛屿间穿梭的绝佳工具。有点慢。	ホウキ{desc}島のあいだを飛び越えるのにピッタリ。ちょっと遅い。	Метла{desc}Отлично подходит для недалеких перелетов между островами. Довольно медленная.
balloon	tool	1		Balloon{desc}Used to travel between islands and over gaps in dungeons. Travels in the direction you're facing during take off. Not the fastest (or safest) way to fly, but it gets the job done.	Ballon{desc}[size=8]Permet de voler entre les îles et de franchir les obstacles dans les donjons. Se déplace dans la direction suivie au moment du décollage. Ce n'est pas le moyen le plus rapide (ni le plus sûr) de voler, mais ça fait l'affaire.	Ballon{desc}[size=8]Wird benutzt, um von einer Insel zur anderen zu reisen und Abgründe in Verliesen zu überwinden. Fliegt in die Richtung, in die du beim Abheben blickst. Nicht das schnellste (oder sicherste) Fluggefährt, aber es tut seinen Dienst.	Globo{desc}[size=8]Se usa para viajar entre islas y salvar las grietas de las mazmorras. Te mueves en la dirección a la que mires al despegar. No es el modo más rápido ni el más seguro de volar, pero cumple su función.	Balão{desc}[size=8]Usado para viajar entre as ilhas e sobre fossos nas masmorras. Viaja na direção para a qual você estiver voltade durante a decolagem. Não é o meio mais rápido (ou mais seguro) de voar, mas funciona.	气球{desc}用于在岛屿间以及地下城的裂隙间旅行。向着起飞时的面朝方向行进。并非最快（也非最安全）的飞行方式，但可堪一用。	風船{desc}島と島を移動したり、ダンジョンで裂け目を越えるのに使う。離陸中に向いている方向へ進む。空を飛ぶのに一番速い乗り物ではないけれど（一番安全でもない）、役割は果たす。	Воздушный шар{desc}Используется для коротких перелётов между островами и в подземельях. Направление выбирается при взлёте. Не самый быстрый (или безопасный) транспорт, но справляется со своей задачей.
											
											
											
											
alchemistsWand	tool	1		Alchemist's Wand{desc}Spend Stamina to grow crops and trees super fast.	Baguette d'alchimiste{desc}Dépense de l'endurance pour faire pousser tes cultures et tes arbres super vite.	Alchemistenstab{desc}Verbrauche Ausdauer, um Pflanzen und Bäume superschnell wachsen zu lassen.	Varita de alquimista{desc}Gasta resistencia para hacer que los cultivos y los árboles crezcan muy rápido.	Bastão de Alquimista{desc}Gasta Resistência para cultivar colheitas e árvores rapidamente.	魔法师法杖{desc}通过消耗耐力让作物和树木以极快速度生长。	錬金術の杖{desc}スタミナを消費して植物や木の成長速度を上げる。	Волшебная палочка{desc}Ускоряет выращивание растений за счет Выносливости.
boomerang	tool	1		Boomerang{desc}Throw it to cut plants, stun Spirits or interact with various objects.	Boomerang{desc}Lance-le pour couper des cultures, étourdir les esprits ou interagir avec de nombreux objets.	Bumerang{desc}Wirf ihn, um Pflanzen zu schneiden, Geister zu betäuben oder mit verschiedenen Objekten zu interagieren.	Bumerán{desc}Lánzalo para cortar plantas, aturdir a los espíritus o interactuar con diferentes objetos.	Bumerangue{desc}Arremesse para cortar plantas, atordoar Espíritos ou interagir com diversos objetos.	回旋镖{desc}投掷回旋镖可收割植物、击昏精灵或与各式各样的物体互动。	ブーメラン{desc}投げると、植物を切ったり、精霊を気絶させたり、さまざまなオブジェクトを起動したりできる。	Бумеранг{desc}Бросьте его, чтобы срезать растения, оглушить Духов или взаимодействовать с различными объектами.
brush	tool	1		Spirit Brush{desc}Used to brush Spirits and make them happy and fluffy. Buffs one random stat and increases chance to drop Spirit resources.	Brosse à esprits{desc}Sert à brosser les esprits pour les rendre heureux et tout doux. Renforce un attribut aléatoire et augmente les chances d'obtenir des ressources d'esprit.	Geisterbürste{desc}Wird benutzt, um Geister zu striegeln und sie schön fluffig zu machen. Verstärkt eine zufällige Eigenschaft und erhöht die Chance, Geisterressourcen zu hinterlassen.	Cepillo para espíritus{desc}Se usa para cepillar a los espíritus y dejarlos suavecitos y contentos. Potencia un atributo al azar y aumenta la probabilidad de que suelten recursos de espíritus.	Escova de Espírito{desc}Usada para escovar os Espíritos e deixá-los alegres e fofinhos. Reforça um atributo aleatório e aumenta a chance de eles deixarem cair um Recurso de Espírito.	精灵刷{desc}用来为精灵刷毛，可使其开心并且毛发旺盛。随机获得一个属性加成，并提高精灵资源掉落的几率。	精霊のブラシ{desc}精霊の毛づくろいに使う。これで精霊も幸せでフワフワ。ランダムなステータス1つにバフ効果が付き、精霊の資源を落とす可能性が上がる。	Щетка для духов{desc}Используется для чистки Духов, делает их счастливыми и пушистыми. Улучшает один случайный аттрибут и увеличивает шанс получения субстанций.
flippers	tool	1		Flippers{desc}Put these on to swim in water and up waterfalls. Don't go off the edge!	Palmes{desc}Enfile-les pour pouvoir nager et remonter les chutes d'eau. Attention à ne pas tomber du bord des îles !	Schwimmflossen{desc}Ziehe sie an, wenn du schwimmen gehst oder um Wasserfälle hochzuschwimmen. Achte auf den Rand!	Aletas{desc}Póntelas para nadar y remontar cascadas. ¡Ten cuidado de no caerte por el borde!	Pés de Pato{desc}Coloque-os para nadar na água e subir cachoeiras. Não vá longe demais!	脚蹼{desc}穿上它们可在水里游泳以及沿瀑布而上。不要冲出边缘了噢！	フリッパー{desc}これを着ければ水中を泳いだり滝を上ったりできる。端から落ちないように注意！	Ласты{desc}Наденьте их, чтобы плавать в воде и подниматься по водопадам. Только не свалитесь с края острова!
teleporter	tool	1		Teleporter{desc}A magical stone that moves you. Throw it to transport to where it lands.	Téléporteur{desc}Pierre magique qui te transporte où tu veux. Lance-la pour te téléporter à l'endroit où elle atterrit.	Teleporter{desc}Ein magischer Stein, mit dem du dich fortbewegen kannst. Wirf ihn, um dich dorthin zu transportieren, wo er landet.	Teletransportador{desc}Piedra mágica para desplazarse. Lánzala y aparecerás en el lugar donde aterrice.	Teletransportador{desc}Uma pedra mágica que move você. Arremesse-a para se transportar para onde ela pousar.	传送石{desc}一块魔法石，可以让你瞬移。投掷传送石，可瞬移到石头落地的位置。	テレポート石{desc}移動させてくれる魔法の石。この石を投げて落ちたところに瞬間移動できる。	Телепортатор{desc}Волшебный камень для мгновенного перемещения. Бросьте его, чтобы телепортироваться туда, где он приземлится.
medallion	tool	1		Medallion{desc}A gate key to a pocket dimension wherein Spirits can be kept.	Médaillon{desc}Portail vers une dimension miniature où vivent les esprits.	Medaillon{desc}Ein Schlüssel zu einer Nebendimension, in der Geister verwahrt werden können.	Medallón{desc}Portal a una dimensión de bolsillo en la que puedes guardar a los espíritus.	Medalhão{desc}A chave para entrar na Dimensão Compactada onde os Espíritos podem ser guardados.	徽章{desc}一把门钥匙，可开启一个存放精灵的口袋维度。	メダル{desc}精霊が暮らす小さな次元へのゲートキー。	Медальон{desc}Ключ, открывающий дверь в карманное измерение для хранения Духов.
dancingShoes	tool	1		Dancing Shoes{desc}Use anywhere to bust a move!	Chaussures de danse{desc}Utilise-les où tu veux pour faire quelques pas de danse !	Tanzschuhe{desc}Du kannst sie überall benutzen, um das Tanzbein zu schwingen.	Zapatos de baile{desc}¡Póntelos para mover el esqueleto!	Sapatos de Dança{desc}Use-os em qualquer lugar para dançar!	舞鞋{desc}任何地点可用，随心起舞！	ダンスシューズ{desc}これを履いて、いろんなところでダンス！	Танцевальные туфли{desc}Танцуйте так, будто никто не смотрит. Даже если все смотрят!
warpWhistle	tool	1		Warp Whistle{desc}Teleports you back to Moonstone Island once per day.	Flûte de distorsion{desc}Te téléporte sur l'île de la Pierre de lune une fois par jour.	Warppfeife{desc}Teleportiert dich einmal am Tag zur Mondsteininsel zurück.	Flauta mágica{desc}Te teletransporta de vuelta a Isla Lunapétrea una vez al día.	Flauta Mágica{desc}Teletransporta você de volta à Ilha das Selenitas uma vez por dia.	跃迁哨{desc}每天可将你传送至月石岛一次。	ワープの笛{desc}1日に1回、ムーンストーン島へ瞬間移動で戻れる。	Волшебный свисток{desc}Телепортирует вас на Остров Лунного Камня один раз в день.
											
concoction	concoction	100	300	Concoction{desc}A distilled solution of two crops.	Préparation{desc}Mélange distillé de deux cultures.	Mixtur{desc}Eine destillierte Lösung aus zwei Pflanzen.	Brebaje{desc}Solución destilada de dos cultivos.	Preparação{desc}Uma solução destilada de duas colheitas.	调制糊糊{desc}由两种作物蒸馏而成的混合物。	調合物{desc}2つの作物を蒸留した溶液。	Настойка{desc}Дистиллированный раствор из двух культур.
											
fibre	material	100	2	Fibre{desc}Tough plant material that can be woven into cloth.	Fibre{desc}Matière végétale résistante qui peut être transformée en tissu.	Faser{desc}Stabiles Pflanzenmaterial, das zu Kleidung gewebt werden kann.	Fibra{desc}Material vegetal resistente que se teje para convertirlo en un trapo.	Capim{desc}Material vegetal resistente que pode ser transformado em tecido.	纤维{desc}坚韧的植物材料，可织成布。	繊維{desc}しっかりした植物性の素材で、編むと布を作れる。	Волокно{desc}Прочный растительный материал, который можно превратить в ткань.
wood	material	100	5	Wood{desc}Bits of tree that are used in many crafting recipes.	Bois{desc}Morceaux d'arbre utilisés dans de nombreux plans.	Holz{desc}Baumstücke, die in vielen Herstellungsrezepten verwendet werden.	Madera{desc}Trozos de árbol que se usan en muchos diseños de fabricación.	Madeira{desc}Pedaços de árvore que são usados em muitas receitas de criação.	木头{desc}可通过砍树获得，是若干制作配方的原料。	木材{desc}たくさんのクラフトレシピで使える木の破片。	Древесина{desc}Кусочки дерева, используемые во многих схемах крафта.
stone	material	100	5	Stone{desc}Bits of rock that are used in many crafting recipes.	Pierre{desc}Morceaux de rocher utilisés dans de nombreux plans.	Stein{desc}Felsstücke, die in vielen Herstellungsrezepten verwendet werden.	Piedra{desc}Trozos de roca que se usan en muchos diseños de fabricación.	Pedra{desc}Pedaços de rocha que são usados em muitas receitas de criação.	石头{desc}可通过敲砸岩石获得，是若干制作配方的原料。	石{desc}たくさんのクラフトレシピで使える岩の破片。	Щебень{desc}Кусочки камня, используемые во многих схемах крафта.
moonstone	material	100	500	Moonstone{desc}A mystical stone that emits magical energy. Glows at night.	Pierre de lune{desc}Pierre mystique qui dégage une énergie magique et brille la nuit.	Mondstein{desc}Ein mystischer Stein, der magische Energie verströmt.	Piedra lunar{desc}Piedra mística que emite una energía mágica y brilla en la noche.	Selenita{desc}Uma pedra mística que emite energia mágica. Brilha à noite.	月石{desc}一块魔法石，可发出魔法能量。在夜晚会发光。	ムーンストーン{desc}魔力を放っている不思議な石。夜に光る。	Лунный камень{desc}Мистический камень, излучающий магическую энергию. Светится ночью.
coal	material	100	5	Coal{desc}Compressed ancient plant matter, used to power Furnaces and other devices.	Charbon{desc}Ancienne matière végétale comprimée qui sert à alimenter, entre autres, les fourneaux.	Kohle{desc}Zusammengepresste uralte Pflanzen, die für den Betrieb von Hochöfen und anderen Gerätschaften verwendet werden.	Carbón{desc}Materia vegetal añeja y comprimida que se usa para alimentar las fraguas y otros dispositivos.	Carvão{desc}Antiga matéria vegetal comprimida, usada para abastecer fornalhas e outros aparatos.	煤{desc}古老植物在地底高压下的产物，用来为锻造炉以及其他设备供能。	石炭{desc}圧縮された古代の植物で、かまどなどの燃料になる。	Уголь{desc}Сжатые древние растительные останки, используется в печах и других устройствах.
oreIron	material	100	20	Iron Ore{desc}Raw metal. Can be smelted into Iron Ingots.	Minerai de fer{desc}Métal brut qui peut être transformé en lingots de fer.	Eisenerz{desc}Rohmetall. Kann zu Eisenbarren geschmolzen werden.	Hierro{desc}Metal en bruto. Se puede fundir para hacer lingotes de hierro.	Minério de Ferro{desc}Metal bruto. Pode ser fundido em barras de ferro.	铁矿石{desc}金属原料。可熔化制成铁锭。	鉄鉱石{desc}金属の元になる。溶かして鉄のインゴットを作れる。	Железная Руда{desc}Сырой металл. Можно переплавить в железные слитки.
oreCopper	material	100	10	Copper Ore{desc}Raw metal. Can be smelted into Copper Ingots.	Minerai de cuivre{desc}Métal brut qui peut être transformé en lingots de cuivre.	Kupfererz{desc}Rohmetall. Kann zu Kupferbarren geschmolzen werden.	Cobre{desc}Metal en bruto. Se puede fundir para hacer lingotes de cobre.	Minério de Cobre{desc}Metal bruto. Pode ser fundido em barras de cobre.	铜矿石{desc}金属原料。可熔化制成铜锭。	銅鉱石{desc}金属の元になる。溶かして銅のインゴットを作れる。	Медная Руда{desc}Сырой металл. Можно переплавить в медные слитки.
clay	material	100	50	Clay{desc}A special kind of dirt used to craft pots, and other items.	Argile{desc}Roche spéciale utilisée pour fabriquer des pots et bien d'autres choses.	Ton{desc}Eine spezielle Art von Erde, aus der Töpfe und andere Gegenstände hergestellt werden.	Arcilla{desc}Tipo de tierra especial que se usa para fabricar vasijas y otros objetos.	Argila{desc}Um tipo de terra especial, usada para criar vasos e outros itens.	黏土{desc}一种特殊质地的土，可用来制作土罐以及其他物品。	粘土{desc}独特な泥。ポットなどのアイテムを作るのに使える。	Глина{desc}Особый вид земли, используется для изготовления горшков и других предметов.
seaGlass	material	100	50	Sea Glass{desc}Weathered glass, used to craft bottles and other items.	Verre de mer{desc}Verre érodé utilisé pour fabriquer des flacons et bien d'autres choses.	Meerglas{desc}Verwittertes Glas, aus dem Flaschen und andere Dinge hergestellt werden.	Cristal marino{desc}Cristal gastado que se usa para hacer botellas y otros objetos.	Vidro Marinho{desc}Vidro resistente, usado para criar garrafas e outros itens.	海玻璃{desc}风化玻璃，可用来制作瓶子以及其他物品。	シーグラス{desc}風雨にさらされたガラスで、ビンなどのアイテムを作るのに使える。	Морское стекло{desc}Необходимый материал для изготовления бутылок и других предметов.
poison	material	100	100	Poison{desc}A harmful, but useful goo.	Poison{desc}Substance visqueuse aussi nocive qu'utile.	Gift{desc}Ein schädlicher, aber nützlicher Schleim.	Veneno{desc}Un pringue nocivo pero muy útil.	Veneno{desc}Gosma nociva, porém útil.	毒药{desc}有害但有用的粘稠物。	毒{desc}危険だけれど役に立つネバネバ。	Яд{desc}Вредное, но полезное вещество.
snowball	material	100	150	Snowball{desc}A spherical object made from frozen water.	Boule de neige{desc}Objet sphérique composé d'eau gelée.	Schneeball{desc}Ein rundes Objekt aus gefrorenem Wasser.	Bola de nieve{desc}Objeto esférico hecho de agua congelada.	Bola de Neve{desc}Objeto esférico feito de água congelada.	雪球{desc}由固态水构成的圆形物。	雪玉{desc}凍った水でできている球状の物体。	Снежок{desc}Сферический объект, сделанный из замерзшей воды.
sparks	material	100	200	Sparks{desc}Tiny electric particles.	Étincelle{desc}Minuscule particule électrique.	Funken{desc}Kleine elektrische Teilchen.	Chispas{desc}Pequeñas partículas eléctricas.	Faíscas{desc}Pequenas partículas elétricas.	火花{desc}微小的电粒子。	スパーク{desc}小さな電気の粒子。	Искры{desc}Мельчайшие электрические частицы.
fireball	material	100	300	Fireball{desc}A spherical object made of fire.	Boule de feu{desc}Objet sphérique composé de feu.	Feuerball{desc}Ein rundes Objekt aus Feuer.	Bola de fuego{desc}Objeto esférico hecho de fuego.	Bola de Fogo{desc}Objeto esférico feito de fogo.	火球{desc}由火构成的球状物。	火の玉{desc}炎でできている球状の物体。	Огненный шар{desc}Сферический объект, сделанный из огня.
darkMatter	material	100	400	Dark Matter{desc}Matter belonging to another plane of existence.	Matière noire{desc}Matière appartenant à une autre dimension.	Dunkle Materie{desc}Materie, die einer anderen Existenzebene angehört.	Materia oscura{desc}Materia que pertenece a otro plano existencial.	Matéria Obscura{desc}Matéria que pertence a outro plano de existência.	暗物质{desc}属于另一个星球的物质。	ダークマター{desc}別次元からやってきた物質。	Темная материя{desc}Материя из другого измерения.
dreamDrop	material	100	400	Dream Drop{desc}Crystallized psychic energy.	Goutte onirique{desc}Énergie psychique cristallisée.	Traumtropfen{desc}Kristallisierte psychische Energie.	Gota onírica{desc}Energía psíquica cristalizada.	Gota de Sonho{desc}Energia paranormal cristalizada.	梦露{desc}通灵能量晶体。	ドリームドロップ{desc}超常的なネルギーが結晶化したもの。	Капля мечты{desc}Кристаллизованная магическая энергия.
cloth	material	100	6	Cloth{desc}A soft material made from plant fibre. Used to craft various items.	Tissu{desc}Matière souple conçue à partir de fibre végétale. Sert à fabriquer de nombreux objets.	Stoff{desc}Ein weiches Material aus Pflanzenfasern. Wird benutzt, um verschiedene Dinge herzustellen.	Trapo{desc}Material suave hecho a partir de fibras vegetales. Se usa para fabricar diferentes objetos.	Tecido{desc}Um material macio feito de capim. Usado para criar diversos itens.	布料{desc}由植物纤维制成的柔软材料。可用于制作多种物品。	布{desc}植物繊維からできているやわらかい素材。さまざまなアイテムを作るのに使う。	Ткань{desc}Мягкий материал, сделанный из растительных волокон. Используется для изготовления различных предметов.
ingotCopper	material	100	200	Copper Ingot{desc}Used to craft various items. Obtained by smelting Copper Ore in a Furnace.	Lingot de cuivre{desc}Sert à fabriquer de nombreux objets. S'obtient en fondant du minerai de cuivre dans un fourneau.	Kupferbarren{desc}Wird benutzt, um verschiedene Dinge herzustellen. Entsteht durch das Einschmelzen von Kupfererz in einem Hochofen.	Lingote de cobre{desc}Se usa para fabricar diferentes objetos. Se obtiene al fundir cobre en una fragua.	Barra de Cobre{desc}Usada para criar diversos itens. Obtida ao fundir minério de cobre em uma fornalha.	铜锭{desc}可用于制作多种物品。可通过在锻造炉融化铜矿获得。	銅のインゴット{desc}さまざまなアイテムを作るのに使う。銅鉱石をかまどで溶かすと入手できる。	Медный Слиток{desc}Используется для изготовления различных предметов. Получается путем плавки медной руды в печи.
ingotIron	material	100	400	Iron Ingot{desc}Used to craft various items. Obtained by smelting Iron Ore in a Furnace.	Lingot de fer{desc}Sert à fabriquer de nombreux objets. S'obtient en fondant du minerai de fer dans un fourneau.	Eisenbarren{desc}Wird benutzt, um verschiedene Dinge herzustellen. Entsteht durch das Einschmelzen von Eisenerz in einem Hochofen.	Lingote de hierro{desc}Se usa para fabricar diferentes objetos. Se obtiene al fundir hierro en una fragua.	Barra de Ferro{desc}Usada para criar diversos itens. É obtida ao fundir minério de ferro em uma fornalha.	铁锭{desc}可用于制作多种物品。可通过在锻造炉融化铁矿获得。	鉄のインゴット{desc}さまざまなアイテムを作るのに使う。鉄鉱石をかまどで溶かすと入手できる。	Железный Слиток{desc}Используется для изготовления различных предметов. Получается путем плавки железной руды в печи.
ingotMoonstone	material	100	2000	Moonstone Ingot{desc}Used to craft various items. Obtained by smelting Moonstone in a Furnace.	Lingot de pierre de lune{desc}Sert à fabriquer de nombreux objets. S'obtient en fondant des pierres de lune dans un fourneau.	Mondsteinbarren{desc}Wird benutzt, um verschiedene Dinge herzustellen. Entsteht durch das Einschmelzen von Mondstein in einem Hochofen.	Lingote de piedra lunar{desc}Se usa para fabricar diferentes objetos. Se obtiene al fundir una piedra lunar en una fragua.	Barra de Selenita{desc}Usada para criar diversos itens. É obtida ao fundir Selenita em uma fornalha.	月石锭{desc}可用于制作多种物品。可通过在锻造炉融化月石获得。	ムーンストーンのインゴット{desc}さまざまなアイテムを作るのに使う。ムーンストーンをかまどで溶かすと入手できる。	Лунный Слиток{desc}Используется для изготовления различных предметов. Получается путем плавки лунного камня в печи.
ash	material	100	10	Ash{desc}Used to stabilize concoctions. Obtained by burning wood in a Furnace.	Tas de cendres{desc}Permet de stabiliser les préparations. S'obtient en faisant brûler du bois dans un fourneau.	Asche{desc}Wird benutzt, um Mixturen zu stabilisieren. Entsteht durch Verbrennen von Holz in einem Hochofen.	Ceniza{desc}Se usa para equilibrar los brebajes. Se obtiene al quemar madera en una fragua.	Cinzas{desc}Usada para estabilizar preparações. É obtida ao queimar madeira na fornalha.	灰烬{desc}用来稳定调制糊糊。可通过在锻造炉燃烧木头获得。	灰{desc}調合物を安定化させるのに使う。木材をかまどで燃やすと入手できる。	Пепел{desc}Используется для стабилизации настоек. Получается путем сжигания древесины в печи.
											
talismanCleanse	item	100		Cleanse Talisman{desc}Feed to a Spirit to remove a card from their deck.	Talisman de purge{desc}Donne-le à un esprit pour supprimer une carte de son deck.	Talisman der Reinigung{desc}Verfüttere ihn an einen Geist, um eine Karte aus seinem Deck zu entfernen.	Talismán purificador{desc}Dáselo a un espíritu para eliminar una carta de su mazo.	Talismã da Purificação{desc}Use para alimentar um Espírito e Remover uma carta do baralho dele.	清洗法宝{desc}供给精灵，即可从其卡组中移除一张卡牌。	浄化のタリスマン{desc}精霊に与えると、そのデッキからカードを1枚減らせる。	Талисман Очищения{desc}Дайте духу, чтобы удалить карту из его колоды.
talismanMeditate	item	100		Meditate Talisman{desc}Feed to a Spirit to upgrade a card from their deck.	Talisman de méditation{desc}Donne-le à un esprit pour améliorer une carte de son deck.	Talisman der Meditation{desc}Verfüttere ihn an einen Geist, um eine Karte aus seinem Deck zu verbessern.	Talismán reflexivo{desc}Dáselo a un espíritu para mejorar una carta de su mazo.	Talismã da Meditação{desc}Use para alimentar um Espírito e Melhorar uma carta do baralho dele.	冥思法宝{desc}供给精灵，即可从其卡组中升级一张卡牌。	めい想のタリスマン{desc}精霊に与えると、そのデッキのカードを1枚アップグレードできる。	Талисман Медитации{desc}Дайте духу, чтобы улучшить карту в его колоде.
talismanStudy	item	100		Study Talisman{desc}Feed to a Spirit to add a card to their deck.	Talisman d'apprentissage{desc}Donne-le à un esprit pour ajouter une carte à son deck.	Talisman des Lernens{desc}Verfüttere ihn an einen Geist, um seinem Deck eine Karte hinzuzufügen.	Talismán erudito{desc}Dáselo a un espíritu para añadir una carta a su mazo.	Talismã de Estudo{desc}Use para alimentar um Espírito e Acrescentar uma carta ao baralho dele.	学习法宝{desc}供给精灵，即可为其卡组添加一张卡牌。	学びのタリスマン{desc}精霊に与えると、そのデッキにカードを1枚追加できる。	Талисман Знания{desc}Дайте духу, чтобы добавить новую карту в его колоду.
bottle	item	100	50	Glass bottle{desc}Used to contain a variety of liquids.	Flacon en verre{desc}Peut contenir une grande variété de liquides.	Glasflasche{desc}Wird benutzt, um verschiedene Flüssigkeiten aufzubewahren.	Botella de cristal{desc}Contenedor para diferentes líquidos.	Garrafa de Vidro{desc}Usada para guardar uma variedade de líquidos.	玻璃瓶{desc}用来盛装各种各样的液体。	ガラスのビン{desc}さまざまな液体を入れるのに使う。	Стеклянная бутылка{desc}Используется для хранения различных жидкостей.
											
broomBroken	item	100		Broken Broom{desc}A once glorious, now broken Broom.	Balai brisé{desc}Ce balai en morceaux avait autrefois fière allure.	Kaputter Besen{desc}Ein einst prächtiger, aber inzwischen kaputter Besen.	Escoba rota{desc}Una gloriosa escoba ahora hecha pedazos.	Vassoura Quebrada{desc}Antes gloriosa, porém agora uma vassoura quebrada.	破损飞天扫帚{desc}一把曾经历辉煌，如今却破损不堪的飞天扫帚。	こわれたホウキ{desc}昔は美しかったけれど、今はこわれたホウキ。	Сломанная метла{desc}Некогда великолепная, но теперь сломанная метла.
braceletMoonstone	item	100	1000	Moonstone Bracelet{desc}A traditional bracelet given to symbolize commitment to someone.	Bracelet en pierre de lune{desc}Un bracelet traditionnel que l'on offre pour marquer le début d'une relation avec une personne.	Mondsteinarmband{desc}Ein klassisches Armband als Symbol der Zuneigung zu jemandem.	Pulsera de piedra lunar{desc}Pulsera tradicional que se regala como símbolo de compromiso.	Bracelete de Selenita{desc}Um bracelete tradicional que é dado para simbolizar um compromisso com alguém.	月石手镯{desc}一只传统的手镯，作为象征承诺的物件而送出。	ムーンストーンのブレスレット{desc}誓いを象徴するために渡す、伝統的なブレスレット。	Браслет из лунного камня{desc}Традиционный браслет, который дарят как знак романтической привязанности.
braceletGrass	item	100	100	Grass Bracelet{desc}A traditional bracelet given to symbolize the end of a commitment to someone.	Bracelet végétal{desc}Un bracelet traditionnel que l'on offre pour marquer la fin d'une relation avec une personne.	Grasarmband{desc}Ein klassisches Armband als Symbol der Beendigung einer Beziehung mit jemandem.	Pulsera de hierba{desc}Pulsera tradicional que se regala para romper un compromiso.	Bracelete de Grama{desc}Um bracelete tradicional que é dado para simbolizar o fim de um compromisso com alguém.	青草手环{desc}一只传统的手镯，作为象征承诺终止的物件而送出。	草のブレスレット{desc}誓いを終えるために渡す、伝統的なブレスレット。	Браслет из травы{desc}Традиционный браслет, символизирующий конец отношений.
braceletMarriage	item	100	2000	Moonstone Wedding Ring{desc}This ring is part of an Alchemist tradition, and is given to someone to symbolize lifelong commitment. It also allows the bearer to travel to your home from anywhere. Awww.	Alliance en pierre de lune{desc}Cette bague s'inscrit dans une longue tradition romantique inventée par les alchimistes. Elle permet à la personne qui la porte de se téléporter depuis et vers l'emplacement de son ou sa partenaire grâce à la magie de l'amour.	Mondstein-Ehering{desc}Dieser Ring ist eine lange und romantische Tradition der Alchemisten und kann jemandem als Symbol für eine lebenslange Bindung gegeben werden. Der Träger kann sich mithilfe der Magie der Liebe zum Partner teleportieren und wieder weg. Toll.	Alianza de piedra lunar{desc}Este anillo viene de una tradición de los alquimistas como símbolo de compromiso eterno. Quien lo lleva puede teletransportarse con su pareja como punto de partida o destino. ¡Es la magia del amor!	Aliança de Casamento de Selenita{desc}A aliança faz parte de uma antiga tradição criada por Alquimistas e simboliza um compromisso eterno. Com ela, o usuário pode se teletransportar para perto de seu parceiro com a magia do amor. Óiiin.	月石婚戒{desc}这枚由魔法师打造的戒指承载着悠久且浪漫的传统，把它送给某个人象征着许下终身承诺。佩戴戒指的人可以使用爱之魔法传送到伴侣身边，或从伴侣身边传送到其他地方。太甜啦。	ムーンストーンの結婚指輪{desc}錬金術師たちが作った長くロマンチックな伝統の一部である指輪。生涯にわたる献身の象徴として相手へ渡し、着用者は愛の力でパートナーの元へ行き来できる。お熱いね！	Лунное обручальное кольцо{desc}Это кольцо - часть алхимической традиции, его дарят в знак вечной верности. К тому же, оно позволяет владельцу телепортироваться в ваш дом откуда угодно. Ох, как мило!
											
											
sheetCopper	material	100	800	Copper Sheet{desc}Used to craft Copper Charms.	Feuille de cuivre{desc}Sert à fabriquer des amulettes en cuivre.	Kupferblech{desc}Wird benutzt, um Kupfertalismane herzustellen.	Lámina de cobre{desc}Se usa para hacer amuletos de cobre.	Folha de Cobre{desc}Usada para criar amuletos de cobre.	铜片{desc}用于制作铜护身符。	銅板{desc}銅のチャームを作るのに使う。	Медный Лист {desc}Используется для изготовления медных амулетов.
sheetIron	material	100	1600	Iron Sheet{desc}Used to craft Iron Charms.	Feuille de fer{desc}Sert à fabriquer des amulettes en fer.	Eisenblech{desc}Wird benutzt, um Eisentalismane herzustellen.	Lámina de hierro{desc}Se usa para hacer amuletos de hierro.	Folha de Ferro{desc}Usada para criar amuletos de ferro.	铁片{desc}用于制作铁护身符。	鉄板{desc}鉄のチャームを作るのに使う。	Железный Лист{desc}Используется для изготовления железных амулетов.
sheetMoonstone	material	100	4000	Moonstone Sheet{desc}Used to craft Moonstone Charms.	Feuille de pierre de lune{desc}Sert à fabriquer des amulettes en pierre de lune.	Mondsteinblech{desc}Wird benutzt, um Mondsteintalismane herzustellen.	Lámina de piedra lunar{desc}Se usa para hacer amuletos de piedra lunar.	Folha de Selenita{desc}Usada para criar amuletos de Selenita.	月石片{desc}用于制作月石附身符。	ムーンストーン板{desc}ムーンストーンのチャームを作るのに使う。	Лунный Лист{desc}Используется для изготовления амулетов из лунного камня.
											
armorCopperPoison	armor	100	1000	Copper Charm of Poison Resistance{desc}Resists 30% of Poison damage from island hazards when kept in inventory.	Amulette en cuivre de résistance au poison{desc}Quand cet objet est dans l'inventaire, il permet de résister à 30 % des dégâts de poison causés par les nuages toxiques sur les îles de ce type.	Kupfertalisman der Giftresistenz{desc}Widersteht 30% des Giftschadens durch Inselgefahren, wenn im Inventar.	Amuleto de cobre resistente al veneno{desc}Al tenerlo en el inventario, proporciona un 30 % de resistencia al daño infligido por las amenazas tóxicas de la isla.	Amuleto de Cobre de Resistência a Veneno{desc}30% de resistência a Dano de Veneno dos perigos das ilhas quando mantido no inventário.	抗毒铜护身符{desc}放置在随身物品栏中时，可抵御 30% 来自岛屿危险物造成的毒性伤害。	銅のチャーム^（どく耐性）{desc}所持品内にあると、毒の島で受ける毒ダメージを30%防いでくれる。	Медный Амулет (Яд){desc}Снижает на 30% урон от стихии на Островах Яда, когда находится в инвентаре.
armorIronPoison	armor	100	1800	Iron Charm of Poison Resistance{desc}Resists 50% of Poison damage from island hazards when kept in inventory.	Amulette en fer de résistance au poison{desc}Quand cet objet est dans l'inventaire, il permet de résister à 50 % des dégâts de poison causés par les nuages toxiques sur les îles de ce type.	Eisentalisman der Giftresistenz{desc}Widersteht 50% des Giftschadens durch Inselgefahren, wenn im Inventar.	Amuleto de hierro resistente al veneno{desc}Al tenerlo en el inventario, proporciona un 50 % de resistencia al daño infligido por las amenazas tóxicas de la isla.	Amuleto de Ferro de Resistência a Veneno{desc}50% de resistência a Dano de Veneno dos perigos das ilhas quando mantido no inventário.	抗毒铁护身符{desc}放置在随身物品栏中时，可抵御 50% 来自岛屿危险物造成的毒性伤害。	鉄のチャーム^（どく耐性）{desc}所持品内にあると、毒の島で受ける毒ダメージを50%防いでくれる。	Железный Амулет (Яд){desc}Снижает на 50% урон от стихии на Островах Яда, когда находится в инвентаре.
armorMoonstonePoison	armor	100	5200	Moonstone Charm of Poison Resistance{desc}Resists 100% of Poison damage from island hazards when kept in inventory.	Amulette en pierre de lune de résistance au poison{desc}Quand cet objet est dans l'inventaire, il permet de résister à 100 % des dégâts de poison causés par les nuages toxiques sur les îles de ce type.	Mondsteintalisman der Giftresistenz{desc}Widersteht 100% des Giftschadens durch Inselgefahren, wenn im Inventar.	Amuleto de piedra lunar resistente al veneno{desc}Al tenerlo en el inventario, proporciona un 100 % de resistencia al daño infligido por las amenazas tóxicas de la isla.	Amuleto de Selenita de Resistência a Veneno{desc}100% de resistência a Dano de Veneno dos perigos das ilhas quando mantido no inventário.	抗毒月石盔甲{desc}放置在随身物品栏中时，可抵御 100% 来自岛屿危险物造成的毒性伤害。	ムーンストーンのチャーム^（どく耐性）{desc}所持品内にあると、毒の島で受ける毒ダメージを100%防いでくれる。	Лунный Амулет (Яд){desc}Полностью защищает от стихии на Островах Яда, когда находится в инвентаре.
armorCopperElectric	armor	100	1200	Copper Charm of Electric Resistance{desc}Resists 30% of Electric damage from island hazards when kept in inventory.	Amulette en cuivre de résistance à l'électricité{desc}Quand cet objet est dans l'inventaire, il permet de résister à 30 % des dégâts électriques causés par la foudre sur les îles de ce type.	Kupfertalisman der Elektroresistenz{desc}Widersteht 30% des Elektroschadens durch Inselgefahren, wenn im Inventar.	Amuleto de cobre resistente a la electricidad{desc}Al tenerlo en el inventario, proporciona un 30 % de resistencia al daño infligido por las amenazas eléctricas de la isla.	Amuleto de Cobre de Resistência a Eletricidade{desc}30% de resistência a Dano Elétrico dos perigos das ilhas quando mantido no inventário.	抗电铜护身符{desc}放置在随身物品栏中时，可抵御 30% 来自岛屿危险物造成的带电伤害。	銅のチャーム^（でんき耐性）{desc}所持品内にあると、電気の島で受ける電気ダメージを30%防いでくれる。	Медный Амулет (Электро){desc}Снижает на 30% урон от стихии на Электро Островах, когда находится в инвентаре.
armorIronElectric	armor	100	2000	Iron Charm of Electric Resistance{desc}Resists 50% of Electric damage from island hazards when kept in inventory.	Amulette en fer de résistance à l'électricité{desc}Quand cet objet est dans l'inventaire, il permet de résister à 50 % des dégâts électriques causés par la foudre sur les îles de ce type.	Eisentalisman der Elektroresistenz{desc}Widersteht 50% des Elektroschadens durch Inselgefahren, wenn im Inventar.	Amuleto de hierro resistente a la electricidad{desc}Al tenerlo en el inventario, proporciona un 50 % de resistencia al daño infligido por las amenazas eléctricas de la isla.	Amuleto de Ferro de Resistência a Eletricidade{desc}50% de resistência a Dano Elétrico dos perigos das ilhas quando mantido no inventário.	抗电铁护身符{desc}放置在随身物品栏中时，可抵御 50% 来自岛屿危险物造成的带电伤害。	鉄のチャーム^（でんき耐性）{desc}所持品内にあると、電気の島で受ける電気ダメージを50%防いでくれる。	Железный Амулет (Электро){desc}Снижает на 50% урон от стихии на Электро Островах, когда находится в инвентаре.
armorMoonstoneElectric	armor	100	5400	Moonstone Charm of Electric Resistance{desc}Resists 100% of Electric damage from island hazards when kept in inventory.	Amulette en pierre de lune de résistance à l'électricité{desc}Quand cet objet est dans l'inventaire, il permet de résister à 100 % des dégâts électriques causés par la foudre sur les îles de ce type.	Mondsteintalisman der Elektroresistenz{desc}Widersteht 100% des Elektroschadens durch Inselgefahren, wenn im Inventar.	Amuleto de piedra lunar resistente a la electricidad{desc}Al tenerlo en el inventario, proporciona un 100 % de resistencia al daño infligido por las amenazas eléctricas de la isla.	Amuleto de Selenita de Resistência a Eletricidade{desc}100% de resistência a Dano Elétrico dos perigos das ilhas quando mantido no inventário.	抗电月石护身符{desc}放置在随身物品栏中时，可抵御 100% 来自岛屿危险物造成的带电伤害。	ムーンストーンのチャーム^（でんき耐性）{desc}所持品内にあると、電気の島で受ける電気ダメージを100%防いでくれる。	Лунный Амулет (Электро){desc}Полностью защищает от стихии на Электро Островах, когда находится в инвентаре.
armorCopperFire	armor	100	1400	Copper Charm of Fire Resistance{desc}Resists 30% of Fire damage from island hazards when kept in inventory.	Amulette en cuivre de résistance au feu{desc}Quand cet objet est dans l'inventaire, il permet de résister à 30 % des dégâts de feu causés par les flammes sur les îles de ce type.	Kupfertalisman der Feuerresistenz{desc}Widersteht 30% des Feuerschadens durch Inselgefahren, wenn im Inventar.	Amuleto de cobre resistente al fuego{desc}Al tenerlo en el inventario, proporciona un 30 % de resistencia al daño infligido por las amenazas ígneas de la isla.	Amuleto de Cobre de Resistência a Fogo{desc}30% de resistência a Dano de Fogo dos perigos das ilhas quando mantido no inventário.	抗火铜护身符{desc}放置在随身物品栏中时，可抵御 30% 来自岛屿危险物造成的火力伤害。	銅のチャーム^（ほのお耐性）{desc}所持品内にあると、炎の島で受ける炎ダメージを30%防いでくれる。	Медный Амулет (Огонь){desc}Снижает на 30% урон от стихии на Островах Огня, когда находится в инвентаре.
armorIronFire	armor	100	2000	Iron Charm of Fire Resistance{desc}Resists 50% of Fire damage from island hazards when kept in inventory.	Amulette en fer de résistance au feu{desc}Quand cet objet est dans l'inventaire, il permet de résister à 50 % des dégâts de feu causés par les flammes sur les îles de ce type.	Eisentalisman der Feuerresistenz{desc}Widersteht 50% des Feuerschadens durch Inselgefahren, wenn im Inventar.	Amuleto de hierro resistente al fuego{desc}Al tenerlo en el inventario, proporciona un 50 % de resistencia al daño infligido por las amenazas ígneas de la isla.	Amuleto de Ferro de Resistência a Fogo{desc}50% de resistência a Dano de Fogo dos perigos das ilhas quando mantido no inventário.	抗火铁护身符{desc}放置在随身物品栏中时，可抵御 50% 来自岛屿危险物造成的火力伤害。	鉄のチャーム^（ほのお耐性）{desc}所持品内にあると、炎の島で受ける炎ダメージを50%防いでくれる。	Железный Амулет (Огонь){desc}Снижает на 50% урон от стихии на Островах Огня, когда находится в инвентаре.
armorMoonstoneFire	armor	100	5400	Moonstone Charm of Fire Resistance{desc}Resists 100% of Fire damage from island hazards when kept in inventory.	Amulette en pierre de lune de résistance au feu{desc}Quand cet objet est dans l'inventaire, il permet de résister à 100 % des dégâts de feu causés par les flammes sur les îles de ce type.	Mondsteintalisman der Feuerresistenz{desc}Widersteht 100% des Feuerschadens durch Inselgefahren, wenn im Inventar.	Amuleto de piedra lunar resistente al fuego{desc}Al tenerlo en el inventario, proporciona un 100 % de resistencia al daño infligido por las amenazas ígneas de la isla.	Amuleto de Selenita de Resistência a Fogo{desc}100% de resistência a Dano de Fogo dos perigos das ilhas quando mantido no inventário.	抗火月石护身符{desc}放置在随身物品栏中时，可抵御 100% 来自岛屿危险物造成的火力伤害。	ムーンストーンのチャーム^（ほのお耐性）{desc}所持品内にあると、炎の島で受ける炎ダメージを100%防いでくれる。	Лунный Амулет (Огонь){desc}Полностью защищает от стихии на Островах Огнях, когда находится в инвентаре.
armorCopperDark	armor	100	1800	Copper Charm of Dark Resistance{desc}Resists 30% of Dark damage from island hazards when kept in inventory.	Amulette en cuivre de résistance aux ténèbres{desc}Quand cet objet est dans l'inventaire, il permet de résister à 30 % des dégâts des ténèbres causés par l'atmosphère qui règne sur les îles de ce type.	Kupfertalisman der Dunkelresistenz{desc}Widersteht 30% des Dunkelschadens durch Inselgefahren, wenn im Inventar.	Amuleto de cobre resistente a la oscuridad{desc}Al tenerlo en el inventario, proporciona un 30 % de resistencia al daño infligido por las amenazas oscuras de la isla.	Amuleto de Cobre de Resistência a Dano Sombrio{desc}30% de resistência a Dano Sombrio dos perigos das ilhas quando mantido no inventário.	抗暗铜护身符{desc}放置在随身物品栏中时，可抵御 30% 来自岛屿危险物造成的暗黑伤害。	銅のチャーム^（やみ耐性）{desc}所持品内にあると、闇の島で受ける闇ダメージを30%防いでくれる。	Медный Амулет (Тьма){desc}Снижает на 30% урон от стихии на Островах Тьмы, когда находится в инвентаре.
armorIronDark	armor	100	2600	Iron Charm of Dark Resistance{desc}Resists 50% of Dark damage from island hazards when kept in inventory.	Amulette en fer de résistance aux ténèbres{desc}Quand cet objet est dans l'inventaire, il permet de résister à 50 % des dégâts des ténèbres causés par l'atmosphère qui règne sur les îles de ce type.	Eisentalisman der Dunkelresistenz{desc}Widersteht 50% des Dunkelschadens durch Inselgefahren, wenn im Inventar.	Amuleto de hierro resistente a la oscuridad{desc}Al tenerlo en el inventario, proporciona un 50 % de resistencia al daño infligido por las amenazas oscuras de la isla.	Amuleto de Ferro de Resistência a Dano Sombrio{desc}50% de resistência a Dano Sombrio dos perigos das ilhas quando mantido no inventário.	抗暗铁护身符{desc}放置在随身物品栏中时，可抵御 50% 来自岛屿危险物造成的暗黑伤害。	鉄のチャーム^（やみ耐性）{desc}所持品内にあると、闇の島で受ける闇ダメージを50%防いでくれる。	Железный Амулет (Тьма){desc}Снижает на 50% урон от стихии на Островах Тьмы, когда находится в инвентаре.
armorMoonstoneDark	armor	100	6000	Moonstone Charm of Dark Resistance{desc}Resists 100% of Dark damage from island hazards when kept in inventory.	Amulette en pierre de lune de résistance aux ténèbres{desc}Quand cet objet est dans l'inventaire, il permet de résister à 100 % des dégâts des ténèbres causés par l'atmosphère qui règne sur les îles de ce type.	Mondsteintalisman der Dunkelresistenz{desc}Widersteht 100% des Dunkelschadens durch Inselgefahren, wenn im Inventar.	Amuleto de piedra lunar resistente a la oscuridad{desc}Al tenerlo en el inventario, proporciona un 100 % de resistencia al daño infligido por las amenazas oscuras de la isla.	Amuleto de Selenita de Resistência a Dano Sombrio{desc}100% de resistência a Dano Sombrio dos perigos das ilhas quando mantido no inventário.	抗暗月石护身符{desc}放置在随身物品栏中时，可抵御 100% 来自岛屿危险物造成的暗黑伤害。	ムーンストーンのチャーム^（やみ耐性）{desc}所持品内にあると、闇の島で受ける闇ダメージを100%防いでくれる。	Лунный Амулет (Тьма){desc}Полностью защищает от стихии на Островах Тьмы, когда находится в инвентаре.
											
											
											
											
											
											
											
											
											
											
											
											
											
											
											
											
											
											
											
											
											
											
											
											
											
											
											
											
											
											
											
											
											
											
											
											
											
											
											
											
											
											
											
											
											
											
											
											
											
											
											
											
											
											
											
											
											
											
											
											
											
											
											
											
											
											
											
											
											
											
											
											
											
											
											
											
											
											
											
											
											
											
											
											
											
											
											
											
											
											
											
											
											
											
											
											
											
											
											
											
											
											
											
											
											
											
											
											
											
											
											
											
											
											
											
											
											
											
											
											
											
											
											
											
											
											
											
											
											
											
											
											
											
											
											
											
											
											
											
											
											
											
											
											
											
											
											
											
											
											
											
											
											
											
											
											
											
											
											
											
											
											
											
											
											
											
											
											
											
											
											
											
											
											
											
											
											
											
											
											
											
											
											
											
											
											
											
											
											
											
											
											
											
											
											
											
											
											
											
											
											
											
											
											
											
											
											
											
											
											
											
											
											
											
											
											
											
											
											
											
											
											
											
											
											
											
											
											
											
											
											
											
											
											
											
											
											
											
											
											
											
											
											
											
											
											
											
											
											
											
											
											
											
											
											
											
											
											
											
											
											
											
											
											
											
											
											
											
											
											
											
											
											
											
											
											
											
											
											
											
											
											
											
											
											
											
											
											
											
											
											
											
											

PLACEABLES	type	stackSize	price	EN	FR	DE	ES	BR	CN	JP	RU
											
bridge	placeable	100	10	Bridge{desc}Place to cross water, holes in dungeons, and gaps between islands.	Pont{desc}Place des ponts pour franchir l'eau ainsi que les obstacles dans les donjons et pour relier deux îles entre elles.	Brücke{desc}Platziere sie, um Wasser, Löcher in Verliesen und Abstände zwischen Inseln zu überqueren.	Puente{desc}Lugar por el que cruzar el agua, las grietas de las mazmorras y la distancia entre islas.	Ponte{desc}Coloque para atravessar água, buracos em masmorras e espaços entre ilhas.	桥{desc}放置桥，即可跨越水体、地下城中的裂洞以及岛屿之间的缝隙。	橋{desc}設置すると、水面、ダンジョンの穴、島と島のあいだのすき間を渡れる。	Мост{desc}Стройте мосты, чтобы пересекать водные препятствия, провалы в подземельях и передвигаться между островами.
fenceWood	placeable	100	5	Wood Fence{desc}Wild Spirits don't spawn in areas enclosed by fence.	Clôture en bois{desc}Les esprits sauvages n'apparaissent pas dans les zones clôturées.	Holzzaun{desc}Wilde Geister erscheinen nicht in Bereichen, die von einem Zaun umschlossen sind.	Valla de madera{desc}Los espíritus silvestres no aparecen en una zona rodeada de vallas.	Cerca de Madeira{desc}Espíritos Selvagens não aparecem em áreas fechadas por cercas.	木栅栏{desc}栅栏围住的区域内不会生成野生精灵。	木の柵{desc}柵で囲まれたエリアには野生の精霊が出現しない。	Деревянный Забор{desc}Дикие Духи не появляются в огороженных зонах.
fenceStone	placeable	100	5	Stone Fence{desc}Wild Spirits don't spawn in areas enclosed by fence.	Clôture en pierre{desc}Les esprits sauvages n'apparaissent pas dans les zones clôturées.	Steinmauer{desc}Wilde Geister erscheinen nicht in Bereichen, die von einer Mauer umschlossen sind.	Valla de piedra{desc}Los espíritus silvestres no aparecen en una zona rodeada de vallas.	Cerca de Pedra{desc}Espíritos Selvagens não aparecem em áreas fechadas por cercas.	石栅栏{desc}栅栏围住的区域内不会生成野生精灵。	石の柵{desc}柵で囲まれたエリアには野生の精霊が出現しない。	Каменный Забор{desc}Дикие Духи не появляются в огороженных зонах.
gate	placeable	100	30	Gate{desc}Allows entry/exit to areas enclosed by fence.	Portail{desc}Permet d'entrer dans les zones clôturées et d'en sortir.	Tor{desc}Erlaubt das Betreten/Verlassen von Bereichen, die von einem Zaun oder einer Mauer umschlossen sind.	Puerta{desc}Permite entrar o salir de una zona rodeada por vallas.	Portão{desc}Permite entrada/saída de áreas fechadas por cerca.	门{desc}用来进出栅栏围住的区域。	門{desc}柵で囲まれたエリアに出入りができる。	Ворота{desc}Обеспечивают вход/выход в огороженные зоны.
chest	placeable	100	50	Chest{desc}Stores items.	Coffre{desc}Permet d'entreposer des objets.	Truhe{desc}Enthält verschiedene Dinge.	Cofre{desc}Guarda objetos.	Baú{desc}Armazena itens.	箱子{desc}储存物品。	箱{desc}アイテムを保管できる。	Сундук{desc}Хранит вещи.
mailbox	placeable	100	50	Mailbox{desc}Conveniently receives mail wherever you place it!	Boîte à lettres{desc}Permet de recevoir ton courrier là où tu la places.	Briefkasten{desc}Hier landet deine Post, wo immer du ihn platzierst.	Buzón{desc}¡Colócalo donde tú quieras para recibir el correo!	Caixa de Correio{desc}Recebe correspondência de forma prática em qualquer lugar que a colocar!	邮箱{desc}无论将其放置在哪里都能收到邮件！	郵便受け{desc}郵便物を受け取れる。どこにでも設置可能！	Почтовый Ящик{desc}Получает почту, где бы вы его ни установили. Удобно!
calendar	placeable	100	50	Calendar{desc}Days. Weeks. Months. Birthdays. Its got it all.	Calendrier{desc}Les jours, les semaines, les mois, les années. Tout y est.	Kalender{desc}Tage. Wochen. Monate. Geburtstage. Alles drin.	Calendario{desc}Días. Semanas. Meses. Cumpleaños. Lo tiene todo.	Calendário{desc}Dias. Semanas. Meses. Aniversários. Tem de tudo.	日历{desc}日历、周历、月历、生日，有它全搞定。	カレンダー{desc}月、週、日、誕生日。すべてがここに。	Календарь{desc}Дни. Недели. Месяцы. Дни Рождения. Здесь есть всё.
torch	placeable	100	10	Torch{desc}Provides light.	Torche{desc}Que la lumière soit !	Fackel{desc}Bietet Licht.	Antorcha{desc}Fuente de luz.	Tocha{desc}Fornece luz.	火把{desc}提供光照。	たいまつ{desc}明かりを提供してくれる。	Факел{desc}Освещает.
sellCrate	placeable	100	10	Sell Crate{desc}Place anywhere! Sell anything!	Caisse de vente{desc}Place-la où tu veux ! Vends-y ce que tu veux !	Verkaufskiste{desc}Platziere sie überall. Verkaufe alles!	Cofre de ventas{desc}¡Colócalo donde quieras y vende cualquier cosa!	Caixa de Vendas{desc}Coloque em qualquer lugar! Venda qualquer coisa!	售物箱{desc}可放置在任何地方！可售卖任何物品！	出荷箱{desc}どこにでも設置可能！ なんでも売れる！	Торговый ящик{desc}Можно поставить где угодно! Продавать что угодно!
furnace	placeable	100	10	Furnace{desc}Used to smelt ore into ingots and to make ash.	Fourneau{desc}Sert à transformer le minerai en lingots et à fabriquer des cendres.	Hochofen{desc}Wird benutzt, um Erz zu Barren zu gießen und Asche zu erzeugen.	Fragua{desc}Lugar donde se funden minerales para crear lingotes y se produce ceniza.	Fornalha{desc}Usada para fundir minério em barras e para fazer cinzas.	锻造炉{desc}用来融化矿石以获得金属锭，或用来得到灰烬。	かまど{desc}鉱石を溶かしてインゴットを作ったり、灰を作ったりできる。	Печь{desc}Используется для плавки руды в слитки и производства пепла.
furnaceUpgraded	placeable	100	25	Upgraded Furnace{desc}Used to smelt ore into ingots and to make ash. Runs twice as fast as a regular Furnace.	Fourneau amélioré{desc}Sert à transformer le minerai en lingots et à fabriquer des cendres. Fonctionne deux fois plus vite qu'un fourneau classique.	Verbesserter Hochofen{desc}Wird benutzt, um Erz zu Barren zu gießen und Asche zu erzeugen. Funktioniert doppelt so schnell wie ein normaler Hochofen.	Fragua mejorada{desc}Lugar donde se funden minerales para crear lingotes y se produce ceniza. Es el doble de rápida que una fragua normal.	Fornalha Aprimorada{desc}Usada para fundir minério em barras e para fazer cinzas. Trabalha duas vezes mais rápido que uma Fornalha comum.	进阶锻造炉{desc}用来融化矿石以获得金属锭，或用来得到灰烬。锻造速度是普通锻造炉的两倍。	高性能かまど{desc}鉱石を溶かしてインゴットと灰を作れる。通常のかまどより生産速度が2倍。	Улучшенная Печь{desc}Используется для плавки руды в слитки и производства пепла. Вдвое быстрее обычной печи.
workbench	placeable	100	10	Decoration Station{desc}Used to craft decorative items for the home.	Atelier de décoration{desc}Sert à fabriquer des objets décoratifs pour la maison.	Dekorationsstation{desc}Wird benutzt, um dekorative Gegenstände für zu Hause herzustellen.	Banco de decoración{desc}Se usa para crear objetos decorativos para tu casa.	Estação de Decoração{desc}Usada para criar itens decorativos para o lar.	装饰台{desc}用于制作家庭装饰物品。	装飾ステーション{desc}家用の装飾アイテムを作れる。	Верстак декоратора{desc}Используется для создания декоративных предметов для дома.
cauldron	placeable	100	25	Cauldron{desc}Used to brew potions.	Chaudron{desc}Sert à concocter des potions.	Kessel{desc}Wird benutzt, um Tränke zu brauen.	Caldero{desc}Se usa para elaborar pociones.	Caldeirão{desc}Usado para fabricar poções.	坩埚{desc}用于熬煮魔法药水。	大釜{desc}ポーションを作れる。	Котел{desc}Используется для приготовления эликсиров.
alchemyLab	placeable	100	50	Alchemy Lab{desc}Used to brew concoctions.	Labo d'alchimie{desc}Sert à concocter des préparations.	Alchemielabor{desc}Wird benutzt, um Mixturen zu brauen.	Laboratorio de alquimia{desc}Se usa para elaborar brebajes.	Laboratório de Alquimia{desc}Usado para fabricar preparações.	魔法实验室{desc}用于熬煮调制糊糊。	錬金術ラボ{desc}調合物を作れる。	Лаборатория Алхимика{desc}Используется для создания настоек.
enchanter	placeable	100	50	Moonstone Enchanter{desc}Used to craft magical items.	Enchanteur{desc}Sert à fabriquer des objets magiques.	Mondsteinverzauberer{desc}Wird benutzt, um magische Gegenstände herzustellen.	Encantador{desc}Se usa para fabricar objetos mágicos.	Encantador de Selenita{desc}Usado para criar itens mágicos.	月石魔法台{desc}用于制作魔法物品。	ムーンストーンエンチャンター{desc}魔法のアイテムを作れる。	Лунный Зачаровыватель{desc}Используется для создания магических предметов.
anvil	placeable	100	50	Anvil{desc}Used to craft Charms.	Enclume{desc}Sert à fabriquer des amulettes.	Amboss{desc}Wird benutzt, um Talismane herzustellen.	Yunque{desc}Se usa para fabricar amuletos.	Bigorna{desc}Usada para criar armadura.	铁砧{desc}用于制作盔甲。	金床{desc}チャームを作れる。	Наковальня{desc}Используется для создания Амулетов.
compostBin	placeable	100	25	Compost Bin{desc}Used to prepare fertilizers.	Composteur{desc}Sert à préparer de l'engrais.	Kompostbehälter{desc}Wird benutzt, um Dünger zu erzeugen.	Compostador{desc}Se usa para preparar fertilizantes.	Caixa de Compostagem{desc}Usada para preparar fertilizantes.	堆肥桶{desc}用于储备肥料。	コンポスター{desc}肥料を作れる。	Компостер{desc}Используется для приготовления удобрений.
loom	placeable	100	10	Loom{desc}Used to craft custom floor tiles and wallpaper.	Métier à tisser{desc}Sert à fabriquer des dalles de sol et du papier peint personnalisés.	Webstuhl{desc}Wird benutzt, um Bodenfliesen und Tapeten herzustellen.	Telar{desc}Se usa para fabricar baldosas personalizadas y papel pintado.	Tear{desc}Usado para criar placas de pisos personalizados e papéis de parede.	织机{desc}用于制作自定义地块材料和墙纸。	織機{desc}特別な床のタイルや壁紙を作れる。	Ткацкий Станок{desc}Используется для создания напольной плитки и обоев с собственным дизайном.
chestFancy	placeable	100	300	Boss chest{desc}Is Fancy. Stores items.	Coffre de boss{desc}Permet d'entreposer des objets.	Bosstruhe{desc}Enthält verschiedene Dinge.	Cofre de jefe{desc}Guarda objetos.	Baú do Chefe{desc}Armazena itens.	首领箱子{desc}储存物品。	ボスの宝箱{desc}アイテムを保管できる。	Сундук Босса{desc}Роскошен. Хранит вещи.
warpTotem	placeable	1	1	Warp Whistle Totem{desc}When the Warp Whistle is used, the user can choose to warp to this totem instead of the Goddess statue. 	Totem de la flûte de distorsion{desc}Lorsque tu joues de la flûte de distorsion, tu peux choisir d'apparaître au pied de ce totem au lieu d'arriver devant la statue de la déesse.	Warppfeifentotem{desc}Wird die Warppfeife benutzt, kann der Nutzer statt zur Göttinnenstatue zu diesem Totem teleportiert werden.	Tótem de la flauta mágica{desc}Al usar la flauta mágica, puedes escoger entre regresar al tótem o a la estatua de la diosa.	Totem da Flauta Mágica{desc}Quando a Flauta Mágica é usada, o usuário pode escolher se teletransportar para este totem em vez da estátua da Deusa.	跃迁哨图腾{desc}使用跃迁哨时，使用者可选择跃迁到这个图腾而非女神像。	ワープホイッスルのトーテム{desc}ワープホイッスルを使った際、女神の像ではなく、このトーテムへワープできるようになる。	Тотем Перемещения{desc}Когда используется Свисток Перемещения, пользователь может телепортироваться к этому тотему вместо статуи Богини.
juicer	placeable	100	200	Juicer{desc}Can be used to craft powerful juices.	Centrifugeuse{desc}Sert à préparer des jus puissants.	Entsafter{desc}Kann verwendet werden, um mächtige Säfte herzustellen.	Exprimidor{desc}Se usa para hacer zumos poderosos.	Espremedor de Suco{desc}Use-o para criar sucos poderosos.	榨汁机{desc}可以用于制作强效果汁。	ジューサー{desc}強力なジュースを作れる。	Соковыжималка{desc}Используется для создания соков, обладающих мощными эффектами.
											
wallSmall	placeable	100	5	Wittle Wall{desc}It's just a baby!	Petit mur en bois{desc}Petit mur deviendra grand.	Kleine Holzwand{desc}Die ist noch ein Baby!	Pared pequeñita de madera{desc}¡Mírala! ¡Es un bebé!	Parede de Madeira Pititica{desc}Um nenezinho!	细木墙{desc}以后会长大的！	ちいちゃい木の壁{desc}小さなサイズ！	Маленькая Стенка{desc}Совсем ещё малышка!
wallBig	placeable	100	10	Wide Wall{desc}Stout and sturdy	Grand mur en bois{desc}Voilà un mur qui a bien mangé sa soupe.	Große Holzwand{desc}Robust und stabil.	Pared ancha de madera{desc}Fornida y robusta.	Parede de Madeira Larga{desc}Robusta e Resistente.	宽木墙{desc}厚实又牢固。	大きな木の壁{desc}とっても頑丈。	Широкая Стенка{desc}Крепкая и надёжная.
											
windowWood	placeable	100	5	Wood Window{desc}Used to let some light in. 	Fenêtre en bois{desc}Sert à faire entrer la lumière.	Holzfenster{desc}Wird benutzt, um Licht hineinzulassen.	Ventana de madera{desc}Se usa para dejar que entre algo de luz.	Janela de Madeira{desc}Usada para deixar entrar mais luz.	木窗{desc}用来让光照进室内。	木の窓{desc}室内に光を入れられる。	Деревянное Окно{desc}Впускает немного света.
windowStone	placeable	100	5	Stone Window{desc}Used to let some light in. 	Fenêtre en pierre{desc}Sert à faire entrer la lumière.	Steinfenster{desc}Wird benutzt, um Licht hineinzulassen.	Ventana de piedra{desc}Se usa para dejar que entre algo de luz.	Janela de Pedra{desc}Usada para deixar entrar mais luz.	石窗{desc}用来让光照进室内。	石の窓{desc}室内に光を入れられる。	Каменное Окно{desc}Впускает немного света.
windowWhite	placeable	100	5	White Window{desc}Used to let some light in. 	Fenêtre blanche{desc}Sert à faire entrer la lumière.	Weißes Fenster{desc}Wird benutzt, um Licht hineinzulassen.	Ventana blanca{desc}Se usa para dejar que entre algo de luz.	Janela Branca{desc}Usada para deixar entrar mais luz.	白窗{desc}用来让光照进室内。	白い窓{desc}室内に光を入れられる。	Белое Окно{desc}Впускает немного света.
											
bed	placeable	100	10	Bed{desc}Sleepy zone. 	Lit{desc}Coin dodo.	Bett{desc}Hier wird geschlafen.	Cama{desc}Zona para dormir.	Cama{desc}Zona do sono.	床{desc}休憩区。	ベッド{desc}寝るところ。	Кровать{desc}Зона сна.
counter	placeable	100	10	Counter{desc}For chopping. 	Plan de travail{desc}Pour découper.	Küchentresen{desc}Zum Schneiden und Zerkleinern.	Encimera{desc}Para cortar.	Balcão{desc}Para picar.	操作台{desc}切剁区。	カウンター{desc}調理するところ。	Столешница{desc}Для нарезки.
counterSink	placeable	100	25	Sink{desc}For washing. 	Évier{desc}Pour laver.	Spüle{desc}Zum Abspülen von Geschirr.	Fregadero{desc}Para fregar.	Pia{desc}Para lavar.	水池{desc}清洗区。	シンク{desc}洗うところ。	Раковина{desc}Для мытья.
											
pantry	placeable	100	10	Pantry{desc}Bean storage. 	Garde-manger{desc}Pour faire le plein de nourriture.	Vorratskammer{desc}Bohnenlager.	Despensa{desc}Para guardar alubias.	Despensa{desc}Armazenamento de feijão.	食品储藏室{desc}储藏豆子处。	パントリー{desc}豆を保管する。	Кухонный шкафчик{desc}Хранить баночки.
chair	placeable	100	10	Chair{desc}Simple. Comfortable. 	Chaise{desc}Simple et confortable.	Stuhl{desc}Einfach und bequem.	Silla{desc}Sencilla. Cómoda.	Cadeira{desc}Simples. Confortável.	椅子{desc}极简、舒适。	イス{desc}シンプル。快適。	Стул{desc}Простой. Удобный.
chairWicker	placeable	100	10	Wicker Chair{desc}Grandma vibes. 	Chaise en osier{desc}Comme chez les grands-parents.	Schaukelstuhl{desc}Wie bei Oma.	Silla de mimbre{desc}Típica silla de abuela.	Cadeira de Vime{desc}Aquele clima de vó.	藤椅{desc}仿若祖母的陪伴。	やなぎ細工のイス{desc}おばあちゃんっぽい。	Плетёный Стул{desc}Бабушкина энергетика.
library	placeable	100	10	Library{desc}Book stables. 	Bibliothèque{desc}La maison des livres.	Bibliothek{desc}Bücher ohne Ende.	Biblioteca{desc}Establo para libros.	Biblioteca{desc}Casa dos livros.	图书馆{desc}藏书地。	書庫{desc}本がたくさん。	Библиотека{desc}Конюшня для книг.
tableDining	placeable	100	25	Dining Table{desc}Food support. 	Table à manger{desc}Non, elle n'est pas comestible.	Esstisch{desc}Da passt eine Menge Essen drauf.	Mesa de comedor{desc}Soporte para comida.	Mesa de Jantar{desc}Suporte alimentar.	餐桌{desc}食物补给。	ダイニングテーブル{desc}食べ物を食べるところ。	Обеденный Стол{desc}Поддержка для еды.
tableCoffee	placeable	100	10	Coffee Table{desc}Use coasters! 	Table basse{desc}Les dessous de verre ne sont pas fournis.	Kaffeetisch{desc}Bitte Untersetzer benutzen!	Mesita de café{desc}¡No olvides usar posavasos!	Mesa de Centro{desc}Use o porta-copos!	咖啡桌{desc}请使用杯垫！	コーヒーテーブル{desc}コースターを使って！	Журнальный Столик{desc}Используйте бирдекели!
tableBedside	placeable	100	5	Bedside Table{desc}Bed's friend. 	Table de chevet{desc}Chevet bien, tout va bien.	Nachttisch{desc}Bester Freund eines jeden Betts.	Mesita de noche{desc}Amiga de la cama.	Mesa de Cabeceira{desc}Bestie da cama.	床头桌{desc}床之良伴。	ベッドサイドテーブル{desc}ベッドの友だち。	Тумбочка{desc}Прикроватный друг.
tableRound	placeable	100	25	Round Table{desc}Such equality. 	Table ronde{desc}Ce cercle n'a rien d'excentrique.	Rundtisch{desc}Eine runde Sache.	Mesa redonda{desc}Cuánta igualdad.	Mesa Redonda{desc}Beeem democrática.	圆桌{desc}无处不圆滑。	円卓{desc}まさに平等。	Круглый Стол{desc}Чтобы никого не обидеть.
rug	placeable	100	5	Rug{desc}Floor softener. 	Tapis{desc}Pour un sol tout doux.	Teppich{desc}Macht den Boden weicher.	Alfombra{desc}Suaviza el suelo.	Tapete{desc}Afofador de chão.	地毯{desc}给你一片柔软地面。	じゅうたん{desc}床の硬さを軽減してくれる。	Ковёр{desc}Смягчитель для пола.
rugStriped	placeable	100	5	Striped Rug{desc}Stripy, softy. 	Tapis rayé{desc}Une belle alternance de couleurs.	Streifenteppich{desc}Streifig und weich.	Alfombra de rayas{desc}A rayas y suave.	Tapete Listrado{desc}Listrado, macio.	条纹地毯{desc}条纹花样、质地柔软。	ストライプのじゅうたん{desc}しま模様でやわらかい。	Полосатый ковёр{desc}Полосатый, мягкий.
rugPurple	placeable	100	5	Purple Rug{desc}Made of purple. 	Tapis violet{desc}À une lettre près, aurait pu être un tapis violent.	Violetter Teppich{desc}Ultraviolett.	Alfombra violeta{desc}De color violeta.	Tapete Roxo{desc}Feito de roxo.	紫色地毯{desc}浸透紫色。	紫のじゅうたん{desc}紫色。 	Фиолетовый ковёр{desc}Сделан из фиолетовости.
candle	placeable	100	5	Candle{desc}Romantic. Dangerous. 	Bougie{desc}Romantique et dangereuse à la fois.	Kerze{desc}Romantisch, aber gefährlich.	Vela{desc}Romántica. Peligrosa.	Vela{desc}Romântica. Perigosa.	蜡烛{desc}浪漫、危险。	ロウソク{desc}ロマンティック。危険。	Свеча{desc}Романтично. Пожароопасно.
lantern	placeable	100	25	Lantern{desc}Old-timey lighting. 	Lanterne{desc}Éclairage à l'ancienne.	Laterne{desc}Beleuchtung auf die altmodische Art.	Farol{desc}Fuente de luz antigua.	Lampião{desc}Iluminação à moda antiga.	灯笼{desc}旧时用于照明。	ランタン{desc}昔なつかしい照明。	Фонарь{desc}Весьма старинный.
bookStack	placeable	100	5	Stack of Books{desc}Messy but smart. 	Pile de livres{desc}Pourrait tomber à tout moment.	Bücherstapel{desc}Unordentlich, aber voller Wissen.	Pila de libros{desc}Desordenada pero inteligente.	Pilha de Livros{desc}Bagunçada, porém inteligente.	一摞书{desc}杂乱但蕴藏智慧。	本の山{desc}散らかっているけれど小粋。	Стопка книг{desc}Культурный беспорядок.
gramophone	placeable	100	50	Gramophone{desc}Great-great-grandma vibes. 	Phonographe{desc}Comme chez les arrière-arrière-grands-parents.	Grammofon{desc}Urgroßmutter-Vibes.	Gramófono{desc}Podría haber pertenecido a tu tatarabuela.	Vitrola{desc}Aquele clima de tataravó.	留声机{desc}仿若曾祖母的陪伴。	蓄音機{desc}超かなりおばあちゃんっぽい。	Граммофон{desc}Прапрабабушкина энергетика.
chairCozy	placeable	100	10	Cozy Chair{desc}Well-loved. 	Fauteuil douillet{desc}On est bien dedans.	Bequemer Stuhl{desc}Sehr beliebt.	Silla cómoda{desc}Entrañable.	Cadeira Aconchegante{desc}Xodozinho.	舒适椅子{desc}备受喜爱的好物。	快適なイス{desc}最高。	Уютный стул{desc}Самый любимый.
couchCozy	placeable	100	25	Cozy Couch{desc}Second-hand. 	Canapé confortable{desc}De seconde main.	Bequemes Sofa{desc}Aus zweiter Hand.	Sofá cómodo{desc}De segunda mano.	Sofá Aconchegante{desc}De segunda mão.	舒适沙发{desc}二手货。	快適なカウチ{desc}中古。	Уютный диван{desc}Слегка подержанный.
fridge	placeable	100	50	Fridge{desc}Cold cupboard. 	Réfrigérateur{desc}Placard où il fait froid.	Kühlschrank{desc}Kalter Schrank.	Nevera{desc}Despensa fría.	Geladeira{desc}Armário refrigerado.	冰箱{desc}冷藏柜。	冷蔵庫{desc}冷たい戸棚。	Холодильник{desc}Холодный шкаф.
openBook	placeable	100	20	Open Book{desc}Disrupted reading. 	Livre ouvert{desc}Lecture interrompue.	Offenes Buch{desc}Unterbrochene Lektüre.	Libro abierto{desc}Lectura interrumpida.	Livro Aberto{desc}Leitura interrompida.	翻开的书{desc}阅读中断。	開いた本{desc}読みかけ。	Раскрытая книга{desc}Прерванное чтение.
yellowCushion	placeable	100	5	Yellow Cushion{desc}Sunshiney seating. 	Coussin jaune{desc}Confort et couleur.	Gelbes Kissen{desc}Sitzgelegenheit mit Sonnenflair.	Cojín amarillo{desc}Asiento soleado.	Almofada Amarela{desc}Assento radiante.	黄色垫子{desc}阳光座位。	きいろのクッション{desc}太陽のようなクッション。	Жёлтая подушка{desc}Солнечная сидушка.
standingLamp	placeable	100	20	Standing Lamp{desc}...Rablit? 	Lampe sur pied{desc}C'est un lampin ?	Stehlampe{desc}... Meister Lampe?	Lámpara de pie{desc}¿Eres tú..., Rablit?	Luminária de Piso{desc}... Rablit, é você?	立式灯{desc}……发光兔？	スタンドランプ{desc}…ラブリット？	Напольная лампа{desc}...Зайчик?
laundryBasket	placeable	100	5	Laundry Basket{desc}Dirty socks! 	Panier à linge{desc}Ça sent les chaussettes sales !	Wäschekorb{desc}Dreckige Socken!	Cesta de la ropa sucia{desc}¡Calcetines apestosos!	Cesto de Roupas{desc}Meias sujas!	洗衣篮{desc}脏袜子！	洗濯かご{desc}きたないソックス！	Корзина для белья{desc}Грязные носки!
slippers	placeable	100	1	Slippers{desc}Toasty feetsies. 	Pantoufles{desc}Pour avoir les petons bien au chaud.	Pantoffeln{desc}Warme Füße.	Zapatillas{desc}Para tener los pies calentitos.	Chinelos{desc}Pezinhos quentinhos.	拖鞋{desc}小脚丫暖烘烘的。	スリッパ{desc}快適な暖かさの足カバー。	Тапочки{desc}Теплые лапки.
tableHerbalist	placeable	100	10	Herbalist Table{desc}Plan plants. 	Table d'herboriste{desc}Pour bichonner ses plantes.	Herbalsitentisch{desc}Für die Arbeit mit Pflanzen.	Mesa de herborista{desc}Planificación de plantas.	Mesa de Herbalista{desc}Planos pra plantas.	草药师台{desc}植物计划。	植物学者のテーブル{desc}植物の計画を立てよう。	Стол травника{desc}Растить растения.
TV	placeable	100	50	TV{desc}What's on? 	Télévision{desc}Qu'est-ce qu'on regarde, ce soir ?	TV{desc}Was läuft so?	Tele{desc}¿Qué ponen hoy?	Televisão{desc}Que que tá passando?	电视机{desc}在播什么节目？	テレビ{desc}何がやっているかな？	Телевизор{desc}Что показывают?
hutchWhite	placeable	100	10	White Hutch{desc}Cute storage! 	Vaisselier blanc{desc}Un meuble de rangement charmant !	Weißer Tellerschrank{desc}Süßer Geschirrschrank.	Aparador blanco{desc}¡Un mueble precioso!	Cristaleira Branca{desc}Armazenagem fofinha.	白色橱柜{desc}可爱的储物柜！	白の戸棚{desc}かわいい収納！	Белый буфет{desc}Милый шкафчик!
stoolPink	placeable	100	5	Pink Stool{desc}Adorable tripod. 	Tabouret rose{desc}Joli tripode.	Rosa Hocker{desc}Entzückender Dreifuß.	Taburete rosa{desc}Muy cuqui.	Banquinho Cor-de-Rosa{desc}Tripé lindinho.	粉色凳{desc}惹人爱的三角凳。	ピンクのスツール{desc}かわいらしい三脚。	Розовый столик{desc}Такой очаровательный.
vanity	placeable	100	10	Vanity{desc}It's you! 	Coiffeuse{desc}Miroir, mon beau miroir...	Schminkkommode{desc}Du bist es!	Tocador{desc}¡Pero si eres tú!	Penteadeira{desc}Vaidose, eu?!	梳妆台{desc}是你耶！	化粧台{desc}君だ！	Туалетный столик{desc}Симпатяга!
bedDouble	placeable	100	25	Double Bed{desc}More room. 	Lit à deux places{desc}Plus spacieux.	Doppelbett{desc}Mehr Platz.	Cama doble{desc}Más espacio.	Cama de Casal{desc}Mais espaço.	双人床{desc}更宽敞。	ダブルベッド{desc}さらに広い。	Двуспальная кровать{desc}Больше места.
chairWindsor	placeable	100	5	Windsor Chair{desc}Fancy seating. 	Siège Windsor{desc}L'élégance à l'état brut.	Windsor-Stuhl{desc}Schicke Sitzgelegenheit.	Silla Windsor{desc}Una silla elegante.	Poltrona Windsor{desc}Chiquérrima.	温莎椅{desc}豪华座椅。	ウィンザーのイス{desc}オシャレなイス。	Стул Виндзор{desc}Изысканное сиденье.
lifeSaver	placeable	100	5	Life Saver{desc}Don't drown! 	Bouée de sauvetage{desc}Autant éviter la noyade.	Rettungsring{desc}Nicht ertrinken!	Salvavidas{desc}¡No te ahogues!	Salva-Vidas{desc}Não se afogue!	救生物{desc}防溺水！	救命具{desc}おぼれるな！	Спасательный круг{desc}Не тони!
tableCoffeeRound	placeable	100	5	Round Coffee Table{desc}Circles rule. 	Table basse ronde{desc}Cercle vertueux ?	Runder Kaffeetisch{desc}Der Kaffee ist fertig!	Mesita de café redonda{desc}¡Cómo molan los círculos!	Mesa de Centro Redonda{desc}Quem manda são os círculos.	圆形咖啡桌{desc}圆形最棒了。	丸いコーヒーテーブル{desc}円は最高。	Круглый кофейный столик{desc}Все любят круглое.
lampBrass	placeable	100	10	Brass Lamp{desc}It's brass. 	Lampe en laiton{desc}Ne laisse pas dans le noir, et c'est tout ce qu'on lui demande.	Messinglampe{desc}Schicke Leuchte.	Lámpara de latón{desc}Es de latón.	Luminária de Latão{desc}Latão mesmo.	黄铜灯{desc}黄铜制造。	真ちゅう製のランプ{desc}真ちゅうだ。	Медная лампа{desc}Из меди, не из мёда.
paddle	placeable	100	5	Paddle{desc}Be prepared. 	Pagaie{desc}Comme un pinson.	Paddel{desc}Auf alles vorbereitet.	Remo{desc}Prepárate.	Remo{desc}Prepare-se.	浆{desc}有备无患。	オール{desc}備えよ。	Весло{desc}Будь готов.
boots	placeable	100	5	Boots{desc}Sole mates. 	Bottes{desc}Vont de pair avec des semelles.	Stiefel{desc}Stete Begleiter.	Botas{desc}¡Qué vida más arrastrada!	Botas{desc}É na sola da bota.	靴子{desc}脚掌的灵魂伴侣。	ブーツ{desc}ソールのメイト。	Ботинки{desc}Неразлучная пара.
chairComfy	placeable	100	5	Comfy Chair{desc}Comfy, not Cozy. 	Fauteuil confortable{desc}On s'endormirait presque dedans.	Bequemer Stuhl{desc}Bequem, nicht gemütlich.	Sillón cómodo{desc}Cómodo, pero poco acogedor.	Cadeira Confortável{desc}Confortável, não aconchegante.	舒服椅子{desc}这把椅子叫“舒服”，不叫“舒适”。	くつろぎのソファ{desc}広くて快適。	Удобный стул{desc}Удобный, но не уютный.
garbageCan	placeable	100	5	Garbage Can{desc}Goodbye, trash! 	Poubelle{desc}Les déchets ne sont plus que de l'histoire ancienne.	Mülleimer{desc}Auf Wiedersehen, Müll!	Cubo de la basura{desc}¡Adiós basura!	Lixeira{desc}Tchauzinho, lixo!	垃圾箱{desc}垃圾拜拜！	ゴミ箱{desc}バイバイ、ゴミくん！	Урна{desc}Прощай, мусор!
fireplaceNautical	placeable	100	50	Nautical Fireplace{desc}Yarrr, fire. 	Cheminée nautique{desc}Ohé, du bateau !	Seemannskamin{desc}Harrr, Feuer.	Chimenea náutica{desc}Arrr, fuego.	Lareira Náutica{desc}Arrr, fogo.	船用壁炉{desc}唷，生火啦。	船の暖炉{desc}ヨーソロー！	Морской камин{desc}Арр, огонь!
wireRack	placeable	100	25	Wire Rack{desc}It's neat! 	Grille métallique{desc}Chaque chose à sa place.	Metallregal{desc}Schön ordentlich!	Estantería de metal{desc}¡Qué ordenada!	Gôndola{desc}Muito organizada!	线架{desc}井井有条！	ワイヤラック{desc}かっこいい！	Железная полка{desc}Прочно и практично.
tallDrawers	placeable	100	10	Tall Drawers{desc}So tall... 	Colonne à tiroirs{desc}Elle est tellement grande...	Hohe Schubkästen{desc}So hoch ...	Cajones altos{desc}Qué altos...	Cômoda Alta{desc}Bem alta...	高抽屉{desc}真高啊……	高さのあるタンス{desc}すごく高い…	Высокий комод{desc}Такой высокий...
stepLadder	placeable	100	5	Stepladder{desc}Not a real ladder. 	Escabeau{desc}Il est beau, mon escabeau.	Stehleiter{desc}Keine echte Leiter.	Escalera de mano{desc}No es una escalera de verdad.	Escada Portátil{desc}O tipo mais sem graça de escada.	折梯{desc}不是真的梯子。	脚立{desc}本物のはしごではない。	Стремянка{desc}Не совсем лестница.
tableGarden	placeable	100	10	Garden Table{desc}Al fresco. 	Table de jardin{desc}Pour profiter des extérieurs.	Gartentisch{desc}Al fresco.	Mesa de jardín{desc}Para estar al fresco.	Mesa de Jardim{desc}Ao ar livre.	花园台{desc}去外面耍耍。	ガーデンテーブル{desc}野外パーティー。	Садовый стол{desc}На свежем воздухе.
deskBell	placeable	100	5	Desk Bell{desc}Ding! Ding! Can be placed on tables.	Sonnette de comptoir{desc}Ding-dong ! Peut être placée sur une table.	Schreibtischglocke{desc}Ding! Ding! Kann auf Tische gestellt werden.	Timbre de escritorio{desc}¡Rin, rin! Se puede poner encima de una mesa.	Sino de Mesa{desc}Blem! Blem! Pode ser colocado em mesas.	桌上铃铛{desc}叮！叮！可放置在桌上。	デスクベル{desc}チーン！ チーン！ テーブルの上に設置可能。	Настольный звонок{desc}Дзынь! Дзынь! Можно ставить на стол.
crystal	placeable	100	5	Crystal{desc}It's fake. 	Cristal{desc}C'est du toc.	Kristall{desc}Der ist nicht echt.	Cristal{desc}Es falso.	Cristal{desc}É de mentira.	水晶{desc}假的。	水晶{desc}にせもの。	Кристалл{desc}Это подделка.
cupEmpty	placeable	100	5	Empty Cup{desc}For pessimists. Can be placed on the floor or on tables.	Verre vide{desc}Pour les pessimistes. Peut être placé par terre ou sur une table.	Leere Tasse{desc}Für Pessimisten. Kann auf dem Boden oder auf Tischen platziert werden.	Vaso vacío{desc}Para pesimistas. Se puede colocar en el suelo o encima de una mesa.	Copo Vazio{desc}Para pessimistas. Pode ser colocado no chão ou nas mesas.	空杯{desc}供悲观主义者使用。可放置在地上或桌上。	からっぽのカップ{desc}悲観主義者向け。床かテーブルの上に設置可能。	Пустая чашка{desc}Для пессимистов. Можно поставить на пол или на стол.
cupFull	placeable	100	5	Full Cup{desc}For optimists. 	Verre plein{desc}Pour les optimistes.	Volle Tasse{desc}Für Optimisten.	Vaso lleno{desc}Para optimistas.	Copo Cheio{desc}Para otimistas.	满杯{desc}供乐观主义者使用。	いっぱいのカップ{desc}楽天家向け。	Полная чашка{desc}Для оптимистов.
bottlePink	placeable	100	5	Pink Bottle{desc}Adorable liquid. 	Bouteille rose{desc}Joli récipient.	Rosa Flasche{desc}Interessanter Inhalt.	Botella rosa{desc}Líquido adorable.	Garrafa Cor-de-Rosa{desc}Líquido lindinho.	粉瓶子{desc}可爱液体。	ピンクのビン{desc}かわいらしい液体。	Розовая бутылка{desc}Очаровательная жидкость.
plateDirty	placeable	100	5	Dirty Plate{desc}Food circle. Can be placed on tables.	Assiette sale{desc}Disque à nourriture. Peut être placée sur une table.	Dreckiger Teller{desc}Kann auf Tischen platziert werden.	Plato sucio{desc}Recipiente redondo para comer. Se puede poner encima de una mesa.	Prato Sujo{desc}Círculo alimentar. Pode ser colocado nas mesas.	脏盘子{desc}食物循环。可放置在桌上。	汚いお皿{desc}食事をするとこうなる。テーブルに設置可能。	Грязная тарелка{desc}Бывшая трапеза. Можно поставить на стол.
plateStack	placeable	100	5	Plate Stack{desc}Do not eat. Can be placed on tables.	Pile d'assiettes{desc}Ne pas manger. Peut être placée sur une table.	Tellerstapel{desc}Nicht essen. Kann auf Tischen platziert werden.	Pila de platos{desc}No se come. Se puede poner encima de una mesa.	Pilha de Pratos{desc}Não coma. Pode ser colocada nas mesas.	盘子堆{desc}不可食用。可放置在桌上。	お皿の山{desc}食べちゃダメ。テーブルに設置可能。	Стопка тарелок{desc}Несъедобно. Можно поставить на стол.
stoolDark	placeable	100	5	Dark Wood Stool{desc}Simple seating. 	Tabouret en bois foncé{desc}Un siège on ne peut plus simple.	Dunkler Holzstuhl{desc}Einfache Sitzgelegenheit.	Taburete de madera oscura{desc}Asiento sencillo.	Banquinho de Madeira Escura{desc}Assento simples.	深木凳{desc}简易座位。	ダークウッドのスツール{desc}シンプルなイス。	Табурет из тёмного дерева{desc}Аскетичное сиденье.
stoolLight	placeable	100	5	Light Wood Stool{desc}Simple seating. 	Tabouret en bois clair{desc}Un siège on ne peut plus simple.	Heller Holzstuhl{desc}Einfache Sitzgelegenheit.	Taburete de madera clara{desc}Asiento sencillo.	Banquinho de Madeira Clara{desc}Assento simples.	浅木凳{desc}简易座位。	ライトウッドのスツール{desc}シンプルなイス。	Табурет из светлого дерева{desc}Аскетичное сиденье.
stoolBlue	placeable	100	5	Blue Stool{desc}Simple seating. 	Tabouret bleu{desc}Un siège on ne peut plus simple.	Blauer Stuhl{desc}Einfache Sitzgelegenheit.	Taburete azul{desc}Asiento sencillo.	Banquinho Azul{desc}Assento simples.	蓝色凳{desc}简易座位。	青色のスツール{desc}シンプルなイス。	Синий табурет{desc}Синее сиденье.
mailPile	placeable	100	5	Mail Pile{desc}Scattered letters. 	Tas de courrier{desc}Des lettres diverses et variées.	Poststapel{desc}Überall Briefe.	Pila de correo{desc}Cartas desperdigadas.	Correspondência Amontoada{desc}Cartas aleatórias.	邮件堆{desc}散落的信件。	手紙の山{desc}散らばった手紙。	Куча писем{desc}Разбросанные письма.
orrery	placeable	100	5	Orrery{desc}Ooooh, planets! 	Planétaire{desc}Oooh, des planètes !	Planetarium{desc}Ooooh, Planeten!	Planetario{desc}¡Halaaa, planetas!	Miniplanetário{desc}Ooooh, planetas!	天体仪{desc}哇哦，行星！	太陽系儀{desc}おおお、惑星！	Оррери{desc}Ооо, планеты!
moonstoneChunk	placeable	100	5	Crystal Chunk{desc}Is it real? 	Morceau de cristal{desc}Est-il authentique ?	Kristallbrocken{desc}Ist der echt?	Trozo de cristal{desc}¿Es real?	Pedaço de Cristal{desc}É de verdade?	水晶块{desc}是真的吗？	水晶のカタマリ{desc}これってホンモノ？	Кусок кристалла{desc}Он настоящий?
paintGreen	placeable	100	5	Green Paint Bucket{desc}Paint grass. 	Seau de peinture verte{desc}Pour tout repeindre de la même couleur que l'herbe.	Grüner Farbeimer{desc}Grasgrün.	Cubo de pintura verde{desc}Para pintar hierba.	Balde de Tinta Verde{desc}Para pintar grama.	绿漆桶{desc}彩漆草。	緑色のペンキの缶{desc}草を描こう。	Банка зеленой краски{desc}Красить траву.
paintRed	placeable	100	5	Red Paint Bucket{desc}Paint cherries. 	Seau de peinture rouge{desc}Pour tout repeindre de la même couleur que les cerises.	Roter Farbeimer{desc}Kirschrot.	Cubo de pintura roja{desc}Para pintar cerezas.	Balde de Tinta Vermelho{desc}Para pintar cerejas.	红漆桶{desc}彩漆樱桃。	赤色のペンキの缶{desc}サクランボを描こう。	Банка красной краски{desc}Красить вишню.
moonStars	placeable	100	5	Moon and Stars{desc}Cute celestials. Can be placed on the wall.	Lune et étoiles{desc}Astres décoratifs. Peuvent être placés sur un mur.	Mond und Sterne{desc}Schöne Himmelskörper. Für die Wand.	Luna y estrellas{desc}Unos cuerpos celestes muy chulis. Se pueden poner en la pared.	Lua e Estrelas{desc}Celestiais fofinhos. Podem ser colocadas na parede.	月亮和星星{desc}可爱天体。可放置在墙上。	月と星{desc}かわいい天体。壁に設置可能。	Луна и звёзды{desc}Милые небесные тела. Можно повесить на стену.
											
anchor	placeable	100	10	Anchor{desc}Boat-stopper. 	Ancre{desc}Le frein à main des bateaux.	Anker{desc}Bootstopper.	Ancla{desc}Freno para barcos.	Âncora{desc}Paradora de barco.	锚{desc}停船专用。	いかり{desc}船を留めるもの。	Якорь{desc}Стоп-кран для лодки.
barrel	placeable	100	5	Barrel{desc}For crackers. 	Tonneau{desc}Est-il plein ou vide ?	Fass{desc}Was da wohl drin ist?	Barril{desc}Para las galletas.	Barril{desc}Para bisc... bolachas?	桶{desc}放饼干的。	たる{desc}とっても普通。	Бочка{desc}Для мёда.
boards	placeable	100	5	Boards{desc}All a board. 	Pile de planches{desc}Il n'y a pas de pain dessus.	Bretter{desc}Ordnung muss sein.	Tablas{desc}¿Tenemos un empate?	Compensado{desc}Compensa.	板子{desc}一板搞定。	台{desc}ダイ事に使おう。	Дощечки{desc}Будущие доски.
bookMountain	placeable	100	5	Book Pile{desc}Messy reader. 	Tas de livres{desc}Le rangement, c'est fatigant.	Bücherstapel{desc}Allesleser.	Pila de libros{desc}Lecturas caóticas.	Livros Amontoados{desc}Leitore Bangunceire.	书堆{desc}不爱收拾的读者。	山積みの本{desc}片づけられない読者。	Куча книг{desc}Беспорядочный читатель.
bootsYellow	placeable	100	5	Yellow Boots{desc}Ducky-coloured. 	Bottes jaunes{desc}Couleur poussin.	Gelbe Stiefel{desc}Entenfarbig.	Botas amarillas{desc}Amarillas como un pollito.	Botas Amarelas{desc}Cor de pato.	黄色靴子{desc}俏丽上色。	黄色のブーツ{desc}アヒルちゃんの色。	Жёлтые ботинки{desc}Утиного цвета.
bottleGreen	placeable	100	5	Green Bottle{desc}Mysterious liquid. 	Bouteille verte{desc}Que contient-elle ?	Grüne Flasche{desc}Seltsamer Inhalt.	Botella verde{desc}Líquido misterioso.	Garrafa Verde{desc}Líquido misterioso.	绿色靴子{desc}神秘而透亮。	緑のビン{desc}謎の液体。	Зелёная бутылка{desc}Таинственная жидкость.
bottleOrange	placeable	100	5	Orange Bottle{desc}Delicious liquid. 	Bouteille orange{desc}Son contenu doit être délicieux.	Orange Flasche{desc}Köstlicher Inhalt.	Botella naranja{desc}Líquido delicioso.	Garrafa Laranja{desc}Líquido delicioso.	橙色靴子{desc}可人而透亮。	オレンジのビン{desc}おいしそうな液体。	Оранжевая бутылка{desc}Вкусная жидкость.
boxes	placeable	100	5	Boxes{desc}Mysteries within! 	Cartons{desc}Il y a peut-être une surprise à l'intérieur !	Pappkartons{desc}Voller Geheimnisse!	Cajas{desc}¡Qué misterios habrá!	Caixas{desc}Tem mistérios dentro!	盒子{desc}内藏神秘！	複数の箱{desc}中身は何だろう！	Ящики{desc}Хранят тайны!
bulletinBoard	placeable	100	5	Bulletin Board{desc}Bulletin storage. 	Tableau d'affichage{desc}Au tableau !	Anschlagbrett{desc}Lager für Mitteilungen.	Tablón de anuncios{desc}Para guardar anuncios.	Quadro de Avisos{desc}Armazena avisos.	告示牌{desc}告示集中地。	掲示板{desc}これでニュースをチェックしよう。	Доска объявлений{desc}Хранение объявлений.
chalkboard	placeable	100	5	Chalkboard{desc}Teacher vibes. 	Tableau noir{desc}Comme à l'école.	Tafel{desc}Schulflair.	Pizarra{desc}Típica de profe.	Lousa{desc}Aquele clima de professore.	黑板{desc}一秒回课堂。	黒板{desc}先生っぽい。	Школьная доска{desc}Нет, только не это.
crateBucket	placeable	100	5	Crate and Bucket{desc}Best friends. 	Caisse et seau{desc}Les inséparables.	Kiste und Eimer{desc}Beste Freunde.	Caja y cubo{desc}Mejores amigos.	Caixa e Balde{desc}Melhores amigos.	箱与桶{desc}最好的朋友。	木箱とバケツ{desc}親友。	Ящик и ведро{desc}Лучшие друзья.
divingBell	placeable	100	50	Diving Bell{desc}Decoration only. 	Cloche de plongée{desc}Ce n'est qu'une décoration.	Taucherglocke{desc}Nur Dekoration.	Campana de buceo{desc}Solo para usos decorativos.	Sino de Mergulho{desc}É só de decoração.	潜水钟{desc}仅作装饰。	ダイビングベル{desc}ただの装飾用。	Шлем-колокол{desc}Не применять по назначению!
firepoker	placeable	100	5	Fire Poker{desc}Poke fire. 	Tisonnier{desc}Attention à ne pas trop jouer avec le feu.	Schürhaken{desc}Zum Feuerschüren.	Atizador{desc}Para atizar el fuego.	Atiçador de Brasa{desc}Atiça a brasa.	火钳{desc}搅动火堆。	火かき棒{desc}火をかき立てる。	Кочерга{desc}Тыкать огонь.
fireplaceBrick	placeable	100	50	Brick Fireplace{desc}May contain fire. Can be placed against the wall.	Cheminée en briques{desc}Permet d'allumer un feu. Peut être placée contre un mur.	Kamin{desc}Kann Feuer enthalten. Kann an der Wand platziert werden.	Chimenea de ladrillos{desc}Puede contener fuego. Se puede colocar contra una pared.	Lareira de Tijolos{desc}Pode conter fogo. Pode ser colocada contra a parede.	砖砌壁炉{desc}可能内含火苗。可倚墙放置。	レンガの暖炉{desc}火をおこせるかも。壁を背にして設置可能。	Кирпичный камин{desc}Может содержать огонь. Можно ставить у стены.
fishermanLantern	placeable	100	10	Oil Lamp{desc}Genie-free. 	Lampe à huile{desc}Ne contient pas de génie.	Öllampe{desc}Kein Geist enthalten.	Lámpara de aceite{desc}Sin genio.	Lâmpada a Óleo{desc}Não tem gênio.	油灯{desc}不会擦出精灵。	オイルランプ{desc}精霊はいない。	Масляная лампа{desc}Без джинна.
fishingRodRack	placeable	100	25	Fishing Rod Rack{desc}Many options. 	Râtelier à cannes à pêche{desc}Pour avoir l'embarras du choix.	Angelständer{desc}Viele Möglichkeiten.	Estante para cañas de pescar{desc}Muy versátil.	Suporte Para Vara de Pesca{desc}Muitas opções.	鱼竿架{desc}选择多样。	釣りざおラック{desc}よりどりみどり。	Стойка для удочек{desc}На любой вкус.
greasePuddle	placeable	100	5	Grease Puddle{desc}Decorative puddle. 	Flaque de graisse{desc}Flaque décorative.	Fettfleck{desc}Arbeitsnachweis.	Charco de grasa{desc}Charco decorativo.	Poça de Graxa{desc}Poça decorativa.	油腻水坑{desc}装饰水坑。	油だまり{desc}装飾用の水たまり。	Лужа масла{desc}Декоративная лужа.
historianPainting	placeable	100	5	Fire Painting{desc}Painting by Kyle Hayward. 	Tableau représentant du feu{desc}Réalisé par Kyle Hayward.	Feuerbild{desc}Aus der Feder von Kyle Hayward.	Cuadro de un fuego{desc}Pintado por Kyle Hayward.	Pintura de Fogo{desc}Pintura feita por Kyle Hayward.	“火焰”画作{desc}凯尔·海沃绘。	火の絵{desc}カイル・ヘイワードの作品。	Картина "Огонь"{desc}Автор Кайл Хейвард.
lampRed	placeable	100	10	Red Lamp{desc}Mood lighting. 	Lampe rouge{desc}Éclairage d'ambiance	Rote Lampe{desc}Stimmungsvolles Licht.	Lámpara roja{desc}Luz ambiental.	Luminária Vermelha{desc}Iluminação ambiente.	红色灯{desc}氛围灯。	赤いランプ{desc}雰囲気ある照明。	Красная лампа{desc}Под настроение.
lighthouseBulb	placeable	100	50	Lighthouse Bulb{desc}That's bright. 	Ampoule de phare{desc}Ça en fait, de la lumière.	Leuchtturmlampe{desc}Das ist mal hell.	Bombilla de faro{desc}Cómo brilla.	Lâmpada de Farol{desc}Bem brilhante.	灯塔灯泡{desc}很亮。	灯台の電球{desc}まぶしい。	Лампа маяка{desc}Очень яркая.
logs	placeable	100	5	Logs{desc}Fire food. 	Bûches{desc}La nourriture préférée d'un bon feu de cheminée.	Holzscheite{desc}Feuerfutter.	Troncos{desc}Alimento para el fuego.	Lenha{desc}Comida de fogo.	木材{desc}用来喂火。	丸太{desc}火にくべよう。	Поленья{desc}Кормить огонь.
paintBuckets	placeable	100	5	Paint Buckets{desc}Colourful stack. 	Seaux de peinture{desc}Pour voir la vie en couleurs.	Farbeimer{desc}Bunter Stapel.	Cubos de pintura{desc}Un montón de colores.	Baldes de Tinta{desc}Conjunto colorido.	油漆桶{desc}五颜叠六色。	ペンキの缶{desc}色がたくさん。	Банки с краской{desc}Цветные ведерки.
paintingMoonrise	placeable	100	5	Moonrise Painting{desc}So preeeetty. 	Tableau représentant un lever de lune{desc}Très joli !	Mondaufgang{desc}So schöööön.	Cuadro de un anochecer{desc}Qué boniiiito.	Pintura do Nascer da Lua{desc}Muito liiiiiinda.	“明月升”画作{desc}简直太美啦。	月の出の絵{desc}とーってもステキ。	Картина "Восход Луны"{desc}Так красииииво.
planks	placeable	100	5	Planks{desc}RIP trees. 	Planches{desc}Pauvres arbres...	Planken{desc}Tote Bäume.	Tablas{desc}Árboles, D.E.P.	Tábuas{desc}Descansem em paz, árvores.	木板{desc}树树们，安息吧。	厚板{desc}木よ、安らかに眠れ。	Доски{desc}Покойтесь с миром, деревья.
posterForSale	placeable	100	5	For Sale Poster{desc}It says "FOR SALE". 	Affiche « À vendre »{desc}On ne peut pas faire plus clair.	Angebotsplakat{desc}"IM ANGEBOT!"	Póster En venta{desc}Pone: «En venta».	Pôster de À Venda{desc}Escrito "À VENDA".	“正在出售”海报{desc}上面写着“正在出售”。	FOR SALEポスター{desc}「FOR SALE」と書いてある。	Постер "Продажа"{desc}На нем написано "ПРОДАЖА".
posterMug	placeable	100	5	Mug Poster{desc}Mugs! Yeah!!! 	Affiche représentant une tasse{desc}Plutôt thé ou café ?	Becherposter{desc}Becher! Yeah!!!	Póster de una taza{desc}¡Tazas! ¡Sííí!	Pôster de Caneca{desc}Canecas! Aí, sim!!!	马克杯海报{desc}马克杯！棒！！！	マグカップのポスター{desc}マグカップ！ わーい！！	Постер с кружками{desc}Кружки! Ура!!!
posterPink	placeable	100	5	Pink Poster{desc}So cute! 	Affiche rose{desc}Trop mimi !	Rosa Poster{desc}So süß!	Póster rosa{desc}¡Qué cuqui!	Pôster Cor-de-rosa{desc}Tão fofo!	粉色海报{desc}太可爱啦！	ピンクのポスター{desc}とてもかわいい！	Розовый постер{desc}Очень милый!
posterStar	placeable	100	5	Star Poster{desc}Star power! 	Affiche représentant des étoiles{desc}Un peu plus près des étoiles !	Sternenposter{desc}Die Kraft der Sterne!	Póster de una estrella{desc}¡Poder estelar!	Pôster de Estrela{desc}Poder estelar!	星星海报{desc}星能量！	星のポスター{desc}星の力！	Звёздный постер{desc}Звёздная сила!
posterTable	placeable	100	5	Table Poster{desc}For table fans. 	Affiche représentant une table{desc}Pour les amateurs de tables.	Tischposter{desc}Für Tischfans.	Póster de una mesa{desc}Para amantes de las mesas.	Pôster de Mesa{desc}Pra quem curte mesa.	桌子海报{desc}喜爱桌子的朋友们看过来。	テーブルのポスター{desc}テーブル好き向け。	Постер со столом{desc}Для фанатов столов.
posterTools	placeable	100	5	Tools Poster{desc}For fans of Tools. 	Affiche représentant des outils{desc}Pour les amateurs d'outils.	Werkzeugposter{desc}Für Werkzeugfans.	Póster de herramientas{desc}Para amantes de las herramientas.	Pôster de Ferramentas{desc}Pra quem curte ferramenta.	工具海报{desc}喜爱工具的朋友们看过来。	道具のポスター{desc}道具好き向け。	Постер с инструментами{desc}Для фанатов инструментов.
rugBlack	placeable	100	10	Rubber Rug{desc}Feels weird. 	Tapis en caoutchouc{desc}Des sensations étranges au toucher.	Gummiteppich{desc}Fühlt sich komisch an.	Alfombra de goma{desc}Qué rara.	Tapete de Borracha{desc}É esquisito.	橡胶地毯{desc}感觉怪怪的。	ゴムのじゅうたん{desc}変な感じ。	Резиновый ковёр{desc}Странный на ощупь.
rugBlue	placeable	100	10	Blue Rug{desc}Feels blue. 	Tapis bleu{desc}Pour voir la vie en bleu.	Blauer Teppich{desc}Fühlt sich blau an.	Alfombra azul{desc}Qué azul.	Tapete Azul{desc}É azul.	蓝色地毯{desc}蓝色最忧郁。	青色のじゅうたん{desc}ブルーな気分。	Синий ковёр{desc}Синий на ощупь.
rugGreen	placeable	100	10	Green Rug{desc}Feels green. 	Tapis vert{desc}Pour voir la vie en vert.	Grüner Teppich{desc}Fühlt sich grün an.	Alfombra verde{desc}Qué verde.	Tapete Verde{desc}É verde.	绿色地毯{desc}绿色最青涩。	緑色のじゅうたん{desc}グリーンな気分。	Зелёный ковёр{desc}Зелёный на ощупь.
rugGreenFlowers	placeable	100	5	Green Mat{desc}Flowers! Yeah! 	Paillasson vert{desc}Oh, les belles fleurs !	Grüne Matte{desc}Blumen! Yeah!	Tapete verde{desc}¡Flores! ¡Toma ya!	Tapetinho Verde{desc}Flores! Isso aí!	绿垫子{desc}花花！棒！	緑色のマット{desc}花だ！ やったー！	Зелёный коврик{desc}Цветы! Ура!
sawdust	placeable	100	5	Sawdust{desc}Tree confetti. 	Sciures{desc}Confettis de bois.	Sägespäne{desc}Holzkonfetti.	Serrín{desc}Confeti de árbol.	Pó de Serra{desc}Confete de árvore.	锯屑{desc}树的碎屑。	おがくず{desc}木の紙吹雪。	Опилки{desc}Деревянное конфетти.
											
stoolPurple	placeable	100	10	Purple Stool{desc}Purple seating. 	Tabouret violet{desc}Un siège violet.	Violetter Hocker{desc}Violette Sitzgelegenheit.	Taburete violeta{desc}Asiento violeta.	Banquinho Roxo{desc}Assento roxo.	紫色凳{desc}紫色座位。	紫のスツール{desc}紫色のイス。	Фиолетовый табурет{desc}Фиолетовое сиденье.
stoolRectangular	placeable	100	10	Rectangular Stool{desc}Square pants. 	Tabouret rectangulaire{desc}Pour ceux qui aiment quand tout est carré.	Rechteckiger Hocker{desc}Klare Kante.	Taburete rectangular{desc}Deja el culo cuadrado.	Banquinho Retangular{desc}Calça quadrada.	矩形凳{desc}方形裤。	長方形のスツール{desc}四角いズボン。	Прямоугольный табурет{desc}Квадратные штаны.
tableBedsidePurple	placeable	100	25	Purple Bedside Table{desc}Bold statement. 	Table de chevet violette{desc}Il fallait oser.	Violetter Nachttisch{desc}Klares Statement.	Mesita de noche violeta{desc}Un estilo muy atrevido.	Mesa de Cabeceira Roxa{desc}Tendência ousada.	紫色床头桌{desc}大胆张扬。	紫のベッドサイドテーブル{desc}思い切った意見。	Фиолетовая тумбочка{desc}Смелый стиль.
tableSmallRound	placeable	100	25	Small Round Table{desc}Equality, but small. 	Petite table ronde{desc}Ce petit cercle n'a rien d'excentrique.	Kleiner Rundtisch{desc}Perfektion in klein.	Mesa redonda pequeña{desc}Igualitaria pero pequeña.	Mesa Redonda Pequena{desc}Democrática, só que pequena.	小圆桌{desc}圆滑，但小巧。	小さな円卓{desc}平等、だけど小さい。	Маленький круглый столик{desc}Равноправие, но маленькое.
telescope	placeable	100	50	Telescope{desc}It's big... 	Télescope{desc}Pour voir les choses en grand.	Teleskop{desc}Großes Ding ...	Telescopio{desc}Qué grande...	Telescópio{desc}É imenso...	望远镜{desc}挺大的……	望遠鏡{desc}大きい…	Телескоп{desc}Он большой...
toolbox	placeable	100	5	Toolbox{desc}Hammer house. 	Caisse à outils{desc}De quoi devenir marteau.	Werkzeugkasten{desc}Der Hammer.	Caja de herramientas{desc}La choza del martillo.	Caixa de Ferramenta{desc}Casa das marretas.	工具盒{desc}锤子居所。	道具箱{desc}ハンマーのおうち。	Ящик для инструментов{desc}Дом для молотка.
toolRack	placeable	100	5	Tool Rack{desc}For torturing tools. 	Étagère à outils{desc}Pour tout trouver en un clin d'œil.	Werkzeugschrank{desc}Für Folterwerkzeuge.	Estante para herramientas{desc}Para instrumentos de tortura.	Suporte de Ferramenta{desc}Para torturar as ferramentas.	工具架{desc}把工具吊起来。	道具ラック{desc}道具の拷問用。	Стойка для инструментов{desc}Для пыток инструментов.
towels	placeable	100	5	Towels{desc}Stay dry. 	Serviettes{desc}On est mieux au sec.	Handtücher{desc}Bleib trocken.	Toallas{desc}Para secarse.	Toalhas{desc}Pra secar.	毛巾{desc}保持干燥。	タオル{desc}ぬらさないように。	Полотенца{desc}Оставайтесь сухими.
traps	placeable	100	10	Crab Traps{desc}Sorry, crabs. 	Casiers à crabes{desc}Pauvres bêtes...	Krabbenfallen{desc}Sorry, Krabben!	Trampas para cangrejos{desc}Perdón, cangrejitos.	Armadilhas de Caranguejo{desc}Foi mal, caranguejos.	捕蟹器{desc}抱歉了，螃蟹。	カニのワナ{desc}ごめんね、カニくん。	Краболовки{desc}Простите, крабы.
wallChain	placeable	100	5	Wall Chain{desc}For naughty walls. 	Chaîne murale{desc}Pour attacher les vilains murs.	Wandkette{desc}Für unartige Wände.	Cadena de pared{desc}Para paredes que se portan mal.	Corrente de Parede{desc}Para paredes travessas.	墙链{desc}顽皮墙壁专用。	壁の鎖{desc}お仕置きの壁用。	Цепь на стену{desc}Для озорных стен.
wallChisels	placeable	100	5	Wall Chisels{desc}Chisel collector. 	Râtelier à burins{desc}Belle collection.	Meißel{desc}Meißelsammler.	Cinceles de pared{desc}Para coleccionistas.	Cinzéis de Parede{desc}Colecionadore de cinzel.	墙凿{desc}凿子收藏家。	壁の彫刻刀{desc}彫刻刀コレクター。	Стамески{desc}Странная коллекция.
											
windowRectangular	placeable	100	10	Rectangular Window{desc}For looking. 	Fenêtre rectangulaire{desc}On peut voir à travers.	Rechteckiges Fenster{desc}Klare Sicht.	Ventana rectangular{desc}Para mirar.	Janela retangular{desc}Pra olhar.	矩形窗{desc}获得视野。	長方形の窓{desc}外を眺める用。	Прямоугольное окно{desc}Для выглядывания.
windowTavern	placeable	100	10	Tavern Window{desc}So rustic! 	Fenêtre de taverne{desc}Comme c'est rustique !	Tavernenfenster{desc}So rustikal!	Ventana de taberna{desc}¡Muy rústica!	Janela de Taverna{desc}Tão rústica!	酒馆窗{desc}乡村特色！	酒場の窓{desc}かなり素朴！	Окно таверны{desc}Провинциальный стиль.
yarnBalls	placeable	100	5	Yarn Balls{desc}Knitter's pals. 	Pelotes de laine{desc}Pour les amateurs de tricot.	Garnknäuel{desc}Strickfreunde.	Ovillos{desc}Amiguitos de los que tejen.	Bolas de Lã{desc}Companhia no tricô.	纱线球{desc}编织者良伴。	毛糸玉{desc}編み物をする人の相棒。	Клубки пряжи{desc}Шерстяные мячики.
yellowMat	placeable	100	5	Yellow Mat{desc}Mat about saffron. 	Paillasson jaune{desc}Jaune safran.	Gelbe Matte{desc}Gelb wie Safran.	Tapete amarillo{desc}Inspirado en el azafrán.	Tapetinho Amarelo{desc}Paixão por açafrão.	黄垫子{desc}橙黄橙黄的。	黄色のマット{desc}サフランのマット。	Жёлтый коврик{desc}Осеннее настроение.
											
candles	placeable	100	5	Candle Clump{desc}Aesthetic fire hazards.	Lot de bougies{desc}Donne l'impression de voir trente-six chandelles.	Kerzenklumpen{desc}Ästhetische Feuerquellen.	Grupo de velas{desc}Riesgo de incendio decorativo.	Conjunto de Velas{desc}Riscos de incêndio belíssimos.	蜡烛组合{desc}赏心悦目的火灾隐患。	たくさんのロウソク{desc}美的な火元。	Свечи{desc}Эстетично, но пожароопасно.
cobweb	placeable	100	5	Cobwebs{desc}Friendly spiders only!	Toiles d'araignée{desc}Ces araignées sont inoffensives !	Spinnweben{desc}Nur für freundliche Spinnen!	Telarañas{desc}¡Solo para arañas simpáticas!	Teias de Aranha{desc}Somente aranhas amigáveis!	蜘蛛网{desc}仅限友善的蜘蛛！	クモの巣{desc}友好的なクモだけ！	Паутина{desc}Только для дружелюбных пауков!
gravestone	placeable	100	5	Gravestone{desc}It's......... fake.	Pierre tombale{desc}C'est une fausse, pas une fosse.	Grabstein{desc}Der ist ... fake.	Lápida{desc}Es.......... falsa.	Lápide{desc}É.......... de mentira.	墓碑{desc}这是……假的。	墓石{desc}これは……… 偽物だよ。	Надгробие{desc}Оно... не настоящее.
ironBatArchway	placeable	100	25	Iron Bat Archway{desc}Made of iron bats.	Arche chauve-souris{desc}Voici une arche qui n'aime pas la lumière.	Fledermausbogen{desc}Mit einer eisernen Fledermaus.	Arco de murciélagos de hierro{desc}Hecho de murciélagos de hierro.	Arco de Morcego de Ferro{desc}Feito de morcegos de ferro.	铁蝙蝠拱门{desc}上面有铁蝙蝠。	コウモリの鉄製アーチ{desc}鉄のコウモリでできている。	Арка с летучими мышами{desc}Сделано из железных летучих мышей.
jackOLantern	placeable	100	5	Jack O'Lantern{desc}Grumpy pumpkin.	Citrouille-lanterne{desc}Oui, on dirait une citronche.	Kürbislaterne{desc}Ein Kürbis zum Gruseln	Calabacito de Halloween{desc}Calabaza gruñona.	Jack Cabeça de Lanterna{desc}Abóbora mal-humorada.	杰克灯{desc}暴躁南瓜。	ジャック・オー・ランタン{desc}不機嫌な顔をしたカボチャ。	Фонарь Джека{desc}Сердитая тыква.
jillOLantern	placeable	100	5	Jill O'Lantern{desc}Pre-carved.	Citrouille-lanterne féminine{desc}Une citrouille qui ne fiche pas la trouille.	Kürbislaternin{desc}Vorab geschnitzt.	Calabacita de Halloween{desc}Pretallada.	Jill Cabeça de Lanterna{desc}Já vem esculpida.	吉尔灯{desc}已经过预雕刻。	ジル・オー・ランタン{desc}彫る前。	Фонарь Джилл{desc}Уже вырезана.
rugEye	placeable	100	10	Eyeball Rug{desc}Needs eye drops.	Tapis globe oculaire{desc}Mon œil !	Augapfelteppich{desc}Ein echter Blickfang.	Alfombra con forma de ojo{desc}Hay que echarle colirio.	Tapete de Globo Ocular{desc}Precisa de colírio.	眼球地毯{desc}需要滴眼药水。	目玉のじゅうたん{desc}目薬が必要。	Ковёр-глаз{desc}Нужны капли для глаз.
rugTongue	placeable	100	10	Tongue Rug{desc}BLEHHHHH!	Tapis langue{desc}Plus confortable qu'une langue de bois.	Zungenteppich{desc}BLÄHHHHH!	Alfombra con forma de lengua{desc}¡BLEEEEEE!	Tapete de Língua{desc}BLEHHHHH!	舌头地毯{desc}略略略！	舌のじゅうたん{desc}べーっ！	Ковёр-язык{desc}БЕ-БЕ-БЕ!
marigold	placeable	100	10	Marigold{desc}All hail.	Océane{desc}Elle ne fait pas de vieux os.	Ringelblume{desc}Wo gelbe Blumen blühen, liegt Gold vergraben.	Marigold{desc}Salve.	Calêndula{desc}Saúdem todos.	金盏花{desc}万福金安。	マリーゴールド{desc}万歳。	Мариголд{desc}Хвала ему.
crunchboi	placeable	100	5	Crunchboi{desc}Best boi.	Oscar{desc}Il a peur des chiens. On se demande bien pourquoi...	Klapperich{desc}Netter Kerl.	Crunchboi{desc}El mejor.	Crunchboi{desc}Bom menino.	吱嘎先生{desc}至高先生。	クランチボイ{desc}推し。	Зубастик{desc}Классный парень.
skull	placeable	100	5	Teeny Tiny Skull{desc}Don't worry about it.	Crâne riquiqui{desc}Tout ce qui est petit est mignon, non ?	Minischädel{desc}Mach dir keine Sorgen.	Minicalaverita{desc}No le hagas caso.	Caveirinhazinha{desc}Não liga, não.	小脑袋瓜{desc}别忧愁。	小さなガイコツ{desc}心配はいらないよ。	Крошечный череп{desc}Не беспокойтесь за него.
											
											
treeEarth	placeable	100	5	Earth Tree{desc}A tree that looks just like the ones at home!	Arbre de terre{desc}Un arbre qui ressemble à ceux qu'on trouve un peu partout.	Erdenbaum{desc}Sieht aus wie die Bäume zu Hause.	Árbol de tierra{desc}¡Un árbol igualito a los que hay en casa!	Árvore da Terra{desc}Uma árvore que parece exatamente com as de casa!	地球树{desc}看起来跟家乡那边的树一模一样！	大地の木{desc}故郷にあったものそっくりな木だ！	Дерево{desc}Похоже на деревья, которые растут дома!
treeWater	placeable	100	5	Palm Tree{desc}The kind of tree you want to use for a hammock.	Palmier{desc}Parfait pour y installer un hamac.	Palme{desc}Ideal für Hängematten.	Palmera{desc}El árbol perfecto para sujetar una hamaca.	Palmeira{desc}O tipo de árvore em que você quer pendurar uma rede.	棕榈树{desc}想用来挂吊床的那种树。	ヤシの木{desc}ハンモックを吊るしたくなる木。	Пальма{desc}Дерево, на которое хочется повесить гамак.
treePoison	placeable	100	5	Poison Tree{desc}A sort of swampy tree from a toxic land.	Arbre empoisonné{desc}Une sorte d'arbre marécageux provenant de terres toxiques.	Giftbaum{desc}Eine Art Sumpfbaum aus einem giftigen Land.	Árbol venenoso{desc}Un tipo de árbol de pantano que habita en zonas tóxicas.	Árvore Venenosa{desc}Um tipo de árvore do pântano de um local tóxico.	毒树{desc}来自有毒土地的一种沼泽树。	毒の木{desc}有毒な土地産の、沼のような木。	Ядовитое Дерево{desc}Болотное дерево из токсичных земель.
treeElectric	placeable	100	5	Electric Tree{desc}This tree evolved to look like lightning! Why? No idea!	Arbre électrique{desc}Cet arbre a évolué jusqu'à prendre la forme d'un éclair. Pourquoi ? Aucune idée.	Elektrobaum{desc}Dieser Baum erinnert an Blitze! Warum? Keine Ahnung!	Árbol eléctrico{desc}¡Este árbol evolucionó y ahora parece un rayo! ¿Por qué? ¡Ni idea!	Árvore Elétrica{desc}Evoluiu pra parecer um raio! Por quê? Sei lá!	带电树{desc}这棵树进化成了闪电的模样！为什么会这样？不得而知！	電気の木{desc}進化してカミナリみたいになった木！ どうやって？ さあね！	Электрическое Дерево{desc}Это дерево эволюционировало в молнию! Почему? Не знаю!
treeFire	placeable	100	5	Fire Tree{desc}This tree looks like it's on fire, but it's fine. This is fine.	Arbre de feu{desc}Cet arbre donne l'impression de brûler, mais ce n'est pas dangereux.	Feuerbaum{desc}Dieser Baum sieht aus, als würde er brennen, aber es ist alles in Ordnung.	Árbol de fuego{desc}Es un árbol que parece que está en llamas, pero no pasa nada. No pasa nada.	Árvore de Fogo{desc}Parece que está em chamas, mas tá tudo bem. Tá tudo bem.	火树{desc}这棵树看起来像是着火了，但它好着呢。什么事也没有。	炎の木{desc}燃えているみたいだけれど大丈夫。これはこれでいいの。	Огненное Дерево{desc}Это дерево объято пламенем, но ничего, все нормально. Все нормально.
treeDark	placeable	100	5	Dark Tree{desc}A very scary tree. Use it to frighten away children.	Arbre ténébreux{desc}Cet arbre fait vraiment peur. Sert à faire fuir les enfants.	Dunkelbaum{desc}Ein ziemlich unheimlicher Baum. Benutze ihn, um Kinder zu verschrecken.	Árbol oscuro{desc}Un árbol que da mucho miedo. Úsalo para asustar a los niños.	Árvore Sombria{desc}Uma árvore muito assustadora. Use-a para aterrorizar crianças.	黑暗树{desc}一棵非常可怕的树。可以用它吓跑孩子。	闇の木{desc}かなり怖い木。子どもを脅かして追い払うのに使える。	Тёмное Дерево{desc}Очень страшное дерево. Можно пугать маленьких детей.
											
bath	placeable	100	25	Bath{desc}Soak time! 	Baignoire{desc}C'est l'heure du bain !	Bad{desc}Jetzt wird's nass!	Baño{desc}¡A remojarse!	Banheira{desc}Hora do banho!	浴缸{desc}泡澡时间！	浴槽{desc}じっくりつかろう！	Ванна{desc}Время отмокать!
bedFancy	placeable	100	50	Fancy Bed{desc}For fancy sleeps. 	Lit raffiné{desc}Pour un sommeil de qualité.	Schickes Bett{desc}Für schicken Schlaf.	Cama elegante{desc}Para un sueño de lujo.	Cama Chique{desc}Para dormir chique.	豪华床{desc}用来睡豪华觉。	オシャレなベッド{desc}ステキな眠りをあなたに。	Роскошная кровать{desc}Для роскошного сна.
bedFourPost	placeable	100	50	Four Poster Bed{desc}Sleep like a King. 	Lit à baldaquin{desc}Pour un sommeil royal.	Himmelbett{desc}Schlafen wie ein König.	Cama con dosel{desc}Duerme como un rey.	Cama de Dossel{desc}Durma como um rei.	四柱大床{desc}睡国王觉。	四柱式ベッド{desc}王様気分で眠ろう。	Кровать со столбами{desc}Спи как король.
bedMattress	placeable	100	10	Floor Mattress{desc}So...cozy? 	Matelas de sol{desc}Est-ce vraiment bien confortable ?	Matratze{desc}So ... gemütlich?	Colchón en el suelo{desc}Qué... ¿cómodo?	Colchonete{desc}Que... aconchegante?	地垫{desc}舒适……吗？	床マットレス{desc}すごく… 快適？	Напольный матрас{desc}Такой... уютный?
bedMessy	placeable	100	25	Messy Bed{desc}It's art. 	Lit défait{desc}C'est de l'art.	Chaotisches Bett{desc}Das ist Kunst.	Cama sin hacer{desc}Es arte.	Cama Bagunçada{desc}É arte.	凌乱的床{desc}这是艺术。	散らかったベッド{desc}これが芸術なんです。	Незаправленная кровать{desc}Это искусство.
benchGreen	placeable	100	10	Green Bench{desc}For birdwatching. 	Banc vert{desc}Pour observer les oiseaux.	Grüne Bank{desc}Zur Vogelbeobachtung.	Banco verde{desc}Para observar aves.	Banco Verde{desc}Pra observar aves.	绿色长椅{desc}观鸟用的。	緑色のベンチ{desc}バードウオッチング用。	Зелёная скамейка{desc}Для наблюдения за птицами.
benchLiveEdge	placeable	100	10	Live Edge Bench{desc}Paolo's finest! 	Banc en bois brut{desc}Signé Paolo !	Live-Edge-Bank{desc}Paolos Meisterwerk!	Banco rústico{desc}¡De lo mejorcito que hace Paolo!	Banco Rústico de Madeira{desc}O melhor de Paolo!	活边长椅{desc}保罗的最好作品！	ライブエッジベンチ{desc}パオロの最高傑作！	Грубая скамейка{desc}Лучшее от Паоло!
bellows	placeable	100	10	Bellows{desc}Blacksmith breath. 	Soufflet{desc}Poumon de tout forgeron qui se respecte.	Blasebalg{desc}Der Schmiedeatem.	Fuelles{desc}Para que la herrería no pierda fuerza.	Fole{desc}O sopro da ferreira.	风箱{desc}铁匠之息。	ふいご{desc}鍛冶屋の息吹。	Меха{desc}Дыхание кузнеца.
bookCase	placeable	100	25	Bookcase{desc}In case of book. 	Bibliothèque{desc}Pour les envies de lecture.	Bücherregal{desc}Für die Büchersammlung.	Librería{desc}Un mueble ejemplar.	Estante de Livros{desc}Se precisar de livro.	书柜{desc}以备有阅读之需。	本箱{desc}本はここに。	Книжный шкаф{desc}Для хранения пыли.
booksInset	placeable	100	25	Recessed Bookshelf{desc}Secret door? 	Bibliothèque encastrée{desc}Est-ce une porte secrète ?	Eigelassenes Bücherregal{desc}Eine Geheimtür?	Librería empotrada{desc}¿Una puerta secreta?	Estante Embutida{desc}Passagem secreta?	嵌入式书架{desc}密室门？	埋め込み式の本棚{desc}秘密のドア？	Встроенная книжная полка{desc}Потайная дверь?
chairBean	placeable	100	25	Bean Bag Chair{desc}Groovy, baby. 	Pouf{desc}Toujours difficile de se relever.	Sitzsack{desc}Groovig, Baby.	Puf{desc}¡Qué chulo!	Pufe{desc}Bacana, meu bem.	豆袋椅{desc}时髦得很，宝贝。	ビーンバッグチェア{desc}いかすぜ、ベイビー。	Кресло-Мешок{desc}Утони в комфорте.
chairMulticolor	placeable	100	25	Multicolour Chair{desc}Rainbow power! 	Chaise multicolore{desc}Un véritable arc-en-ciel !	Bunter Stuhl{desc}Regenbogen-Power!	Silla multicolor{desc}¡Arcoíris al poder!	Cadeira multicolorida{desc}Poder do arco-íris!	多彩椅{desc}彩虹能量！	色あざやかなイス{desc}虹のパワー！	Многоцветное кресло{desc}Сила радуги!
cooler	placeable	100	10	Cooler{desc}Cold beers. 	Glacière{desc}Pour avoir de la bière bien fraîche.	Kühler{desc}Kalte Biere.	Nevera portátil{desc}Cervezas frías.	Cooler{desc}Cervejas geladas.	冰桶{desc}冰镇啤酒。	保冷ボックス{desc}冷たいビール。	Холодильник{desc}Холодное пиво.
couchModern	placeable	100	50	Blue Couch{desc}Very squishy. 	Canapé bleu{desc}Extrêmement moelleux.	Blaues Sofas{desc}Sehr weich.	Sofá azul{desc}Muy blandito.	Sofá azul{desc}Bem mole.	蓝色沙发{desc}软绵绵的。	青色のカウチ{desc}すごくぐにゃぐにゃ。	Синий диван{desc}Слегка продавлен.
deskGardening	placeable	100	25	Gardening Desk{desc}Botanical bureau. 	Table de jardinage{desc}Bureau botanique.	Gärtnertisch{desc}Botanisches Büro	Mesa de jardinería{desc}Oficina botánica.	Mesa de Jardinagem{desc}Escritório botânico.	园艺桌{desc}植物学事务处。	園芸デスク{desc}植物用のライティングデスク。	Садовый стол{desc}Ботаническое бюро.
deskOffice	placeable	100	25	Office Desk{desc}Work work work. 	Bureau{desc}Au boulot !	Bürotisch{desc}Arbeit, Arbeit, Arbeit.	Mesa de oficina{desc}Trabajo y más trabajo.	Mesa de escritório{desc}Trabalho trabalho trabalho.	办公桌{desc}一心工作。	事務机{desc}仕事仕事仕事。	Офисный стол{desc}Работать, работать и ещё раз работать.
deskPainter	placeable	100	25	Painter's Desk{desc}Aesthetic administration. 	Table de peintre{desc}Agencement d'esthète.	Malertisch{desc}Ästhetische Administration.	Mesa de pintura{desc}Gestión estética.	Mesa de Pintura{desc}Administração artística.	画家的桌子{desc}美学管理处。	画家のデスク{desc}美的な管理。	Стол художника{desc}Со встроенным беспорядком.
deskWitch	placeable	100	25	Witchy Desk{desc}Desktop divination. 	Table de sorcellerie{desc}Magie bien ordonnée.	Hexentisch{desc}Schreibtischprophezeiungen.	Mesa brujeril{desc}Adivinación de oficina.	Mesa Enfeitiçada{desc}Área de trabalho de divinação.	巫术桌{desc}桌上占卜。	魔女のデスク{desc}卓上の占い。	Ведьмин стол{desc}Стол для гадания.
divider	placeable	100	10	Divider{desc}For dividing. 	Cloison{desc}Pour cloisonner.	Trennwand{desc}Zum Abtrennen.	Mampara{desc}Para dividir espacios.	Divisor{desc}Para dividir.	隔板{desc}用于分隔。	仕切り{desc}分割用。	Перегородка{desc}Перегораживает.
easel	placeable	100	10	Easel{desc}Art goes here. 	Chevalet{desc}Pour les artistes.	Staffelei{desc}Für Kunst.	Caballete{desc}Sujeta el arte.	Cavalete{desc}Aqui a arte acontece.	画架{desc}艺术的归属。	イーゼル{desc}芸術はここから。	Мольберт{desc}Из него получается искусство.
fridgeMessy	placeable	100	25	Messy Fridge{desc}It's a choice. 	Réfrigérateur mal rangé{desc}C'est un choix.	Chaotischer Kühlschrank{desc}Wer's mag ...	Nevera desordenada{desc}Cuestión de gustos.	Geladeira Bagunçada{desc}É uma escolha.	凌乱冰箱{desc}做个选择吧。	散らかった冷蔵庫{desc}よりにもよってこれを置くの？	Большой холодильник{desc}Это мой выбор.
grindstone	placeable	100	10	Grindstone{desc}Grind stuff. 	Meule{desc}Polit les outils, mais ne leur apprend pas les bonnes manières.	Schleifstein{desc}Zum Schleifen.	Piedra de afilar{desc}Afila cosas.	Pedra de Amolar{desc}Amola coisas.	磨石{desc}用来磨东西。	石臼{desc}物をすりつぶす。	Точильный камень{desc}Точи вещи.
keg	placeable	100	25	Keg{desc}Many beer. 	Fût{desc}De la bière en grande quantité.	Fass{desc}Viel Bier.	Barril{desc}Mucha cerveza.	Chopeira{desc}Muita cerveja.	啤酒桶{desc}啤酒多多。	ケグ{desc}たくさんのビール。	Кег{desc}Много пива.
kitchenIsland	placeable	100	25	Kitchen Island{desc}So fancy! 	Îlot de cuisine{desc}C'est de toute beauté !	Kücheninsel{desc}So in!	Isla de cocina{desc}¡Muy chic!	Ilha de Cozinha{desc}Que chique!	厨房岛{desc}华丽丽！	アイランドキッチン{desc}すごくオシャレ！	Кухонный остров{desc}Очень шикарно!
lampDesigner	placeable	100	25	Designer Lamp{desc}High-end. 	Lampe design{desc}À la pointe de la mode.	Designerlampe{desc}So hip!	Lámpara de diseño{desc}Lujosa.	Luminária de Grife{desc}Requinte.	设计师灯{desc}高端。	デザイナーランプ{desc}高級。	Дизайнерская лампа{desc}Классная.
lampFancy	placeable	100	10	Fancy Lamp{desc}Very expensive. 	Lampe raffinée{desc}Coûte horriblement cher.	Schicke Lampe{desc}Sehr teuer.	Lámpara elegante{desc}Muy cara.	Luminária Chique{desc}Muito cara.	豪华灯{desc}非常昂贵。	ファンシーランプ{desc}かなりお高い。	Роскошная лампа{desc}И очень дорогая.
paintings	placeable	100	5	Paintings{desc}Pretty rectangles. 	Tableaux{desc}Jolis rectangles.	Bilder{desc}Hübsche Rechtecke.	Cuadros{desc}Rectángulos bonitos.	Quadros{desc}Retângulos lindinhos.	画作{desc}漂亮的矩形。	絵画{desc}すごく長方形。	Картины{desc}Красивые прямоугольники.
quenchingBath	placeable	100	10	Quenching Bath{desc}Tool-wettener. 	Cuve de trempage{desc}Baignoire à outils.	Abschreckbecken{desc}Zum Abschrecken von Metall.	Baño de temple{desc}Para mojar metales.	Banho de Têmpera{desc}Melhora ferramentas.	淬火浴{desc}让工具湿身。	急冷槽{desc}道具をぬらす。	Закалочная ванна{desc}Спа для инструментов.
rackHat	placeable	100	5	Hat Rack{desc}Headwear options. 	Porte-chapeaux{desc}Couvre-chefs au choix.	Hutständer{desc}Für eine Auswahl Hüte.	Perchero{desc}Sombreros para elegir.	Chapeleira{desc}Opções de acessórios para a cabeça.	帽架{desc}选帽子。	帽子かけ{desc}帽子をえらぼう。	Стойка для шапок{desc}Варианты головных уборов.
rackWooden	placeable	100	5	Wooden Rack{desc}Store stuff. 	Étagère en bois{desc}Pour stocker tout et n'importe quoi.	Holzgestell{desc}Zum Lagern.	Estante de madera{desc}Para guardar cosas.	Rack de Madeira{desc}Guarda coisas.	木架{desc}存放东西。	木のラック{desc}物を保管する。	Деревянная стойка{desc}Хранить всякое.
rugPersian	placeable	100	10	Persian Rug{desc}Imported luxury. 	Tapis persan{desc}Produit de luxe importé.	Perserteppich{desc}Importierter Luxus.	Alfombra persa{desc}Lujo de importación.	Tapete Persa{desc}Luxo importado	波斯地毯{desc}进口奢侈品。	ペルシャじゅうたん{desc}ぜいたくを持ち込もう。	Персидский ковёр{desc}Импортная роскошь.
rugRed	placeable	100	10	Red Rug{desc}Ties room together. 	Tapis rouge{desc}Harmonise une pièce.	Roter Teppich{desc}Verbindet Räume.	Alfombra roja{desc}Le da un toque acogedor a la habitación.	Tapete Vermelho{desc}Realça a decoração.	红色地毯{desc}房间之间的纽带。	赤色のじゅうたん{desc}空間を束ねる。	Красный ковёр{desc}Украшает жилище.
rugRound	placeable	100	10	Round Rug{desc}For pacing. 	Tapis rond{desc}Pour faire les cent pas.	Runder Teppich{desc}Zum Auf-und-ab-Laufen.	Alfombra redonda{desc}Para caminar de un lado a otro.	Tapete redondo{desc}Para ficar dando volta.	圆形地毯{desc}用来踱步。	丸いじゅうたん{desc}この上なら行ったり来たりしても大丈夫。	Круглый ковёр{desc}Для хождения по кругу.
rugZag	placeable	100	10	Zag Rug{desc}Pair with Zig. 	Tapis en zag{desc}Va de pair avec le modèle en zig.	Zack-Teppich{desc}Mit Zick kombinieren.	Alfombra zag{desc}Combina con zig.	Tapete Zague{desc}Orna com o Zigue.	齿地毯{desc}与锯地毯搭配。	ザグのじゅうたん{desc}ジグとペア。	Ковёр Зиг{desc}Используйте в паре с Заг.
rugZig	placeable	100	10	Zig Rug{desc}Pair with Zag. 	Tapis en zig{desc}Va de pair avec le modèle en zag.	Zick-Teppich{desc}Mit Zack kombinieren.	Alfrombra zig{desc}Combina con zag.	Tapete Zigue{desc}Orna com o Zague.	锯地毯{desc}与齿地毯搭配。	ジグのじゅうたん{desc}ザグとペア。	Ковёр Заг{desc}Используйте в паре с Зиг.
spinningWheel	placeable	100	10	Spinning Wheel{desc}It's sharp! 	Rouet{desc}Attention à ne pas s'y piquer le doigt !	Spinnrad{desc}Verdammt spitz!	Rueca{desc}¡Cuidado, que pincha!	Roca de Fiar{desc}É afiada!	纺车{desc}小心扎手！	糸車{desc}鋭い！	Прялка{desc}Острая!
stoveWood	placeable	100	50	Wood Stove{desc}Very flammable. 	Cuisinière en bois{desc}Extrêmement inflammable.	Holzofen{desc}Höchst brennbar.	Cocina de leña{desc}Muy inflamable.	Fogão de Lenha{desc}Bastante inflamável.	木炉{desc}非常易燃。	木のストーブ{desc}かなり燃えやすい。	Дровяная печь{desc}Очень горючая.
tableLiveEdge	placeable	100	50	Live Edge Table{desc}Just like Paolo! 	Table en bois brut{desc}À l'image de Paolo.	Live-Edge-Tisch{desc}Typisch Paolo!	Mesa rústica{desc}¡Como Paolo!	Mesa de Madeira Rústica{desc}Que nem Paolo!	活边桌{desc}像保罗做的！	ライブエッジテーブル{desc}まるでパオロ！	Грубый стол{desc}Полная противоположность Паоло!
tableSaw	placeable	100	25	Table Saw{desc}For sawing. 	Scie sur table{desc}La scie, outil fidèle.	Tischsäge{desc}Zum Sägen.	Sierra de mesa{desc}Para serrar.	Serra de Mesa{desc}Para serrar.	台锯{desc}用来锯东西。	テーブルソー{desc}のこぎりで切る用。	Стол-Пила{desc}Для пиления.
											
archwayCandycane	placeable	100	25	Candy Cane Archway{desc}A minty monument.	Arche en sucres d'orge{desc}Archi-belle, n'est-ce pas ?	Zuckerstangen-Torbogen{desc}Ein minziges Monument.	Arco de bastones de caramelo{desc}Un monumento mentolado.	Arco de Bengala Doce{desc}Um monumento mentolado.	棒棒糖拱门{desc}薄荷味名胜。	キャンディケインのアーチ{desc}ミント味の構造物。	Карамельная арка{desc}Мятный монумент.
rugFuzzy	placeable	100	10	Fuzzy Rug{desc}So FUZZY!	Tapis duveteux{desc}Il est tout doux !	Flauschiger Teppich{desc}So FLAUSCHIG!	Alfombra mullidita{desc}¡Supersuave!	Tapete Felpudo{desc}Tão FELPUDO!	毛茸茸地毯{desc}毛茸茸的好舒服！	フワフワなじゅうたん{desc}すっごくフワフワ！	Пушистый ковёр{desc}Очень ПУШИСТЫЙ!
gingerbreadBoi	placeable	100	10	Gingerbread Boi{desc}Flight risk.	Garçon en pain d'épices{desc}Attention, il pourrait s'enfuir !	Lebkuchenjunge{desc}Bei ihm besteht Fluchtgefahr.	Hombre de jengibre{desc}Este no se hará gigante.	Menino-Biscoito{desc}Risco de fuga.	姜饼小子{desc}出逃有风险呐。	ジンジャーブレッド（少年）{desc}逃げるにはリスクが伴う。	Имбирный мальчик{desc}Может сбежать.
gingerbreadLass	placeable	100	10	Gingerbread Lass{desc}Definitely non-sentient.	Fille en pain d'épices{desc}Elle est à croquer.	Lebkuchenmädchen{desc}Definitiv nicht empfindungsfähig.	Mujer de jengibre{desc}Es solo una galleta. Prometido.	Menina-Biscoito{desc}Não é senciente MESMO.	姜饼少女{desc}绝对没有知觉。	ジンジャーブレッド（少女）{desc}まちがいなく感情はない。	Имбирная девочка{desc}Определённо неодушевлённая.
icicles	placeable	100	5	Icicles{desc}The floor version.	Stalagmites{desc}Voilà des pics qui tombent à pic.	Eiszapfen{desc}Die Bodenversion.	Carámbanos{desc}De los que crecen en el suelo.	Sincelos{desc}A versão para o chão.	冰柱{desc}立式版。	氷柱{desc}床にできるタイプ。	Сосульки{desc}Напольный вариант.
poinsettia	placeable	100	10	Poinsettia{desc}Freequemtly miss-speled.	Poinsettia{desc}Un point c'est tout, un poinsettia.	Poinsettie{desc}Offt falsh geschriehben.	Flor de Pascua{desc}También es típica de Navidad.	Poincétia{desc}Frenquetemente inscrito erraldo.	圣诞花{desc}名字经常被大伙儿写错。	ポインセチア{desc}スペルがよくまがちえられる。	Пуансеттия{desc}Слонжо написать без ошимбок.
presents	placeable	100	10	Present{desc}It's socks.	Cadeau{desc}Pourvu que ce ne soit pas un cadeau empoisonné.	Geschenk{desc}Das sind Socken.	Regalo{desc}Son calcetines.	Presente{desc}É meia.	礼物{desc}是袜子。	プレゼント（黄）{desc}ソックスだ。	Подарок{desc}Там носки.
roast	placeable	100	5	Roast Dinner{desc}Roast... Birdbrain?	Volaille rôtie{desc}Ce n'est quand même pas de la viande d'aristoizo, si ?	Braten{desc}Gebratenes ... Vogelhirn?	Asado{desc}¿Habrán asado un Birdbrain?...	Jantar Assado{desc}Birdbrain... assado?	烤肉晚餐{desc}烤……呆头鹅？	ローストディナー{desc}ロースト… 鳥頭？	Жаркое{desc}Жареный... Птицум?
snowboard	placeable	100	10	Snowboard{desc}For snurfing (snow surfing).	Snowboard{desc}Gare à la chute !	Snowboard{desc}Zum Schnurfen (Schneesurfen).	Tabla de snowboard{desc}Para surfear en la montaña (con nieve).	Prancha{desc}Para nerfar (surfar na neve).	滑雪板{desc}玩“雪浪”（雪地冲浪）用的噢。	スノーボード{desc}スノーサーフィン用。	Сноуборд{desc}Для снёрфинга (снего-сёрфинга).
frostopher	placeable	100	10	Frostopher{desc}Friend of Snowmelia.	Geoffroid{desc}Le copain d'Aglaglaé.	Frostopher{desc}Mit Schneemelie befreundet.	Heladio{desc}Amigo de Nieves.	Frostopher{desc}Amigo de Snowmelia.	霜里斯多夫{desc}雪米莉亚的朋友。	フロストファー{desc}スノーメリアのともだち。	Фростофер{desc}Друг Снежмелии.
snowmelia	placeable	100	10	Snowmelia{desc}Friend of Frostopher.	Aglaglaé{desc}La copine de Geoffroid.	Schneemelie{desc}Mit Frostopher befreundet.	Nieves{desc}Amiga de Heladio.	Snowmelia{desc}Amiga de Frostopher.	雪米莉亚{desc}霜里斯多夫的朋友。	スノーメリア{desc}フロストファーのともだち。	Снежмелия{desc}Подруга Фростофера.
firepit	placeable	100	25	Firepit{desc}S'more station.	Braséro{desc}On n'est pas bien, là, au coin du feu ?	Feuerstelle{desc}S'mores-Station.	Brasero{desc}Para asar malvaviscos.	Fogueira{desc}Tostador de marshmallow.	营火{desc}棉花糖饼干烤制区。	ファイヤーピット{desc}スモアを作ろう。	Гриль{desc}Костер под контролем.
snowflakeGarland	placeable	100	5	Snowflake Garland{desc}It's snowing! INSIDE!!!!	Guirlande de flocons de neige{desc}Il neige dans la maison !	Schneeflockengirlande{desc}Es schneit! Aber DRINNEN!!!!	Guirnalda de copos{desc}¡Nieva dentro!	Guirlanda de Flocos de Neve{desc}Está nevando AQUI DENTRO!!	雪花花环{desc}室内下雪啦！！！	雪の結晶の飾り{desc}家の中でも雪が楽しめちゃう！！	Гирлянда из снежинок{desc}Cнег идёт! ВНУТРИ!!!!
snowglobe	placeable	100	5	Snowglobe{desc}Blizzard in a bauble.	Boule à neige{desc}Une tempête de neige sous cloche.	Schneekugel{desc}Schneesturm in klein.	Bola de nieve{desc}Ventisca en una esfera.	Globo de neve{desc}Uma nevasca controlada.	雪景球{desc}小饰物里的暴风雪。	スノードーム{desc}球体の中は猛吹雪。	Снежный шар{desc}Метель в стекляном шарике.
holidayTreeLights	placeable	100	50	Twinkly Lights{desc}Tangle-free twinkles! Must be placed on trees.	Guirlande festive{desc}En voilà, une brillante idée ! Doit être placée sur un arbre.	Funkelnde Lichter{desc}Fröhliches Funkeln ohne lästige Kabel! Muss auf Bäumen platziert werden.	Guirnalda de luces{desc}¡Lucecillas que no se enredan! Se colocan en los árboles.	Luzes Pisca-pisca{desc}Brilho livre de emaranhados! Deve ser colocada em árvores.	亮闪闪小灯{desc}不会纠缠不清的亮闪闪小灯！必须放置在树上。	キラキラのライト{desc}絡まないライトアップ！ 木を飾ろう。	Мерцающие огни{desc}Незапутывающиеся! Нужно вешать на деревья.
											
chocolateBox	placeable	100	5	Box of Chocolates{desc}They're like life.	Boîte de chocolats{desc}C'est la vie.	Pralinen{desc}Sie sind wie das Leben.	Caja de bombones{desc}La vida es como una de estas.	Caixa de Chocolates{desc}Você nunca sabe o que vai encontrar.	盒装巧克力{desc}恰如人生。	チョコレートの詰め合わせ{desc}まるで人生。	Коробка шоколада{desc}Они как жизнь.
petals	placeable	100	10	Flower Petals{desc}Shredded roses.	Pétales{desc}Proviennent de roses que l'on a effeuillées.	Blütenblätter{desc}Blütenblätter von Rosen.	Pétalos de flor{desc}Flores troceadas.	Pétalas de Flores{desc}Rosas despetaladas.	花瓣{desc}玫瑰碎。	花びら{desc}バラの花びら。	Лепестки цветов{desc}Измельчённые розы.
archwayHeart	placeable	100	25	Heart Archway{desc}Or "Heartchway".	Arche en cœur{desc}Archi-romantique.	Herzbogen{desc}Oder Herzdurchgang.	Arco de corazón{desc}También conocido como «arcorazón».	Arco de Coração{desc}Ou "Arcoração".	心形拱门{desc}即“心门”。	ハートのアーチ{desc}「ハー戸」。なんちゃって。	Сердечная арка{desc}Романтическая конструкция.
bedHeart	placeable	100	50	Heart Bed{desc}Oh my.	Lit en forme de cœur{desc}Un vrai petit nid d'amour.	Herzbett{desc}Wie herrlich.	Cama de corazón{desc}Ay, por favor.	Cama de Coração{desc}Minha nossa.	心形床{desc}哎呀呀。	ハートのベッド{desc}おやおや。	Кровать-сердце{desc}Непостижимо мило.
heartTub	placeable	100	50	Heart Tub{desc}OH MY.	Jacuzzi en forme de cœur{desc}Parfait pour nager dans le bonheur.	Herzwanne{desc}DU MEINE GÜTE.	Bañera de corazón{desc}AY, POR FAVOR.	Banheira de Coração{desc}MINHA NOSSA.	心形浴缸{desc}哇啊啊。	ハートのバスタブ{desc}お～やおや。	Ванна-сердце{desc}Запредельно мило.
lampHeart	placeable	100	5	Love Lamp{desc}Awww, cute!	Lampe langoureuse{desc}Trop mimi !	Liebeslampe{desc}Wie süß!	Lámpara amorosa{desc}Oooh, ¡qué monada!	Luminária do Amor{desc}Óin, que fofura!	爱心灯{desc}嗷，太可爱了！	愛のランプ{desc}わあ、カワイイ！	Лампа любви{desc}Освещает любовь!
portraitFrame	placeable	100	1	Villager Portraits{desc}Your boo. (Can be switched to another NPC.)	Portrait de villageois{desc}Représente la personne que tu aimes. (Tu peux la remplacer par un autre PNJ.)	Bilder der Dorfbewohner{desc}Dein Liebling. (Kann gegen einen anderen NPC ausgetauscht werden.)	Retrato{desc}Tu churri (se puede cambiar el PNJ).	Retratos do Personagem{desc}Seu amor (pode ser outro PNJ).	村民肖像{desc}你的小情人。（可以切换为其他 NPC）	村人のポートレート{desc}あなたの恋人（別のNPCに切り替え可能）。	Портреты жителей{desc}Твоя половинка. (Можно выбрать другой портрет)
rugHeart	placeable	100	25	Heart Rug{desc}For floor snuggles.	Tapis en forme de cœur{desc}Tu vas aimer aller au tapis.	Herzteppich{desc}Zum Kuscheln.	Alfombra de corazón{desc}Para los arrumacos a ras de suelo.	Tapete de Coração{desc}Para ficar de conchinha no chão.	心形地毯{desc}在地板上贴贴。	ハートのじゅうたん{desc}床でイチャイチャする用。	Сердечный ковёр{desc}Для объятий на полу.
windowHeart	placeable	100	5	Heart Window{desc}The look of love.	Fenêtre en forme de cœur{desc}On voit la vie en rose à travers cette fenêtre.	Herzfenster{desc}Der Liebesausblick.	Ventana de corazón{desc}Una ventana al amor.	Janela de Coração{desc}A vista da paixão.	心形窗{desc}观爱。	ハートの窓{desc}愛の景観。	Сердечное окно{desc}Взгляд любви.
champagne	placeable	100	5	Champagne{desc}Pop. Fizzzz.	Champagne{desc}Fais sauter le bouchon !	Sekt{desc}Ploppt. Prickelt.	Champán{desc}¡Plop! Psshhh...	Champanhe{desc}POP! Tsssss.	香槟{desc}气泡咕噜咕噜。	シャンパン{desc}ポン。シュワァァァ。	Шампанское{desc}Бум. Пшшшсссс.
lampLava	placeable	100	5	Lava Lamp{desc}BLOOOOOP! BLORP!	Lampe à lave{desc}On pourrait rester des heures à la regarder.	Lavalampe{desc}BLUUUB! BLUB-BLUB!	Lámpara de lava{desc}¡Blub! ¡Blurublub!	Luminária de Lava{desc}BLUUUB! BLUB!	熔岩灯{desc}噗噜噗噜！	溶岩のランプ{desc}ドカーン！ ドドドーン！	Лава-лампа{desc}БУЛЬК! БЛУП!
couchLove	placeable	100	25	Loveseat{desc}Sit closer.	Canapé de l'amour{desc}Idéal pour se blottir l'un contre l'autre.	Liebessessel{desc}Möglichst dicht beieinander.	Sofá amoroso{desc}Siéntate a mi vera.	Sofá do Amor{desc}Chegue mais perto.	爱心椅{desc}挨近点坐。	ラブシート{desc}もっと近くに座って。	Диванчик влюбленных{desc}Сядь поближе.
bouquetRed	placeable	100	5	Red Bouquet{desc}Roses are red.	Bouquet rouge{desc}Les roses sont rouges.	Roter Strauß{desc}Rosen sind rot.	Ramillete rojo{desc}Las rosas son rojas.	Buquê Vermelho{desc}Rosas são vermelhas.	红色花束{desc}红颜玫瑰。	赤色のブーケ{desc}赤いバラ。	Красный букет{desc}Розы красные.
bouquetBlue	placeable	100	5	Blue Bouquet{desc}Roses are blue.	Bouquet bleu{desc}Les roses sont bleues.	Blauer Strauß{desc}Rosen sind blau.	Ramillete azul{desc}Las rosas son azules.	Buquê Azul{desc}Violetas são azuis.	蓝色花束{desc}蓝颜玫瑰。	青色のブーケ{desc}青いバラ。	Синий букет{desc}Розы синие.
chairWhite	placeable	100	10	White Chair{desc}Fancy sitting.	Chaise blanche{desc}Une chaise élégante.	Weißer Stuhl{desc}Schicke Sitzgelegenheit.	Silla blanca{desc}Una silla elegante.	Cadeira Branca{desc}Chiquérrima.	白色椅{desc}豪华座椅。	白いイス{desc}ステキなイス。	Белый стул{desc}Изысканное сидение.
rugRunner	placeable	100	15	Runner Rug{desc}Aisle be there.	Tapis de couloir{desc}Permet de dérouler le tapis rouge à tes invités. Ou plutôt, le tapis violet.	Läufer{desc}Wie der Weg zum Altar.	Alfombra pasillera{desc}Para el pasillo.	Passadeira{desc}Te espero no altar.	走廊地毯{desc}走廊地毯，伴你左右。	ランナーのじゅうたん{desc}通路はそこ。	Ковровая дорожка{desc}Ходи по-королевски.
lampStreet	placeable	100	25	Street Lamp{desc}Singin' prop.	Lampadaire{desc}On y voit tout de suite plus clair.	Straßenlaterne{desc}Singende Deko.	Farola{desc}Para agarrarse y cantar.	Poste{desc}Perfeito para cantar.	路灯{desc}演唱道具。	街灯{desc}ここに飛びついて歌おう。	Уличный фонарь{desc}Реквизит для пения.
											
											
broomRack	placeable	100	10	Broom Rack{desc}Sweepy soulmates.	Râtelier à balais{desc}Ils font bon ménage.	Besengestell{desc}Beschwingte Seelengefährten.	Escobero{desc}Escobas gemelas.	Suporte de Vassoura{desc}Almas gêmeas varredoras.	扫帚架{desc}扫帚的知心朋友。	ホウキラック{desc}掃き掃除の同志たち。	Стойка для метлы{desc}Мести вместе.
candelabra	placeable	100	10	Candelabrum{desc}For medieval times.	Candélabre{desc}Comme au Moyen Âge.	Kronleuchter{desc}Für mittelalterliche Stimmung.	Candelabro{desc}Para tiempos medievales.	Candelabro{desc}Para momentos medievais.	烛台{desc}适用于中世纪。	枝付き燭台{desc}中世から存在する。	Канделябр{desc}Из средневековья.
crystalBall	placeable	100	5	Crystal Ball{desc}Peep the future.	Boule de cristal{desc}Je vois, je vois...	Kristallkugel{desc}Blick in die Zukunft.	Bola de cristal{desc}Un vistazo al futuro.	Bola de Cristal{desc}Dê uma olhadinha no futuro.	水晶球{desc}窥探未来。	水晶玉{desc}未来を覗き見よう。	Хрустальный шар{desc}Загляни в будущее.
rugFishbo	placeable	100	10	Fishbo Rug{desc}Floorbo.	Tapis bubulle{desc}Tu peux marcher dessus, ce n'est pas un vrai bubulle.	Goldfischteppich{desc}Echt fischig.	Alfombra de Fishbo{desc}Fishbo de secano.	Tapete de Fishbo{desc}Um peiCHÃO.	菲什博地毯{desc}装点地板。	フィッシュボーのじゅうたん{desc}フィッシュボーもといフロアボード。	Ковёр Фишбо{desc}Рыбный пол.
rugHat	placeable	100	10	Magic Hat Rug{desc}Hat for floor.	Tapis chapeau magique{desc}Un chapeau pour le sol.	Zauberhutteppich{desc}Ein Hut für den Boden.	Alfombra de sombrero mágico{desc}Sombrero para el suelo.	Tapete de Chapéu Mágico{desc}Chapéu pro chão.	魔法帽地毯{desc}给地板也戴上帽子。	魔法の帽子のじゅうたん{desc}床用の帽子。	Ковёр Волшебная Шляпа{desc}Шляпа для пола.
fishboStatue	placeable	100	500	Fishbo Statue{desc}The best boi.	Statue de bubulle{desc}C'est qui le plus beau ?	Goldfischstatue{desc}Der beste Goldjunge.	Estatua de Fishbo{desc}El mejor chico.	Estátua de Fishbo{desc}Um bom garoto.	菲什博雕像{desc}最优秀的菲什博。	フィッシュボーの像{desc}最高のヤツ。	Статуя Фишбо{desc}Он великолепен.
lectern	placeable	100	15	Lectern{desc}Reading, but fancy.	Lutrin{desc}Le pied pour la lecture.	Stehpult.{desc}Zum Lesen, aber mit Stil.	Atril{desc}Para leer con elegancia.	Leitoril{desc}Leitura chique.	讲台{desc}阅读，是很讲究的。	書見台{desc}読み物用だけどオシャレ。	Кафедра{desc}Чтение, но с шиком.
windowStained	placeable	100	25	Stained Glass Window{desc}Moon or croissant?	Vitrail{desc}Est-ce une lune ou un croissant ?	Buntglasfenster{desc}Mond ... oder Croissant?	Vitral{desc}¿Es una luna... o un cruasán?	Vitral{desc}Lua... ou croissant?	彩绘玻璃窗{desc}是月亮……还是可颂？	ステンドグラスの窓{desc}月だ… それともクロワッサン？	Витраж{desc}Луна или круассан?
scrollBox	placeable	100	15	Scroll Box{desc}Knowledge cube.	Caisse de parchemins{desc}Un cube rempli de connaissances.	Schriftrollenkiste{desc}Wissen im Quadrat.	Caja de pergaminos{desc}Sabiduría en una caja.	Caixa de Pergaminho{desc}Cubo de conhecimento.	卷轴盒{desc}知识集合体。	巻物入れ{desc}知識が詰まってる。	Коробка для cвитков{desc}Куб знаний.
summoningCircle	placeable	100	15	Summoning Circle{desc}More effective than summoning rhombus.	Cercle d'invocation{desc}Une charmante décoration à l'aspect juste un peu satanique.	Beschwörungskreis{desc}Dämonisch ... aber süß!	Círculo de invocación{desc}Demoníaco... ¡pero muy mono!	Círculo de Invocação{desc}Demoníaco... mas fofo!	召唤阵{desc}很邪恶……但也很可爱！	召喚の魔法陣{desc}悪魔的… にカワイイ！	Оккультный круг{desc}Более эффективен, чем оккультный ромб.
curtainTattered	placeable	100	15	Tattered Curtain{desc}Artisanally distressed.	Rideau en lambeaux{desc}Fabrication... euh, détérioration artisanale.	Zerrissener Vorhang{desc}Künstlerisch gealtert.	Cortina andrajosa{desc}Raída artesanalmente.	Cortina Esfarrapada{desc}Artesanalmente estropiada.	破旧窗帘{desc}手工做旧。	ぼろぼろの幕{desc}職人の苦悩。	Изношенная штора{desc}Искусственно состарена.
couchWitchy	placeable	100	25	Witchy Couch{desc}Wiccan, not wicker.	Canapé de sorcière{desc}C'est pas sorcier !	Hexensofa{desc}Hokuspokus, kein Korbgeflecht.	Sofá brujeril{desc}Tiene encanto; no está embrujado.	Sofá de Bruxa{desc}É nóis que voa.	女巫沙发{desc}女巫风格，不是柳条编制的噢！	ウィッチなカウチ{desc}魔法使いっぽいでしょ。	Ведьмин диван{desc}Ни одна ведьма не пострадала.
itemFrame	placeable	100	1	Item Frame{desc}Show off.	Cadre{desc}N'y mets pas la photo de quelqu'un que tu ne peux pas encadrer.	Gegenstandsrahmen{desc}Zum Angeben.	Marco para objetos{desc}Que se vea bien.	Moldura para Itens{desc}Para se exibir.	物品展示框{desc}快炫耀一下。	アイテムフレーム{desc}見せびらかそう。	Декоративная рамка{desc}Похвастайся. (можно поместить изображение любого предмета из инвентаря)
chalkBarrel	placeable	100	10	Magic Powder Barrel{desc}Powder keg.	Tonneau de poudre magique{desc}Non, ce n'est pas de la poudre de perlimpinpin.	Magisches Pulverfass{desc}Pulver im Fass.	Barril de polvos mágicos{desc}Pólvora mágica.	Barril de Pó Mágico{desc}Barril de pólvora.	魔法粉桶{desc}装粉的桶。	魔法の粉が入ったたる{desc}火薬庫。	Бочка волшебного порошка{desc}Порошковая бочка.
											
barbecue	placeable	100	25	Barbecue{desc}Make food hot.	Barbecue{desc}Pour les grillades.	Barbecue{desc}Heißes Essen.	Barbacoa{desc}Cómo me gusta.	Churrasqueira{desc}Faça comida quente.	烧烤{desc}制作热腾腾的食物。	バーベキュー{desc}食べ物をアツアツにしてくれる。	Барбекю{desc}Пожарь вкусного.
blanketBeach	placeable	100	15	Beach Blanky{desc}Beach not included.	Couverture de plage{desc}Plage non incluse.	Stranddecke{desc}Strand nicht enthalten.	Manta de playa{desc}Playa no incluida.	Toalha de praia{desc}Sem praia incluída.	沙滩毯{desc}不附赠沙滩哦。	ビーチブランキー{desc}ビーチは含まれておりません。	Пляжный коврик{desc}Пляж не прилагается.
chairBeach	placeable	100	15	Folding Chair{desc}Not good under pressure.	Chaise pliante{desc}Elle se plie en quatre.	Klappstuhl{desc}Nicht zu viel Druck ausüben.	Silla plegable{desc}No soporta la presión.	Cadeira de praia{desc}Não aguenta lá muita pressão.	折叠椅{desc}承压能力不大行。	折り畳みイス{desc}圧をかけるのはよくない。	Складной стул{desc}Сидеть аккуратно!
towelBeach	placeable	100	15	Beach Towels{desc}Dry guys.	Serviettes{desc}Ça sèche.	Handtücher{desc}Immer schön trocken.	Toallas{desc}Para secarse.	Toalhas{desc}Todos sequinhos.	毛巾{desc}给大伙擦干。	タオル{desc}乾いたヤツら。	Пляжные полотенца{desc}Сушительные штуки.
coolerBeach	placeable	100	10	Beach Cooler{desc}Just like Ferra's!	Glacière{desc}Comme celle de Ferra !	Kühlbox{desc}Wie die von Ferra!	Fresquera{desc}¡Como la de Ferra!	Caixa térmica{desc}Igual ao de Ferra!	冰桶{desc}和费拉的一模一样！	冷却器{desc}フェラーのものそっくり！	Пляжный холодильник{desc}Как у Ферры!
chairLounge	placeable	100	15	Lounge Chair{desc}Sunbathing time.	Chaise longue{desc}Pour faire bronzette.	Klubsessel{desc}Genieße die Sonne.	Tumbona{desc}Para tomar el sol.	Espreguiçadeira{desc}Hora do banho de sol.	躺椅{desc}日光浴时间。	ラウンジチェア{desc}日光浴タイム。	Шезлонг{desc}Время загорать.
floatieSnorcko	placeable	100	25	Snorcko Floatie{desc}It's the guy!	Grosse bouée{desc}Gonflée à bloc !	Snorcko-Floatie{desc}Er ist es!	Flotador de Snorcko{desc}¡A este lo conozco!	Boia do Snorcko{desc}Esse é o cara!	潜水灵漂浮垫{desc}就是这个家伙！	シュノアッコの浮輪{desc}これだよこれ！	Надувной Сноркус{desc}Круче, чем настоящий!
bucketBeach	placeable	100	10	Bucket and Shovel{desc}Dig a big hole!	Seau et pelle{desc}Creusez un grand trou !	Kübel und Schaufel{desc}Wer anderen eine Grube gräbt ...	Pala y cubo{desc}¡Cavar, cavar, cavar!	Balde e pá{desc}Faça um bom buraco!	桶和铲子{desc}挖个大坑！	バケツとスコップ{desc}大きな穴を掘ろう！	Ведро и лопатка{desc}Выкопай огромную яму!
pool	placeable	100	500	In-Ground Pool{desc}SOMEONE'S rich.	Piscine enterrée{desc}C'est Byzance !	Eingelasser Pool{desc}Da ist JEMAND reich.	Piscina de interior{desc}A ALGUIEN le sobra pasta.	Piscina enterrada{desc}ALGUÉM é rico.	嵌入式泳池{desc}某人可真富啊。	地中プール{desc}だれかさんはお金持ち。	Бассейн{desc}Кто-то богатенький.
floatie	placeable	100	10	Tube{desc}Air circle.	Tube{desc}Fait circuler l'air.	Schlauch{desc}Luftkreis.	Flotador{desc}Rosquilla con aire.	Tubo{desc}Circule o ar.	通风管{desc}保证空气流通。	チューブ{desc}空気の循環。	Надувной круг{desc}Круглый воздух.
torchTiki	placeable	100	5	Tiki Torch{desc}Hot! Fun!	Torche{desc}Pour y voir plus clair.	Petroleumfackel{desc}Heiß, aber lustig!	Antorcha tiki{desc}¡Calor y diversión!	Tocha tiki{desc}Quente! Divertido!	提基火炬{desc}好烫！好玩！	ティキトーチ{desc}熱い！ 楽しい！	Факел Тики{desc}Жгучее веселье!
umbrellaBeach	placeable	100	25	Umbrella{desc}Made in the shade.	Parasol{desc}Pour éviter les coups de soleil.	Schirm{desc}Macht Schatten.	Sombrilla{desc}Por si el sol brilla.	Sombrinha{desc}Feita à sombra.	雨伞{desc}舒适自在	傘{desc}安泰。	Зонт{desc}Тень с собой.
											
spiritStorageMachine	placeable	100	15	Spirit Storage{desc}Access your Spirit Storage.	Réserve à esprits{desc}Accède à ta réserve à esprits.	Geisterlager{desc}Gewährt Zugriff auf dein Geisterlager.	Espíritus guardados{desc}Accede a los espíritus almacenados.	Armazenamento de Espíritos{desc}Acesse seu Armazenamento de Espíritos.	精灵存储库{desc}进入你的精灵存储库。	精霊あずかりスペース{desc}精霊あずかりスペースにアクセス可能。	Хранилище духов{desc}Предоставляет доступ к хранилищу духов.
rugDonut	placeable	100	10	Donut Rug{desc}Karpet Kreme.	Tapis donut{desc}On aurait presque envie de le dévorer.	Donut-Teppich{desc}Der leckerste Teppich.	Alfombra de dónut{desc}Alfombra cremosa.	Tapete de Donut{desc}Karpete Kreme.	甜甜圈地毯{desc}奶油味。	ドーナツのじゅうたん{desc}クツロギー・クリーム。	Коврик-пончик{desc}Кремовый ковер.
rugPizza	placeable	100	5	Pizza Rug{desc}Margherita mat.	Tapis pizza{desc}Pâte fine ou moelleuse ?	Pizza-Teppich{desc}Margherita-Matte.	Alfombra de pizza{desc}Alfombra cuatro quesos.	Tapete de Pizza{desc}Sabor marguerita.	披萨地毯{desc}经典玛格丽塔风味。	ピザのじゅうたん{desc}マルゲリータなマット。	Коврик-пицца{desc}Стиль "Маргарита".
scale	placeable	100	25	Kitchen Scale{desc}Weight > volume!	Balance de cuisine{desc}Elle est tarée !	Küchenwaage{desc}Gewicht > Volumen!	Báscula de cocina{desc}¡Peso > volumen!	Balança de Cozinha{desc}Peso > volume!	厨房秤{desc}重量>体积！	キッチンスケール{desc}重さ > 量！	Кухонные весы{desc}Вес > объем!
cloche	placeable	100	15	Cloche{desc}Fancy dining.	Cloche{desc}Pratique pour garder les plats au chaud.	Servierglocke{desc}Essen mit Stil.	Cubreplatos{desc}Comida elegante.	Cloche{desc}Para uma refeição chique.	食物罩{desc}高规格用餐。	クロッシュ{desc}オシャレな食事。	Сервировочный купол{desc}Как в дорогом ресторане.
cuttingBoard	placeable	100	10	Cutting Board{desc}Chop 'n' slice.	Planche à découper{desc}Coupes-y tout ce que tu veux, sauf tes doigts.	Schneidebrett{desc}Zum Schneiden und Hacken.	Tabla de cortar{desc}Para picar y trocear.	Tábua de Corte{desc}Faça picadinho.	切菜板{desc}切片又切块。	まな板{desc}切って切って切りまくり。	Разделочная доска{desc}Нарезаем кусочками.
fruitBowl	placeable	100	25	Fruit Basket{desc}So kawaii!	Corbeille de fruits{desc}Un concentré de bonnes choses.	Obstkorb{desc}So kawaii!	Cesta de fruta{desc}¡Qué cucada!	Cesta de Frutas{desc}Uma fofura!	水果篮{desc}好可爱！	果物の盛り合わせ{desc}超カワイー！	Корзина с фруктами{desc}Кавайненько!
knives	placeable	100	5	Knife Block{desc}Sharp storage.	Bloc à couteaux{desc}Un local pour les lames.	Messerblock{desc}Scharfe Aufbewahrung.	Bloque de cuchillos{desc}Para guardar cosas afiladas.	Suporte de Faca{desc}Guarda facas e pensamentos intrusivos.	刀架{desc}存储刀具。	ナイフブロック{desc}鋭いものをしまおう。	Подставка для ножей{desc}Хранить острое.
toaster	placeable	100	10	Toaster{desc}Breadmaus lookalike.	Grille-pain{desc}Il ressemble à s'y méprendre à un ratartine.	Toaster{desc}Brotmaus-Lookalike.	Tostadora{desc}Se parece a Breadmaus.	Torradeira{desc}Parece até um Baguetemaus.	烤面包机{desc}好像面包鼠。	トースター{desc}ブレッドマウスにそっくり。	Тостер{desc}Похож на Тостермауса.
potRack	placeable	100	10	Pot Rack {desc}Space saver.	Porte-ustensiles{desc}L'allié des petits espaces.	Topfhalter{desc}Platzsparend.	Colgador de utensilios{desc}Ahorra espacio.	Suporte de Panela{desc}Economize espaço.	锅架{desc}节约空间。	ポットラック{desc}空間収納術。	Вешалка для кастрюль{desc}Экономия места.
placemat	placeable	100	15	Placemats{desc}Tidy table time!	Sets de table{desc}Jeu, set et match.	Tischsets{desc}Saubere Sache!	Salvamanteles{desc}¡Para mesas limpitas!	Descansos de Mesa{desc}Deixe sua mesa arrumadinha!	餐垫{desc}整理餐桌时间到！	ランチョンマット{desc}きちんとした食事の時間を。	Сервировочный коврик{desc}Порядок за столом!
counterTiled	placeable	100	15	Tiled Counter{desc}Easy to clean.	Plan de travail carrelé{desc}Facile à nettoyer.	Geflieste Theke{desc}Leicht zu reinigen.	Encimera de azulejos{desc}Fácil de limpiar.	Balcão de Azulejo{desc}Fácil de limpar.	瓷砖台面{desc}容易清洁。	タイルのカウンター{desc}掃除するのがカンタン。	Кухонная стойка{desc}Легко чистится.
counterTiledSink	placeable	100	15	Tiled Counter{desc}Easy to clean.	Plan de travail carrelé{desc}Facile à nettoyer.	Geflieste Theke{desc}Leicht zu reinigen.	Encimera de azulejos{desc}Fácil de limpiar.	Balcão de Azulejo{desc}Fácil de limpar.	瓷砖台面{desc}容易清洁。	タイルのカウンター{desc}掃除するのがカンタン。	Кухонная стойка{desc}Легко чистится.
counterMarble	placeable	100	15	Marble Counter{desc}Fancy *and* heavy.	Plan de travail en marbre{desc}Élégant... et très lourd.	Marmortheke{desc}Schick *und* massiv.	Encimera de mármol{desc}Elegante y pesada.	Balcão de Mármore{desc}Chique *e* pesado.	大理石台面{desc}花哨又沉重。	大理石のカウンター{desc}高級かつ重い。	Мраморная стойка{desc}Красивая, но очень тяжелая.
counterMarbleSink	placeable	100	15	Marble Counter{desc}Fancy *and* heavy.	Plan de travail en marbre{desc}Élégant... et très lourd.	Marmortheke{desc}Schick *und* massiv.	Encimera de mármol{desc}Elegante y pesada.	Balcão de Mármore{desc}Chique *e* pesado.	大理石台面{desc}花哨又沉重。	大理石のカウンター{desc}高級かつ重い。	Мраморная стойка{desc}Красивая, но очень тяжелая.
											
autumnArchway	placeable	100	50	Autumnal Archway{desc}Leaf through this.	Arche automnale{desc}Celle-ci n'est pas perdue.	Herbstbogen{desc}Es ist er-laub-t, hier durchzugehen.	Arco otoñal{desc}Hojea todo lo que quieras.	Arco Outonal{desc}Folhas ao vento.	深秋拱门{desc}落叶飘过。	秋のアーチ{desc}葉っぱでできたアーチ。	Осенняя арка{desc}Листопадная.
rugElectricone	placeable	100	15	Electricone Rug{desc}Forest floor.	Tapis électricône{desc}La forêt sous tes pieds.	Elektronienteppich{desc}Der Waldboden.	Alfombra de electropiña{desc}Suelo forestal.	Tapete de Conelétrico{desc}Chão de floresta.	电球果地毯{desc}森林地面。	エレクトリッコーンのじゅうたん{desc}森っぽい床。	Электрошишковый Ковер{desc}Лесное покрытие.
rugFireworks	placeable	100	15	Fireworks Rug{desc}Bang! Boom! Pow!	Tapis d'artifice{desc}Ça pète !	Feuerwerkteppich{desc}Bäm! Bumm! Peng!	Alfombra de fuegos artificiales{desc}¡Pum! ¡Pium! ¡Bum!	Tapete de Fogos de Artifício{desc}Bang! Bum! Pou!	烟火地毯{desc}砰！轰！咣！	花火のじゅうたん{desc}ヒュルルル… ドーン！ パーン！	Ковер-фейерверк{desc}Бум! Бах! Пиу!
lampGhostshroom	placeable	100	15	Ghostshroom Lamp{desc}Phantom lantern.	Lampe ectofongus{desc}Une lanterne fantôme.	Geisterpilzlampe{desc}Eine Phantomlaterne.	Lámpara de fantaseta{desc}Luz fantasmal.	Lâmpada de Fantasgumelo{desc}Lampião fantasmagórico.	幽灵蘑菇灯{desc}幻影灯笼。	ユウレイキノコのランプ{desc}幻想的なランタン。	Лампа Призрачный Гриб{desc}Эфемерный фонарь.
rugGhostshroom	placeable	100	15	Ghostshroom Rug{desc}Fuzzy phantasm.	Tapis ectofongus{desc}Duveteux et fantomatique.	Geisterpilzteppich{desc}Eine flauschige Sinnestäuschung.	Alfombra de fantaseta{desc}Fantasma peludito.	Tapete de Fantasgumelo{desc}Fantasminha felpudo.	幽灵蘑菇地毯{desc}毛茸茸的幻想。	ユウレイキノコのじゅうたん{desc}フワフワで幻想的。	Ковер Призрачный Гриб{desc}Пушистое привидение.
stoolLeaf	placeable	100	15	Leaf Stool{desc}So cottagecore!	Tabouret feuille{desc}Tellement rustique !	Blatthocker{desc}Total cottagecore!	Taburete de hoja{desc}¡Qué rústico!	Banquinho de Folha{desc}Bem rural!	叶子凳{desc}美妙的田园风情！	葉っぱのスツールl{desc}すっごくコテージコア！	Табурет Листик{desc}Дачный стиль!
stoolMushroom	placeable	100	15	Mushroom Stool{desc}An actual toadstool-stool.	Tabouret champignon{desc}Malgré son apparence, il n'est pas vénéneux.	Pilzhocker{desc}Ein echter Giftpilzhocker.	Taburete de seta{desc}Seta queda el culo plano.	Banquinho de Cogumelo{desc}Um bancogumelo.	蘑菇凳{desc}真正意义上的伞菌凳。	キノコのスツール{desc}実際は毒キノコのスツール。	Табурет Гриб{desc}Грибурет.
tableMushroom	placeable	100	30	Mushroom Table{desc}Gnome core.	Table champignon{desc}Populaire chez les gnomes.	Pilztisch{desc}Gnomencore.	Mesa de seta{desc}Perfecta para gnomos.	Mesa de Cogumelo{desc}Perfeito para gnomos.	蘑菇桌{desc}地精的最爱。	キノコのテーブル{desc}こびと気分が味わえる。	Стол Гриб{desc}Гномий стиль.
leaves	placeable	100	5	Leaf Pile{desc}Hedgehog house.	Tas de feuilles{desc}Le refuge d'un hérisson.	Laubhaufen{desc}Das Haus eines Igels.	Montón de hojas{desc}La casita del erizo.	Amontoado de Folhas{desc}Casa de porco-espinho.	树叶堆{desc}刺猬最喜欢住在这里。	落ち葉の山{desc}ハリネズミのおうち。	Куча листьев{desc}Домик для ежика.
statueMoon	placeable	100	500	Moon Statue{desc}Stone moon.	Sculpture lunaire{desc}Une lune de pierre.	Mondstatue{desc}Ein steinerner Mond.	Estatua de la luna{desc}Luna de piedra.	Estátua de Lua{desc}Lua de pedra.	月亮雕像{desc}用石头雕成的月亮。	月の像{desc}石でできた月。	Статуя Луны{desc}Каменная луна.
statueSpirit	placeable	100	500	Ancient Spirit Statue{desc}Hey, it's that guy!	Statue d'esprit ancestral{desc}Hé, je le reconnais !	Alter-Geist-Statue{desc}Hey, das ist der Typ!	Estatua de un espíritu antiguo{desc}¡Anda, yo te conozco!	Estátua de Espírito Antigo{desc}Ei, é aquele cara!	远古精灵雕像{desc}嘿，就是这个家伙！	古代の精霊の像{desc}あ、あのコだ！	Статуя Древнего Духа{desc}Да, того самого!
cookingTrophy	placeable	100	1000	Cooking Trophy{desc}Awarded to those who are really, really good at cooking.	Trophée de chef{desc}Accordé exclusivement à ceux qui sont vraiment, vraiment doués pour la cuisine.	Kochtrophäe{desc}Erhalten Leute, die wirklich total gut im Kochen sind.	Trofeo de cocina{desc}Se le otorga a quien cocine muy muy bien.	Troféu de Culinária{desc}Para aqueles que são muito, muito bons na cozinha.	烹饪奖杯{desc}颁发给真正擅长烹饪的人。	クッキングトロフィー{desc}本当にすごく料理上手な人に与えられる。	Кулинарный Трофей{desc}Вручается тем, кто очень-очень хорошо готовит.
recycler	placeable	100	50	Recycler{desc}Turns crafted items back into their base ingredients.	Machine à Recycler{desc}Transforme les objets fabriqués en leurs ingrédients de base.	Recyclingmaschine{desc}Verwandelt hergestellte Gegenstände zurück in ihre Grundmaterialien.	Máquina De Reciclaje{desc}Convierte los objetos fabricados en sus ingredientes básicos.	Máquina De Reciclagem{desc}Transforma itens criados de volta em seus ingredientes básicos.	回收机{desc}将制作的物品还原为其基本材料。	リサイクル機{desc}作成されたアイテムを基本素材に戻します。	Станция переработки{desc}Превращает предметы в их исходные компоненты.
tokenAffection	item	100	50	Token of Affection{desc}Gift to an NPC to gain relationship points.	Marque d'affection{desc}Offre cet objet à un PNJ pour gagner des points de relation.	Zeichen der Zuneigung{desc}Schenke es einem NPC, um Beziehungspunkte zu erhalten.	Muestra de cariño{desc}Regálaselo a un PNJ para ganar puntos de relación.	Demonstração de Afeto{desc}Dê a ume PNJ para ganhar pontos de relacionamento.	情感的象征{desc}赠送给NPC以获得友情值。	愛情のトークン{desc}NPCへプレゼントすると好感度が増える。	Знак внимания{desc}Подарите кому-нибудь, чтобы получить большое количество очков отношений.
											
rugWreath	placeable	100	15	Wreath Rug{desc}A wreath for your feet(h)!	Tapis couronne{desc}Cette couronne n'est pas faite pour la tête, mais pour les pieds.	Kranz-Teppich{desc}Ein Kranz für deine Füße?	Alfombra de corona navideña{desc}¡Para que empieces con buen pie las fiestas!	Tapete de Guirlanda{desc}Enfeite pros seus pés!	花环地毯{desc}为你的脚戴上花环！	リースのじゅうたん{desc}足元用のリース！	Коврик сосновый{desc}Ёлкоукалывание для ваших ступней!
taroDecoration	placeable	100	15	Taro Decoration{desc}Near and deer.	Décoration trottignon{desc}Oh, c'est trottignon !	Flinki-Dekoration{desc}Wunderwild.	Adorno de Taro{desc}El reno de mis ojos.	Decoração de Taro{desc}Renas e mais renas.	芋头装饰{desc}很亲近，和小鹿一样。	タロの装飾{desc}たシカにシカ。	Декоративный Таро{desc}Великолепный олень.
starBig	placeable	100	15	Big Star{desc}Like you!	Grande étoile{desc}Elle est aussi brillante que toi !	Großer Stern{desc}So wie du!	Gran estrella{desc}¡Como tú!	Estrela Gigante{desc}Assim como você!	大星星{desc}和你一样闪耀！	大きな星{desc}輝く君のよう！	Большая звезда{desc}Как и ты!
cookiePlate	placeable	100	5	Plate of Cookies{desc}For chimney-visitors.	Assiette de biscuits{desc}Réservée à ceux qui descendent par la cheminée.	Plätzchenteller{desc}Für Besucher aus dem Kamin.	Plato de galletas{desc}Por si entra alguien por la chimenea.	Prato com Biscoitos{desc}Para quem gosta de descer pelas chaminés...	一盘饼干{desc}为钻烟囱的访客准备的。	一皿分のクッキー{desc}煙突から来る人へのプレゼント。	Тарелка с печеньем{desc}Для дорогих гостей.
											
sigilChalk	placeable	100	55	Sigil chalk{desc}Used to mark sigils onto the ground.	Craie sigillaire{desc}Sert à marquer l'emplacement de sceaux sur le sol.	Siegelkreide{desc}Wird benutzt, um Siegel auf den Boden zu malen.	Tiza para sellos{desc}Para dibujar sellos en el suelo.	Giz de Ritual{desc}Usado para fazer símbolos de rituais no chão.	法印粉笔{desc}用于在地面上标记法印。	しるしのチョーク{desc}地面にしるしを付けるのに使う。	Магический мелок{desc}Используется для рисования магических символов.
beacon	placeable	100	550	Beacon{desc}Used to mark locations.	Balise{desc}Sert à marquer l'emplacement de certains endroits.	Leuchtfeuer{desc}Wird benutzt, um Orte zu markieren.	Baliza{desc}Sirve para marcar ubicaciones.	Marcador{desc}Usado para marcar lugares.	信标{desc}用于标记位置。	ビーコン{desc}ロケーションにしるしを付けるのに使う。	Маяк{desc}Используется для обозначения месторасположения.
sprinkler	placeable	100	600	Sprinkler{desc}Waters the 8 adjacent tiles every morning.	Arroseur{desc}Arrose les 8 cases qui l'entourent chaque matin.	Sprenger{desc}Bewässert jeden Morgen die 8 benachbarten Felder.	Aspersor{desc}Riega las 8 casillas adyacentes cada mañana.	Irrigador{desc}Rega os 8 blocos adjacentes toda manhã.	洒水器{desc}每天早上给 8 个相邻地块浇水。	スプリンクラー{desc}毎朝となりあったタイル8枚に水をやってくれる。	Поливалка{desc}Поливает 8 соседних клеток каждое утро.
spiritBarn	placeable	100	4000	Spirit Barn{desc}A pocket dimension used to store Spirits.	Abri à esprits{desc}Dimension miniature qui permet de stocker les esprits.	Geisterscheune{desc}Eine Nebendimension, in der Geister verwahrt werden.	Establo para espíritus{desc}Dimensión de bolsillo para guardar espíritus.	Morada dos Espíritos{desc}Uma dimensão compactada usada para guardar Espíritos.	精灵棚{desc}用于存放精灵的口袋维度。	精霊の小屋{desc}精霊を格納できる小型の次元。	Амбар Духов{desc}Карманное измерение, используемое для содержания Духов.
											
moonstoneMachine	placeable	100	1000	Moonstone Machine{desc}A machine that produces one Moonstone per day.	Machine à pierres de lune{desc}Machine qui produit une pierre de lune par jour.	Mondsteinmaschine{desc}Eine Maschine, die einen Mondstein pro Tag erzeugt.	Máquina de piedras lunares{desc}Aparato que fabrica una piedra lunar al día.	Máquina de Selenita{desc}Uma máquina que produz uma Selenita por dia.	月石机器{desc}这台机器每天可生产一块月石。	ムーンストーンマシーン{desc}1日1つムーンストーンを生成する機械。	Автомат Лунного Камня{desc}Производит один Лунный Камень в день.
											
stall	placeable	100	170	Spirit Stall{desc}A stall that can house one Spirit. Food should be placed in the stall once per day. Can be placed in the Spirit Barn.	Mangeoire{desc}Une mangeoire peut accueillir un esprit. Tu dois placer de la nourriture dans la mangeoire chaque jour. Peut être placée dans l'abri à esprits.	Geisterbox{desc}Eine Stallbox, die einen Geist beherbergen kann. Einmal am Tag muss Futter in die Box gebracht werden. Kann in der Geisterscheune platziert werden.	Pesebre para espíritus{desc}Puede albergar a un espíritu. Hay que llenarlo de comida una vez al día y se puede colocar en el establo.	Comedouro dos Espíritos{desc}Um comedouro que pode abrigar um Espírito. Precisa ser abastecido uma vez ao dia. Pode ser colocado na Morada dos Espíritos.	精灵隔间{desc}一个隔间可容纳一个精灵。每天应在隔间里放一次食物。可放置在精灵棚中。	精霊房{desc}精霊1体を住まわせられる。食糧は毎日1回置いた方がいい。精霊の小屋に設置可能。	Стойло{desc}Вмещает одного Духа. В стойло необходимо класть еду раз в день. Можно разместить в Амбаре.
stallAuto	placeable	100	770	Moongrass Spirit Stall{desc}Moongrass grows without needing to be watered. Any Spirit assigned to this stall is fed automatically each day. Can be placed in the Spirit Barn.	Mangeoire à herbe de lune{desc}L'herbe de lune n'a pas besoin d'être arrosée pour pousser. Les esprits qui disposent de ce type de mangeoire sont nourris automatiquement chaque jour. Peut être placée dans l'abri à esprits.	Mondgrasgeisterbox{desc}Mondgras wächst ohne Wasser. Alle Geister, die in dieser Box sind, werden automatisch täglich gefüttert. Kann in der Geisterscheune platziert werden.	Pesebre de hierbiluna{desc}La hierbiluna crece sin tener que regarla. Este pesebre le dará de comer automáticamente al espíritu que tenga asignado todos los días. Se puede colocar en el establo.	Comedouro de Gramenita{desc}A Gramenita cresce sem precisar de rega. Qualquer Espírito designado a este comedouro é alimentado automaticamente a cada dia. Pode ser colocado na Morada dos Espíritos.	月草精灵隔间{desc}月草无需浇水即可生长。每天自动喂食分配到此隔间的精灵。可放置在精灵棚中。	ムーングラス精霊房{desc}ムーングラスが水をやらなくても育つ。この房に住んでいる精霊は、毎日自動的にエサを与えられる。精霊の小屋に設置可能。	Лунное стойло{desc}Содержит лунную траву, которая не требует полива. Любой Дух в этом стойле автоматически получает еду каждый день. Можно разместить в Амбаре.
greenhouse	placeable	100	5000	Greenhouse{desc}A pocket dimension in which crops and flowers from any season can be grown.	Serre{desc}Dimension miniature dans laquelle tu peux faire pousser des cultures de n'importe quelle saison.	Gewächshaus{desc}Eine Nebendimension, in der Pflanzen und Blumen jeder Jahreszeit wachsen können.	Invernadero{desc}Dimensión de bolsillo para plantar cultivos y flores de cualquier estación.	Estufa{desc}Uma dimensão compactada onde as colheitas e flores de qualquer estação podem ser cultivadas.	温室{desc}一个可以种植任何季节的作物和花卉的口袋维度。	温室{desc}すべての季節の作物や花が育てられる、小型の次元。	Теплица{desc}Карманное измерение, в котором можно выращивать растения и цветы из любого сезона.
											
mirror	placeable	100	500	Mirror of Introspection{desc}Used to view the skill tree.	Miroir d'introspection{desc}Sert à consulter l'arbre des compétences.	Spiegel der Selbstreflexion{desc}Wird benutzt, um den Fähigkeitsbaum anzusehen.	Espejo introspectivo{desc}Sirve para ver el árbol de habilidades.	Espelho da Introspecção{desc}Usado para visualizar a árvore de habilidades.	内省之镜{desc}用于查看技能树。	内省の鏡{desc}スキルツリーを確認できる。	Зеркало самолюбования{desc}Используется для просмотра дерева навыков.
											
pathWood	placeable	100	10	Wooden Path{desc}Place on the ground to create a wooden path.	Chemin en bois{desc}Place-le sur le sol pour créer un chemin en bois.	Holzweg{desc}Platziere ihn auf dem Boden, um einen Weg aus Holz zu bauen.	Sendero de madera{desc}Se coloca en el suelo para crear un sendero de madera.	Caminho de Madeira{desc}Coloque no chão para criar um caminho de madeira.	木头路{desc}放置在地面上以新建木头路。	木の小道{desc}地面に設置すれば木の小道を作れる。	Деревянная дорожка{desc}Разместите на земле, чтобы создать деревянную дорожку.
pathStone	placeable	100	10	Stone Path{desc}Place on the ground to create a stone path.	Chemin en pierre{desc}Place-le sur le sol pour créer un chemin en pierre.	Steinweg{desc}Platziere ihn auf dem Boden, um einen Weg aus Stein zu bauen.	Sendero de piedra{desc}Se coloca en el suelo para crear un sendero de piedra.	Caminho de Pedra{desc}Coloque no chão para criar um caminho de pedra.	石头路{desc}放置在地面上以新建石头路。	石の小道{desc}地面に設置すれば石の小道を作れる。	Каменная дорожка{desc}Разместите на земле, чтобы создать каменную дорожку.
											
nest	placeable	100	20	Spirit Nest{desc}Used to hatch an egg. Place in an empty stall.	Nid à esprit{desc}Sert à faire éclore un œuf. Place-le devant une mangeoire vide.	Geisternest{desc}Wird benutzt, um ein Ei auszubrüten. Platziere es in einer leeren Box.	Espirinido{desc}Sirve para incubar un huevo. Colócalo en un pesebre vacío.	Ninho de Espírito{desc}Usado para chocar um ovo. Coloque em um comedouro vazio.	精灵巢{desc}用于孵蛋。放置在空隔间中。	精霊の巣{desc}タマゴをふ化させられる。空いている房に設置しよう。	Гнездо Духов{desc}Используется для высиживания яйца. Разместите в пустом стойле.
eggDark	placeable	1	10	Dark Spirit Egg{desc}Place in a nest in an empty stall. Will hatch in several days.	Œuf d'esprit ténébreux{desc}Place-le dans un nid devant une mangeoire vide. Éclora au bout de quelques jours.	Dunkelgeisterei{desc}Platziere es in einem Nest in einer leeren Box. Wird in mehreren Tagen ausgebrütet.	Espirihuevo oscuro{desc}Ponlo en un nido dentro de un pesebre vacío. Tardará varios días en eclosionar.	Ovo de Espírito Sombrio{desc}Coloque em um ninho em um comedouro vazio. Chocará em alguns dias.	黑暗精灵蛋{desc}放置在精灵巢里的空隔间中。将在几天内孵化。	やみの精霊のタマゴ{desc}空いている房の巣に置こう。数日でふ化する。	Тёмное Яйцо{desc}Поместите в гнездо в пустом стойле. Вылупится через несколько дней.
eggPoison	placeable	1	10	Poison Spirit Egg{desc}Place in a nest in an empty stall. Will hatch in several days.	Œuf d'esprit de poison{desc}Place-le dans un nid devant une mangeoire vide. Éclora au bout de quelques jours.	Giftgeisterei{desc}Platziere es in einem Nest in einer leeren Box. Wird in mehreren Tagen ausgebrütet.	Espirihuevo venenoso{desc}Ponlo en un nido dentro de un pesebre vacío. Tardará varios días en eclosionar.	Ovo de Espírito do Veneno{desc}Coloque em um ninho em um comedouro vazio. Chocará em alguns dias.	毒精灵蛋{desc}放置在精灵巢里的空隔间中。将在几天内孵化。	どくの精霊のタマゴ{desc}空いている房の巣に置こう。数日でふ化する。	Ядовитое Яйцо{desc}Поместите в гнездо в пустом стойле. Вылупится через несколько дней.
eggEarth	placeable	1	10	Earth Spirit Egg{desc}Place in a nest in an empty stall. Will hatch in several days.	Œuf d'esprit de terre{desc}Place-le dans un nid devant une mangeoire vide. Éclora au bout de quelques jours.	Erdgeisterei{desc}Platziere es in einem Nest einer leeren Box. Wird in mehreren Tagen ausgebrütet.	Espirihuevo de tierra{desc}Ponlo en un nido dentro de un pesebre vacío. Tardará varios días en eclosionar.	Ovo de Espírito da Terra{desc}Coloque em um ninho em um comedouro vazio. Chocará em alguns dias.	土精灵蛋{desc}放置在精灵巢里的空隔间中。将在几天内孵化。	つちの精霊のタマゴ{desc}空いている房の巣に置こう。数日でふ化する。	Земляное Яйцо{desc}Поместите в гнездо в пустом стойле. Вылупится через несколько дней.
eggElectric	placeable	1	10	Electric Spirit Egg{desc}Place in a nest in an empty stall. Will hatch in several days.	Œuf d'esprit électrique{desc}Place-le dans un nid devant une mangeoire vide. Éclora au bout de quelques jours.	Elektrogeisterei{desc}Platziere es in einem Nest in einer leeren Box. Wird in mehreren Tagen ausgebrütet.	Espirihuevo eléctrico{desc}Ponlo en un nido dentro de un pesebre vacío. Tardará varios días en eclosionar.	Ovo de Espírito Elétrico{desc}Coloque em um ninho em um comedouro vazio. Chocará em alguns dias.	带电精灵蛋{desc}放置在精灵巢里的空隔间中。将在几天内孵化。	でんきの精霊のタマゴ{desc}空いている房の巣に置こう。数日でふ化する。	Электро Яйцо{desc}Поместите в гнездо в пустом стойле. Вылупится через несколько дней.
eggFire	placeable	1	10	Fire Spirit Egg{desc}Place in a nest in an empty stall. Will hatch in several days.	Œuf d'esprit de feu{desc}Place-le dans un nid devant une mangeoire vide. Éclora au bout de quelques jours.	Feuergeisterei{desc}Platziere es in einem Nest in einer leeren Box. Wird in mehreren Tagen ausgebrütet.	Espirihuevo de fuego{desc}Ponlo en un nido dentro de un pesebre vacío. Tardará varios días en eclosionar.	Ovo de Espírito do Fogo{desc}Coloque em um ninho em um comedouro vazio. Chocará em alguns dias.	火焰精灵蛋{desc}放置在精灵巢里的空隔间中。将在几天内孵化。	ほのおの精霊のタマゴ{desc}空いている房の巣に置こう。数日でふ化する。	Огненное Яйцо{desc}Поместите в гнездо в пустом стойле. Вылупится через несколько дней.
eggIce	placeable	1	10	Ice Spirit Egg{desc}Place in a nest in an empty stall. Will hatch in several days.	Œuf d'esprit de glace{desc}Place-le dans un nid devant une mangeoire vide. Éclora au bout de quelques jours.	Eisgeisterei{desc}Platziere es in einem Nest in einer leeren Box. Wird in mehreren Tagen ausgebrütet.	Espirihuevo de hielo{desc}Ponlo en un nido dentro de un pesebre vacío. Tardará varios días en eclosionar.	Ovo de Espírito do Gelo{desc}Coloque em um ninho em um comedouro vazio. Chocará em alguns dias.	冰冻精灵蛋{desc}放置在精灵巢里的空隔间中。将在几天内孵化。	こおりの精霊のタマゴ{desc}空いている房の巣に置こう。数日でふ化する。	Ледяное Яйцо{desc}Поместите в гнездо в пустом стойле. Вылупится через несколько дней.
eggPsychic	placeable	1	10	Psychic Spirit Egg{desc}Place in a nest in an empty stall. Will hatch in several days.	Œuf d'esprit psychique{desc}Place-le dans un nid devant une mangeoire vide. Éclora au bout de quelques jours.	Psychogeisterei{desc}Platziere es in einem Nest in einer leeren Box. Wird in mehreren Tagen ausgebrütet.	Espirihuevo psíquico{desc}Ponlo en un nido dentro de un pesebre vacío. Tardará varios días en eclosionar.	Ovo de Espírito Paranormal{desc}Coloque em um ninho em um comedouro vazio. Chocará em alguns dias.	通灵精灵蛋{desc}放置在精灵巢里的空隔间中。将在几天内孵化。	エスパーの精霊のタマゴ{desc}空いている房の巣に置こう。数日でふ化する。	Магическое Яйцо{desc}Поместите в гнездо в пустом стойле. Вылупится через несколько дней.
eggWater	placeable	1	10	Water Spirit Egg{desc}Place in a nest in an empty stall. Will hatch in several days.	Œuf d'esprit d'eau{desc}Place-le dans un nid devant une mangeoire vide. Éclora au bout de quelques jours.	Wassergeisterei{desc}Platziere es in einem Nest in einer leeren Box. Wird in mehreren Tagen ausgebrütet.	Espirihuevo de agua{desc}Ponlo en un nido dentro de un pesebre vacío. Tardará varios días en eclosionar.	Ovo de Espírito da Água{desc}Coloque em um ninho em um comedouro vazio. Chocará em alguns dias.	水精灵蛋{desc}放置在精灵巢里的空隔间中。将在几天内孵化。	みずの精霊のタマゴ{desc}空いている房の巣に置こう。数日でふ化する。	Водяное Яйцо{desc}Поместите в гнездо в пустом стойле. Вылупится через несколько дней.
eggSpecial	placeable	1	10	Special Egg{desc}A gift from the ancient Spirit of the Spring. Perhaps it contains a Spirit from the Old Kingdom...? Place in a nest in an empty stall. Will hatch in several days.	Œuf spécial{desc}Un cadeau de l'esprit ancestral de la source. Il contient peut-être un esprit de l'ancien royaume ?	Besonderes Ei{desc}Ein Geschenk vom alten Geist der Quelle. Vielleicht enthält es einen Geist aus dem alten Königreich?	Huevo especial{desc}Un regalo del antiguo Espíritu Termal. A lo mejor contiene un espíritu del viejo reino...	Ovo Especial{desc}Um presente do antigo Espírito da Primavera. Talvez ele contenha um Espírito do Reino Antigo...?	特殊的蛋{desc}远古春之精灵送来的礼物。也许能孵化出来自旧王国的精灵……？	特別なタマゴ{desc}古代の春の精霊からの贈り物。いにしえの王国の精霊が入っているかも…？	Особое Яйцо{desc}Подарок от древнего Духа Весны. Возможно, в нём заключён Дух Старого Королевства...?
											
plantTiny	placeable	100	5	Tiny Plant{desc}Is small.	Plante minuscule{desc}Toute petite.	Kleine Pflanze{desc}Sehr klein.	Miniplanta{desc}Es pequeña.	Miniplanta{desc}Pequenininha.	小小植{desc}个头很小。	小さな植物{desc}小さい。	Растение Маленькое{desc}Небольшое.
plantFisherman	placeable	100	10	Ficus Plant{desc}Peaceful.	Ficus{desc}Apaisant.	Benjamini{desc}Friedlich.	Ficus{desc}Da mucha paz.	Figueira{desc}Uma paz só.	无花果{desc}平静安详。	イチジク{desc}平穏。	Растение Фикус{desc}Спокойное.
plantHistorian	placeable	100	10	Heliconia Plant{desc}Tropical.	Heliconia{desc}Tropical.	Helikonie{desc}Tropisch.	Heliconia{desc}Tropical.	Helicônia{desc}Tropical.	蝎尾蕉{desc}热带植物。	ヘリコニア{desc}熱帯の植物。	Растение Геликония{desc}Тропическое.
plantHanging	placeable	100	10	Hanging Plant{desc}Hangs.	Plante suspendue{desc}Tombante.	Hängepflanze{desc}Hängt ab.	Planta colgante{desc}Cuelga.	Planta Pendente{desc}Pende.	悬挂植物{desc}挂起来。	ハンギングプラント{desc}吊ろう。	Растение Подвесное{desc}Висит.
plantIvy	placeable	100	10	Ivy Plant{desc}Long.	Lierre{desc}Grimpant.	Efeu{desc}Lang.	Hiedra{desc}Larga.	Trepadeira{desc}Comprida.	常春藤{desc}长长的。	ツタ{desc}長い。	Растение Плющ{desc}Длинное.
plantPurpleHeart	placeable	100	100	Purple Heart Plant{desc}Vibrant.	Misère pourpre{desc}Misère, misère !	Dreimasterblume{desc}Lebhaft.	Purpurina{desc}Deslumbrante.	Coração-Roxo{desc}Vibrante.	紫心木{desc}充满活力。	ムラサキゴテン{desc}鮮やか。	Растение Фиолетовое Сердце{desc}Красочное.
plantDaisy	placeable	100	100	Daisy Plant{desc}Cute.	Pâquerette{desc}Mignonne.	Gänseblume{desc}Süß.	Margarita{desc}Bonita.	Margarida{desc}Fofa.	雏菊{desc}可爱。	デイジー{desc}かわいい。	Растение Маргаритка{desc}Милое.
plantZanzibarGem	placeable	100	100	Zanzibar Gem Plant{desc}Leafy.	Zamioculcas{desc}Feuillu.	Glücksfeder{desc}Blättrig.	Zamioculca{desc}Frondosa.	Folha-da-Fortuna{desc}Folhuda.	金钱树{desc}多叶。	ザミオクルカス{desc}緑豊か。	Растение Занзибарский Камень{desc}Многолистное.
plantViolet	placeable	100	100	Violet Plant{desc}Floral.	Violette{desc}Florale.	Veilchen{desc}Blumig.	Violeta{desc}Floreada.	Violeta{desc}Floral.	紫罗兰{desc}花团锦簇。	スミレ{desc}フローラル。	Растение Фиалка{desc}Цветочное.
plantColeus	placeable	100	100	Coleus Plant{desc}Bright.	Coléus{desc}Coloré.	Buntnessel{desc}Knallig.	Cretona{desc}Brillante.	Coração-Magoado{desc}Brilhante.	鸢尾草{desc}明亮。	コリウス{desc}明るい。	Растение Колеус{desc}Яркое.
plantRubber	placeable	100	100	Rubber Plant{desc}Sturdy.	Caoutchouc{desc}Résistant.	Gummibaum{desc}Fest.	Árbol del caucho{desc}Robusto.	Árvore-da-Borracha{desc}Robusta.	橡胶植物{desc}壮实。	ゴムノキ{desc}頑丈。	Растение Каучуковое{desc}Крепкое.
plantMonstera	placeable	100	100	Monstera Plant{desc}Friendly.	Faux philodendron{desc}Facile à entretenir.	Fensterblatt{desc}Freundlich.	Cerimán{desc}Simpático.	Costela-de-Adão{desc}Receptiva.	龟背竹{desc}友善。	ホウライショウ{desc}育てやすい。	Растение Монстера{desc}Дружелюбное.
plantVinca	placeable	100	100	Vinca Plant{desc}Pretty.	Pervenche{desc}Élégante.	Immergrün{desc}Hübsch.	Vinca{desc}Bonita.	Vinca{desc}Bonita.	长春花{desc}漂亮。	ビンカ{desc}ステキ。	Растение Винка{desc}Красивое.
plantJade	placeable	100	100	Jade Plant{desc}Hardy.	Arbre de Jade{desc}Résistant au gel.	Geldbaum{desc}Winterfest.	Árbol de jade{desc}Fuerte.	Planta Jade{desc}Firme.	翡翠木{desc}耐寒。	ジェイダ{desc}耐寒性。	Растение Денежное Дерево{desc}Успешное.
plantLily	placeable	100	100	Lily Plant{desc}Delicate.	Lys{desc}Délicat.	Lilie{desc}Zart.	Lirio{desc}Delicado.	Lírio{desc}Delicado.	百合{desc}娇嫩。	ユリ{desc}繊細。	Растение Лилия{desc}Нежное.
plantHydrangea	placeable	100	100	Hydrangea Plant{desc}Fragrant.	Hortensia{desc}Odorant.	Hortensie{desc}Duftend.	Hortensia{desc}Aromática.	Hortênsia{desc}Cheirosa.	绣球花{desc}芳香扑鼻。	アジサイ{desc}いい香り。	Растение Гортензия{desc}Ароматное.
plantHydrangeaPlanter	placeable	100	100	Hydrangea Planter{desc}For planting hydrangeas.	Jardinière à hortensias{desc}Pour planter des hortensias.	Hortensientopf{desc}Zum Pflanzen von Hortensien.	Maceta de hortensias{desc}Para plantar hortensias.	Vaso de Hortênsias{desc}Pra plantar hortênsias.	绣球花种植盆{desc}用于种植绣球花。	アジサイのプランター{desc}アジサイを植えられる。	Кашпо для Гортензий{desc}Для посадки гортензий.
plantFlytrap	placeable	100	100	Venus Flytrap{desc}Feed me.	Dionée attrape-mouche{desc}Elle a faim.	Venusfliegenfalle{desc}Füttere mich!	Venus atrapamoscas{desc}Dame de comer.	Planta Carnívora{desc}Me alimente.	捕蝇草{desc}快喂我。	ハエトリグサ{desc}食べさせて。	Венерина Мухоловка{desc}Покорми меня.
											
customFloorTile	placeable	100	10	Custom Floor Tile{desc}Floor tile with a custom image.	Dalle de sol personnalisée{desc}Dalle de sol ornée d'une image personnalisée.	Eigenes Bodenstück{desc}Bodenstück mit eigenem Muster.	Baldosa personalizada{desc}Baldosa con una imagen personalizada.	Placa de Piso Personalizada{desc}Placa de piso com uma imagem personalizada.	自定义地块材料{desc}带有自定义图像的地块材料。	フロアタイル（カスタム）{desc}カスタムイメージのフロアタイル。	Дизайнерская плитка{desc}Напольная плитка со своим изображением.
customWallpaper	placeable	100	10	Custom Wallpaper{desc}Wall tile with a custom image.	Papier peint personnalisé{desc}Bande de papier peint ornée d'une image personnalisée.	Eigene Tapete{desc}Wandstück mit eigenem Muster.	Papel pintado personalizado{desc}Azulejo con una imagen personalizada.	Papel de Parede Personalizado{desc}Azulejo com uma imagem personalizada.	自定义墙纸{desc}带有自定义图像的墙纸。	壁紙（カスタム）{desc}カスタムイメージの壁タイル。	Дизайнерские обои{desc}Обои на стену со своим изображением.
											
											
homeTent	placeable	100	1000	Alchemist Tent{desc}A tent containing a pocket-dimension that can be turned into a home.	Tente d'alchimiste{desc}Tente qui contient une dimension miniature pouvant être transformée en maison.	Alchemistenzelt{desc}Ein Zelt mit einer Nebendimension, die in ein richtiges Zuhause verwandelt werden kann.	Tienda de alquimista{desc}Contiene una dimensión de bolsillo y puedes convertirla en tu hogar.	Barraca de Alquimista{desc}Uma barraca contendo uma dimensão compactada que pode ser transformada em um lar.	魔法师帐篷{desc}帐篷内有口袋维度，可以变为住家。	錬金術師のテント{desc}家にできる小型次元を含むテント。	Шатёр Алхимика{desc}Шатёр, открывающий вход в карманное измерение, в котором можно жить.
homeCabin	placeable	100	1000	Alchemist Cabin{desc}A cozy cabin containing a pocket-dimension that can be turned into a home.	Cabane d'alchimiste{desc}Cabane confortable qui contient une dimension miniature pouvant être transformée en maison.	Alchemistenhütte{desc}Eine gemütliche Hütte mit einer Nebendimension, die in ein richtiges Zuhause verwandelt werden kann.	Cabaña de alquimista{desc}Esta acogedora cabaña contiene una dimensión de bolsillo y puedes convertirla en tu hogar.	Cabana de Alquimista{desc}Uma cabana aconchegante contendo uma dimensão compactada que pode ser transformada em um lar.	魔法师小屋{desc}小屋内有口袋维度，可以变为住家。	錬金術師の小屋{desc}家にできる小型次元を含む、快適な小屋。	Хижина Алхимика{desc}Уютная хижина, открывающая вход в карманное измерение, в котором можно жить.
homeFancy	placeable	100	1000	Fancy Alchemist House{desc}A fancy house containing a pocket-dimension that can be turned into a home.	Demeure d'alchimiste{desc}Jolie demeure qui contient une dimension miniature pouvant être transformée en maison.	Großes Alchemistenhaus{desc}Ein schickes Haus mit einer Nebendimension, die in ein richtiges Zuhause verwandelt werden kann.	Mansión de alquimista{desc}Esta casa de lujo contiene una dimensión de bolsillo y puedes convertirla en tu hogar.	Casa Chique de Alquimista{desc}Uma casa sofisticada contendo uma dimensão compactada que pode ser transformada em um lar.	豪华魔法师房屋{desc}豪华房屋内有口袋维度，可以变为住家。	オシャレな錬金術師の家{desc}家にできる小型次元を含む、オシャレな家屋。	Роскошный Дом Алхимика{desc}Роскошнная резиденция, открывающая вход в карманное измерение, в котором можно жить.
homeScienceCenter	placeable	100	1000	Science Center Home{desc}A house modeled after Zed's place containing a pocket-dimension that can be turned into a home.	Labo aménagé{desc}Logement qui s'inspire du domicile de Zed et contient une dimension miniature pouvant être transformée en maison.	Forschungszentrum{desc}Ein Haus, das Zeds Zuhause nachempfunden ist und eine Nebendimension enthält, die in ein richtiges Zuhause verwandelt werden kann.	Casa centro científico{desc}Inspirada en la casa de Zed. Contiene una dimensión de bolsillo y puedes convertirla en tu hogar.	Casa Centro de Ciências{desc}Uma casa inspirada no Centro de Ciências de Zed contendo uma dimensão compactada que pode ser transformada em um lar.	科学中心之家{desc}以泽德家为原型的房屋，内有口袋维度，可以变为住家。	科学センター的な家{desc}家にできる小型次元を含む、ゼッドの家をモデルにした家屋。	Дом Науки{desc}Дом, построенный по образцу дома Зетта, открывающий вход в карманное измерение, в котором можно жить.
homeTreeFort	placeable	100	1000	Tree Fort{desc}A home in a tree containing a pocket-dimension that can be turned into a home.	Cabane dans un arbre{desc}Cabane dans un arbre qui contient une dimension miniature pouvant être transformée en maison.	Baumhaus{desc}Ein Baumhaus mit einer Nebendimension, die in ein richtiges Zuhause verwandelt werden kann.	Casa del árbol{desc}Esta casa construida en un árbol contiene una dimensión de bolsillo y puedes convertirla en tu hogar.	Forte na Árvore{desc}Um forte em uma árvore contendo uma dimensão compactada que pode ser transformada em um lar.	树屋堡{desc}一座树上堡垒，内有口袋维度，可以变为住家。	木のとりで{desc}家にできる小型次元を含む、木に作ったとりで。	Форт на дереве{desc}Дом на дереве, содержащий карманное измерение, в котором можно жить.
homeTower	placeable	100	1000	Alchemist Tower{desc}A towering abode for a budding alchemist containing a pocket-dimension that can be turned into a home.	Tour d'alchimiste{desc}Imposante demeure pour les alchimistes en herbe qui contient une dimension miniature pouvant être transformée en maison.	Alchemistenturm{desc}Eine hohe Bleibe für einen aufstrebenden Alchemisten mit einer Nebendimension, die in ein richtiges Zuhause verwandelt werden kann.	Torre de alquimista{desc}Esta atalaya para alquimistas en ciernes contiene una dimensión de bolsillo y puedes convertirla en tu hogar.	Torre de Alquimista{desc}Uma torre elevada para alquimistas em ascensão contendo uma dimensão compactada que pode ser transformada em um lar.	魔法师塔楼{desc}给崭露头角的魔法师居住的塔楼，内有口袋维度，可以变为住家。	錬金術師の塔{desc}家にできる小型次元を含む、新進気鋭の錬金術師用の高くそびえる住居。	Башня Алхимика{desc}Небольшой небоскрёб для начинающего алхимика, содержащий карманное измерение, в котором можно жить.
homeHaunted	placeable	100	1000	Haunted House{desc}A spooky home containing a pocket-dimension that can be turned into a home.	Manoir hanté{desc}Résidence effrayante qui contient une dimension miniature pouvant être transformée en maison.	Spukhaus{desc}Ein unheimliches Haus mit einer Nebendimension, die in ein richtiges Zuhause verwandelt werden kann.	Mansión encantada{desc}Esta espeluznante residencia contiene una dimensión de bolsillo y puedes convertirla en tu hogar.	Casa Assombrada{desc}Uma moradia assustadora contendo uma dimensão compactada que pode ser transformada em um lar.	鬼屋{desc}阴森恐怖的住所，内有口袋维度，可以变为住家。	オバケ屋敷{desc}家にできる小型次元を含む、オバケが出そうな住居。	Дом с Привидениями{desc}Жуткое обиталище, содержащее карманное измерение, в котором можно жить.
homeLighthouse	placeable	100	1000	Lighthouse{desc}A nautical dwelling containing a pocket-dimension that can be turned into a home.	Phare{desc}Habitation maritime qui contient une dimension miniature pouvant être transformée en maison.	Leuchtturm{desc}Ein Heim in Wassernähe mit einer Nebendimension, die in ein richtiges Zuhause verwandelt werden kann.	Faro{desc}Esta residencia náutica contiene una dimensión de bolsillo y puedes convertirla en tu hogar.	Farol{desc}Uma habitação náutica contendo uma dimensão compactada que pode ser transformada em um lar.	灯塔{desc}一处海上居所，内有口袋维度，可以变为住家。	灯台{desc}家にできる小型次元を含む、海洋住居。	Маяк{desc}Морская башня, содержащая карманное измерение, в котором можно жить.
homePumpkin	placeable	100	1000	Carved Pumpkin House{desc}Pumpkin Spice Lodging containing a pocket-dimension that can be turned into a home.	Maison citrouille sculptée{desc}Un logement tout orange.	Kürbishaus{desc}Eine kürbismäßige Behausung.	Casa calabaza tallada{desc}Alojamiento con sabor a calabaza.	Casa de Abóbora Esculpida{desc}Alojamento com Especiarias de Abóbora.	雕刻南瓜屋{desc}南瓜风味住所。	くり抜きパンプキンの家{desc}カボチャのスパイス漂うおうち。	Дом-Тыква{desc}Уютная хатка с ароматом тыквенных специй, содержащая карманное измерение, в котором можно жить.
homeSnowman	placeable	100	1000	Snowman House{desc}Won't melt. Probably. Contains a pocket-dimension that can be turned into a home.	Maison bonhomme de neige{desc}Elle ne peut pas fondre. Enfin, normalement...	Schneemannhaus{desc}Wird nicht schmelzen. Höchstwahrscheinlich.	Casa muñeco de nieve{desc}No se derrite. O a lo mejor sí.	Casa de Boneco de Neve{desc}Não vai derreter. Quase certeza.	雪人屋{desc}应该是不会融化哒。	雪だるまハウス{desc}とけないはず。たぶん。	Дом-Снеговик{desc}Не растает. Наверное. Содержит карманное измерение, в котором можно жить.
homeGingerbread	placeable	100	1000	Gingerbread House{desc}A Delicious domicile containing a pocket-dimension that can be turned into a home.	Maison en pain d'épices{desc}Un délicieux domicile.	Lebkuchenhaus{desc}Zum Anbeißen schön.	Casita de jengibre{desc}Un domicilio delicioso.	Casa de Biscoito{desc}Um domicílio delicioso.	姜饼屋{desc}美味的住所。	ジンジャーブレッドハウス{desc}美味しいおうち。	Пряничный Дом{desc}Вкусное владение, содержащее карманное измерение, в котором можно жить.
homeHeart	placeable	100	1000	Heart House{desc}Atrium accommodation. Contains a pocket-dimension that can be turned into a home.	Maison en forme de cœur{desc}Un logement propice aux histoires de cœur. Contient une dimension miniature pouvant être transformée en maison.	Herzhaus{desc}Der Vorhof. Enthält eine Nebendimension, die in ein richtiges Zuhause verwandelt werden kann.	Casa de corazón{desc}Una casa cardiocuqui. Contiene una dimensión de bolsillo y puedes convertirla en tu hogar.	Casa de Coração{desc}Uma casinha de coração. Contém uma dimensão compacta que pode ser transformada num lar.	心形屋{desc}这座心房内含一个口袋维度，可以打造成住家。	ハートの家{desc}アトリウムな住まい。家にできる小型次元を含む。	Сердечный Дом{desc}Любовное бунгало. Содержит карманное измерение, в котором можно жить.
homeLovebird	placeable	100	1000	Lovebird House{desc}Your nest. Contains a pocket-dimension that can be turned into a home.	Maison-nichoir{desc}Ton petit nid d'amour. Contient une dimension miniature pouvant être transformée en maison.	Vogelhaus{desc}Dein Liebesnest. Enthält eine Nebendimension, die in ein richtiges Zuhause verwandelt werden kann.	Casa de tortolitos{desc}Tu nidito. Contiene una dimensión de bolsillo y puedes convertirla en tu hogar.	Casa dos Apaixonados{desc}Seu ninho. Contém uma dimensão compacta que pode ser transformada num lar.	爱巢屋{desc}这个爱巢内含一个口袋维度，可以打造成住家。	おしどりの家{desc}あなたの巣。家にできる小型次元を含む。	Дом для Влюбленных{desc}Ваше гнездышко. Содержит карманное измерение, в котором можно жить.
homeHat	placeable	100	1000	Magic Hat House{desc}Hat habitat. Contains a pocket-dimension that can be turned into a home.	Maison chapeau magique{desc}Chaumière en forme de chapeau. Contient une dimension miniature pouvant être transformée en maison.	Zauberhuthaus{desc}Ein Hut zum Wohnen. Enthält eine Nebendimension, die in ein richtiges Zuhause verwandelt werden kann.	Casa de sombrero mágico{desc}Residencia con forma de sombrero. Contiene una dimensión de bolsillo y puedes convertirla en tu hogar.	Casa de Chapéu Mágico.{desc}Casa de chapéu. Contém uma dimensão compacta que pode ser transformada num lar.	魔法帽小屋{desc}帽子的栖息地。内含一个口袋维度，可以打造成住家。	魔法の帽子の家{desc}ハッとする住まい。家にできる小型次元を含む。	Дом-Шляпа{desc}Дом в шляпе. Содержит карманное измерение, в котором можно жить.
homeFishbowl	placeable	100	1000	Fishbowl House{desc}Fishbo lyfe. Contains a pocket-dimension that can be turned into a home.	Maison bocal{desc}On s'y sent comme un poisson dans l'eau. Contient une dimension miniature pouvant être transformée en maison.	Fischglashaus{desc}Goldfischleben. Enthält eine Nebendimension, die in ein richtiges Zuhause verwandelt werden kann.	Casa pecera{desc}Con Fishbo incluido. Contiene una dimensión de bolsillo y puedes convertirla en tu hogar.	Casa do Fishbo{desc}V1d4 de F1shb0. Contém uma dimensão compacta que pode ser transformada num lar.	鱼缸小屋{desc}囊括了菲什博的一生。内含一个口袋维度，可以打造成住家。	金魚鉢の家{desc}これでフィッシュボーな生活。家にできる小型次元を含む。	Дом-Аквариум{desc}Почувствуй себя Фишбо! Содержит карманное измерение, в котором можно жить.
homeBakery	placeable	100	1000	Bakery House Exterior{desc}Fresh-baked abode. Contains a pocket-dimension that can be turned into a home.	Maison boulangerie{desc}Un logement gourmand. Contient une dimension miniature pouvant être transformée en maison.	Bäckerei{desc}Frisch gebackene Wohnung. Enthält eine Nebendimension, die in ein richtiges Zuhause verwandelt werden kann.	Panadería{desc}Residencia recién horneada. Contiene una dimensión de bolsillo y puedes convertirla en tu hogar.	Casa de Padaria{desc}Uma casinha que acabou de sair do forno. Contém uma dimensão compacta que pode ser transformada num lar.	烘培屋{desc}新鲜出炉的住所。这个爱巢内含一个口袋维度，可以打造成住家。	ベーカリーの家{desc}焼きたてホヤホヤな住居。家にできる小型次元を含む。	Домик кондитера{desc}Жилище свежей выпечки. Содержит карманное измерение, в котором можно жить.
homeHotel	placeable	100	1000	Hotel House Exterior{desc}Home away from home...home. Contains a pocket-dimension that can be turned into a home.	Maison hôtel{desc}À ne pas confondre avec un autel. Contient une dimension miniature pouvant être transformée en maison.	Hotel{desc}Zuhause weit weg von zu Hause. Enthält eine Nebendimension, die in ein richtiges Zuhause verwandelt werden kann.	Hotel{desc}Te sentirás como en casa... porque lo es. Contiene una dimensión de bolsillo y puedes convertirla en tu hogar.	Casa de Hotel{desc}Um lar para além do próprio... lar. Contém uma dimensão compacta que pode ser transformada num lar.	酒店住宅{desc}远离家的……另一个家。这个爱巢内含一个口袋维度，可以打造成住家。	ホテルの家{desc}第二の我が家… な家。家にできる小型次元を含む。	Дом-Отель{desc}Дом вдали от дома... Содержит карманное измерение, в котором можно жить.
homeMushroom	placeable	100	1000	Mushroom House{desc}So mush room inside. Contains a pocket-dimension that can be turned into a home.	Maison champignon{desc}Truffe-la de décorations. Contient une dimension miniature pouvant être transformée en maison.	Pilzhaus{desc}So fungi Platz. Enthält eine Nebendimension, die in ein richtiges Zuhause verwandelt werden kann.	Casa seta{desc}Una ca-seta muy espaciosa por dentro. Contiene una dimensión de bolsillo y puedes convertirla en tu hogar.	Casa de Cogumelo{desc}Um cogumelo para chamar de seu! Contém uma dimensão compacta que pode ser transformada num lar.	蘑菇屋{desc}里面有好多好多房间。内含一个口袋维度，可以打造成住家。	キノコの家{desc}中には部屋がたくさん。家にできる小型次元を含む。	Дом-Гриб{desc}Нет, это не галлюцинация!  Дом-гриб содержит карманное измерение, в котором можно жить.
homePresent	placeable	100	1000	Present House{desc}Comes pre-decorated. Contains a pocket-dimension that can be turned into a home.	Maison cadeau{desc}Elle est déjà décorée. Contient une dimension miniature pouvant être transformée en maison.	Geschenkehaus{desc}Kommt bereits geschmückt. Enthält eine Nebendimension, die in ein richtiges Zuhause verwandelt werden kann.	Casa regalo{desc}Con adornos incluidos. Contiene una dimensión de bolsillo y puedes convertirla en tu hogar.	Casa de Presentes{desc}Já vem decorada. Contém uma dimensão compacta que pode ser transformada num lar.	目前的家{desc}预先装饰好了。内含一个口袋维度，可以打造成住家。	プレゼントの家{desc}あらかじめ装飾済み。家にできる小型次元を含む。	Дом-Подарок{desc}Красив снаружи и внутри! Содержит карманное измерение, в котором можно жить.
greenhouseSmall	placeable	100	1000	Small Greenhouse{desc}A pocket dimension in which crops and flowers from any season can be grown. Except this one's just little.	Petite serre{desc}Dimension miniature dans laquelle peuvent pousser les fleurs et cultures de toutes les saisons. Elle est juste plus petite !	Kleines Gewächshaus{desc}Eine Nebendimension, in der Pflanzen und Blumen jeder Jahreszeit wachsen können. Diese ist nur klein.	Invernadero pequeño{desc}Una dimensión de bolsillo para plantar cultivos y flores de cualquier estación. Eso sí, este es pequeño.	Estufa Pequena{desc}Uma dimensão compactada onde as colheitas e flores de qualquer estação podem ser cultivadas. Só que essa é pequena.	小温室{desc}一个可以种植任何季节的作物和花卉的口袋维度。只不过这间温室有点小。	小さな温室{desc}すべての季節の作物や花が育てられる、小型の次元。ただし、サイズはちょっと小さめ。	Маленькая Теплица{desc}Карманное измерение, где можно вырастить растения и цветы любого сезона. Только миниатюрная.
spiritBarnMushroom	placeable	100	1000	Mushroom Barn{desc}A pocket dimension used to store Spirits. Shaped like a big mushroom!	Abri champignon{desc}Dimension miniature qui ressemble à un gros champignon et permet de stocker des esprits.	Pilzscheune{desc}Eine Nebendimension, in der Geister verwahrt werden. Hat die Form eines großen Pilzes!	Establo de seta{desc}Una dimensión de bolsillo para guardar espíritus con forma de seta gigante.	Morada de Cogumelo{desc}Uma dimensão compactada usada para armazenar Espíritos. Tem o formato de um cogumelo gigante!	蘑菇棚{desc}用于存放精灵的口袋维度。形状像一个大蘑菇！	キノコの小屋{desc}精霊を格納できる小型の次元。大きなキノコみたいな形！	Амбар-Гриб{desc}Карманное измерение, используемое для содержания Духов. Формой как большой гриб!
spiritBarnSprout	placeable	100	1000	Spirit Barn Portal{desc}Place it anywhere outside. Leads directly to your Spirit Barn.	Portail vers l'abri à esprits{desc}Place-le en extérieur. Il te conduira directement à ton abri à esprits.	Geisterscheunen-Portal{desc}Platziere es an einem beliebigen Ort im Freien. Es führt direkt zu deiner Geisterscheune.	Portal al establo{desc}Colócalo en cualquier lugar del exterior y te llevará al establo para espíritus.	Portal da Morada dos Espíritos{desc}Coloque em ambiente externo. Leva você diretamente para a Morada dos Espíritos.	精灵棚传送门{desc}可放置在室外的任何地方。直接通往你的精灵棚	精霊の小屋ポータル{desc}屋外のどこにでも設置可能。精霊の小屋へ直行できる	Походный Амбар{desc}Разместите где угодно, чтобы получить доступ в ваш Амбар.
spiritBarnFarm	placeable	100	1000	Farm Barn{desc}A pocket dimension used to store Spirits.	Abri fermier{desc}Dimension miniature qui permet de stocker les esprits.	Landwirtschaftsscheune{desc}Eine Nebendimension, in der Geister verwahrt werden.	Granero{desc}Dimensión de bolsillo para guardar espíritus.	Morada dos Espíritos{desc}Uma dimensão compactada usada para guardar Espíritos.	养殖棚{desc}用于存放精灵的口袋维度。	農場の小屋{desc}精霊を格納できる小型の次元。	Деревенский Амбар{desc}Карманное измерение, используемое для содержания Духов.
											
											
replantableTree	placeable	100	50	Sapling{desc}Plant in any biome during any season to grow a tree. Doesn't need to be watered.	Jeune arbre{desc}Plante-le sur l'île de ton choix et en toute saison pour faire pousser un arbre. N'a pas besoin d'être arrosé.	Schössling{desc}Pflanze ihn in einer beliebigen Jahreszeit in einem beliebigen Biom ein, damit er zu einem Baum heranwächst. Braucht nicht gewässert zu werden.	Retoño{desc}Plántalo en cualquier bioma durante la estación que quieras para que crezca un árbol. No hace falta regarlo.	Muda{desc}Plante em qualquer bioma durante qualquer estação para cultivar uma árvore. Não precisa ser regada.	树苗{desc}用于种树，在任意季节将其种在任意生物群落里。不需要浇水。	苗木{desc}季節を問わず、どこにでも植えることができ、育つと木になる。水をやる必要はない。	Cаженец{desc}Посадите на любом острове в любой сезон, чтобы вырастить дерево. Не требует полива.
replantableRock	placeable	100	20	Rock{desc}A real authentic rock! Place in any biome. 	Rocher{desc}Un véritable rocher ! Place-le sur l'île de ton choix. 	Fels{desc}Ein richtiger Fels! Kann in jedem Biom platziert werden. 	Roca{desc}¡Una roca de verdad! Colócala en cualquier bioma. 	Rocha{desc}Uma rocha de verdade! Coloque em qualquer bioma. 	岩石{desc}货真价实的岩石！可放置在任意生物群落。 	岩{desc}正真正銘本物の岩！ どこにでも置ける。	Камень{desc}Самый настоящий камень! Разместите на любом острове.
replantableGrass	placeable	100	20	Grass{desc}100% Fibre! Place in any biome.	Herbe{desc}De la fibre, et rien d'autre ! Place-la sur l'île de ton choix.	Gras{desc}100% Faser! Kann in jedem Biom platziert werden.	Hierba{desc}¡100 % fibra! Colócala en cualquier bioma.	Grama{desc}100% Capim! Coloque em qualquer bioma.	草{desc}100% 纤维含量！可放置在任意生物群落。	草{desc}繊維100%！ どこにでも置ける。	Трава{desc}100% органик! Разместите на любом острове.
											

CROPS AND SEEDS	type	stackSize	price	EN	FR	DE	ES	BR	CN	JP	RU
											
// SPRING											
lilyPadCrop	crop	100	15	Lilypad{desc}Heals {amount:hp} HP.	Nénuphar{desc}Rend {amount:hp} PV.	Seerosenblatt{desc}Heilt {amount:hp} LP.	Nenúfar{desc}Cura {amount:hp} PS.	Vitória-Régia{desc}Cura {amount:hp} de PV.	睡莲{desc}恢复 {amount:hp} 点生命值。	ユリウキハ{desc}HPを{amount:hp}回復する。	Кувшинка{desc}Исцеляет {amount:hp} ОЗ.
catTailCrop	crop	100	15	Cat tail{desc}Boosts the Speed of a Spirit. Can be reharvested.	Massette{desc}Augmente la vitesse d'un esprit. Peut être récoltée plusieurs fois.	Katzenschwanz{desc}Erhöht das Tempo eines Geists. Kann wiederholt geerntet werden.	Junco{desc}Aumenta la Velocidad de un espíritu. Se puede recolectar más de una vez.	Junco{desc}Reforça a Velocidade de um Espírito. Pode ser colhido mais de uma vez.	猫尾巴{desc}提升精灵的速度。可重复收割。	ネコノオ{desc}精霊のスピードを強化する。再収穫可能。	Рогоз{desc}Повышает Скорость Духа. Можно собирать повторно.
flaxCrop	crop	100	20	Flax Flower{desc}Feed to wild Spirits during battle to tame them.	Fleur de lin{desc}Donnes-en aux esprits sauvages lors d'un combat pour les apprivoiser.	Flachs{desc}Verfüttere ihn im Kampf an wilde Geister, um diese zu zähmen.	Flor de lino{desc}Dásela a un espíritu silvestre durante el combate para domarlo.	Flor de Linho{desc}Use para alimentar Espíritos Selvagens e Domá-los durante a batalha.	亚麻花{desc}在战斗中喂给野生精灵以驯服它们。	アマ{desc}バトル中に野生の精霊に与えると手なづけられる。	Лён{desc}Кормите диких Духов во время битвы, чтобы приручить их.
stoneFruitCrop	crop	100	20	Stonefruit{desc}Restores Stamina.	Caillebasse{desc}Restaure l'endurance.	Steinfrucht{desc}Stellt Ausdauer wieder her.	Frutipiedra{desc}Restaura resistencia.	Nectarina{desc}Restaura a Resistência.	核果{desc}恢复耐力。	イシノミ{desc}スタミナを回復する。	Камнеплод{desc}Восстанавливает Выносливость.
fireFlowerCrop	crop	100	50	Fire Flower{desc}Feed to wild Spirits during battle to tame them.	Belle-de-feu{desc}Donnes-en aux esprits sauvages lors d'un combat pour les apprivoiser.	Feuerblume{desc}Verfüttere sie im Kampf an wilde Geister, um diese zu zähmen.	Flor de fuego{desc}Dásela a un espíritu silvestre durante el combate para domarlo.	Flor de Fogo{desc}Use para alimentar os Espíritos Selvagens e Domá-los durante a batalha.	火焰花{desc}在战斗中喂给野生精灵以驯服它们。	ヒバナ{desc}バトル中に野生の精霊に与えると手なづけられる。	Огнецвет{desc}Кормите диких Духов во время битвы, чтобы приручить их.
hotPepperCrop	crop	100	65	Hot Pepper{desc}Boosts the Vitality of a Spirit. Can be reharvested.	Piment{desc}Augmente la vigueur d'un esprit. Peut être récolté plusieurs fois.	Chili{desc}Erhöht die Vitalität eines Geists. Kann wiederholt geerntet werden.	Chile picante{desc}Aumenta la Vitalidad de un espíritu. Se puede recolectar más de una vez.	Pimenta{desc}Reforça a Vitalidade de um Espírito. Pode ser colhida mais de uma vez.	辣椒{desc}提升精灵的活力。可重复收割。	トウガラシ{desc}精霊のバイタリティを強化する。再収穫可能。	Острый Перец{desc}Повышает Живучесть Духа. Можно собирать повторно.
nightShadeCrop	crop	100	40	Nightshade{desc}Reduces the Vitality of a Spirit. Best used on enemies.	Solanacée{desc}Réduit la vigueur d'un esprit. À utiliser sur les ennemis.	Tollkirsche{desc}Senkt die Vitalität eines Geists. Wird am besten bei Gegnern verwendet.	Belladona{desc}Reduce la Vitalidad de un espíritu. Es mejor que la uses contra un enemigo.	Beladona{desc}Reduz a Vitalidade de um Espírito. É melhor utilizar nos inimigos.	夜影{desc}降低精灵的活力。最适合用于敌人。	イヌホウズキ{desc}精霊のバイタリティを減らす。敵に使うのが一番。	Белладонна{desc}Снижает Живучесть Духа. Лучше использовать против врагов.
mandrakeCrop	crop	100	50	Mandrake{desc}Reduces the Power of a Spirit. Best used on enemies.	Mandragore{desc}Réduit la puissance d'un esprit. À utiliser sur les ennemis.	Alraune{desc}Senkt die Kraft eines Geists. Wird am besten bei Gegnern verwendet.	Mandrágora{desc}Reduce el Vigor de un espíritu. Es mejor que la uses contra un enemigo.	Mandrágora{desc}Reduz o Poder de um Espírito. É melhor utilizar nos inimigos.	曼德拉草{desc}降低精灵的能量。最适合用于敌人。	マンドレイク{desc}精霊のパワーを減らす。敵に使うのが一番。	Мандрагора{desc}Снижает Силу Духа. Лучше использовать против врагов.
magicMushroomCrop	crop	100	55	Magic Mushroom{desc}Significantly restores Stamina.	Champignon magique{desc}Restaure considérablement l'endurance.	Zauberpilz{desc}Stellt Ausdauer massiv wieder her.	Setas mágicas{desc}Restauran mucha resistencia.	Cogumelo Mágico{desc}Restaura significativamente a Resistência.	魔法蘑菇{desc}显著恢复耐力。	マホウキノコ{desc}スタミナを大幅に回復する。	Волшебный Грибочек{desc}Значительно восстанавливает Выносливость.
yarrowCrop	crop	100	82	Yarrow{desc}Heals {amount:hp} HP.	Achillée{desc}Rend {amount:hp} PV.	Schafgarbe{desc}Heilt {amount:hp} LP.	Milenrama{desc}Cura {amount:hp} PS.	Milefólio{desc}Cura {amount:hp} de PV.	亚罗花{desc}恢复 {amount:hp} 点生命值。	ノコギリソウ{desc}HPを{amount:hp}回復する。	Тысячелистник{desc}Исцеляет {amount:hp} ОЗ.
spiritBaneCrop	crop	100	90	Spiritbane{desc} Greatly boosts Power and Reduces the Speed of a Spirit.	Aconit tue-esprit{desc}Augmente nettement la puissance et réduit la vitesse d'un esprit.	Geisterbann{desc}Erhöht die Kraft eines Geists erheblich und senkt sein Tempo.	Espiricónito{desc}Aumenta bastante el Vigor y reduce la Velocidad de un espíritu.	Flor de Acônito{desc}Reforça consideravelmente o Poder e reduz a Velocidade de um Espírito.	灵厄草{desc}大幅提升精灵的能量，并降低其速度。	セイレイドク{desc}かなり精霊のパワーを強化し、スピードを減らす。	Духогон{desc}Повышает Силу и снижает Скорость Духа.
bloodRootCrop	crop	100	55	Bloodroot{desc}Greatly boosts Vitality and Reduces the Speed of a Spirit.	Sanguinaire{desc}Augmente nettement la vigueur et réduit la vitesse d'un esprit.	Blutwurz{desc}Erhöht die Vitalität eines Geists erheblich und senkt sein Tempo.	Sanguinaria{desc}Aumenta bastante la Vitalidad y reduce la Velocidad de un espíritu.	Sanguinária{desc}Reforça consideravelmente a Vitalidade e reduz a Velocidade de um Espírito.	血根{desc}大幅提升精灵的活力，并降低其速度。	アカネソウ{desc}かなり精霊のバイタリティを強化し、スピードを減らす。	Кровокорень{desc}Повышает Живучесть и снижает Скорость Духа.
nimbusPlantCrop	crop	100	60	Nimbus Plant{desc}Boosts the Power of a Spirit.	Cotonnille{desc}Augmente la puissance d'un esprit.	Nimbuspflanze{desc}Erhöht die Kraft eines Geists.	Planta nimbo{desc}Aumenta el Vigor de un espíritu.	Planta Nimbo{desc}Reforça o Poder de um Espírito.	灵气植{desc}提升精灵的能量。	ゴコウソウ{desc}精霊のパワーを強化する。	Облачный Цветок{desc}Повышает Силу Духа.
boltCrop	crop	100	55	Bolt{desc}Significantly boosts the Speed of a Spirit. Can be reharvested.	Foudroyante{desc}Augmente considérablement la vitesse d'un esprit. Peut être récoltée plusieurs fois.	Blitz{desc}Erhöht das Tempo eines Geists massiv. Kann wiederholt geerntet werden.	Planta rayo{desc}Aumenta mucho la Velocidad de un espíritu. Se puede recolectar más de una vez.	Relampejo{desc}Reforça significativamente a Velocidade de um Espírito. Pode ser colhido mais de uma vez.	霹雳{desc}显著提升精灵的速度。可重复收割。	イナヅマ{desc}精霊のスピードを大幅に強化する。再収穫可能。	Молниелист{desc}Увеличивает Скорость Духа. Можно собирать повторно.
											
lilyPadSeeds	seeds	100	10	Lilypad Seeds{desc}Heals {amount:hp} HP.	Graines de nénuphar{desc}Rend {amount:hp} PV.	Seerosenblattsamen{desc}Heilt {amount:hp} LP.	Semillas de nenúfar{desc}Curan {amount:hp} PS.	Sementes de Vitória-Régia{desc}Curam {amount:hp} de PV.	睡莲种子{desc}恢复 {amount:hp} 点生命值。	ユリウキハの種{desc}HPを{amount:hp}回復する。	Семена Кувшинки{desc}Исцеляет {amount:hp} ОЗ.
catTailSeeds	seeds	100	10	Cat tail Seeds{desc}Boosts the Speed of a Spirit.	Graines de massette{desc}Augmente la vitesse d'un esprit.	Katzenschwanzsamen{desc}Erhöht das Tempo eines Geists.	Semillas de junco{desc}Aumentan la Velocidad de un espíritu.	Sementes de Junco{desc}Reforçam a Velocidade de um Espírito.	猫尾巴种子{desc}提升精灵的速度。	ネコノオの種{desc}精霊のスピードを強化する。	Семена Рогоза{desc}Повышает Скорость Духа. Можно собирать повторно.
flaxSeeds	seeds	100	10	Flax Seeds{desc}Feed to wild Spirits during battle to tame them.	Graines de lin{desc}Donnes-en aux esprits sauvages lors d'un combat pour les apprivoiser.	Flachssamen{desc}Verfüttere ihn im Kampf an wilde Geister, um diese zu zähmen.	Linaza{desc}Dásela a un espíritu silvestre durante el combate para domarlo.	Sementes de Linho{desc}Use para alimentar Espíritos Selvagens e Domá-los durante a batalha.	亚麻花种子{desc}在战斗中喂给野生精灵以驯服它们。	アマの種{desc}バトル中に野生の精霊に与えると手なづけられる。	Семена Льна{desc}Кормите диких Духов во время битвы, чтобы приручить их.
stoneFruitSeeds	seeds	100	10	Stonefruit Seeds{desc}Restores Stamina.	Graines de caillebasse{desc}Restaure l'endurance.	Steinfruchtsamen{desc}Stellt Ausdauer wieder her.	Semillas de frutipiedra{desc}Restauran resistencia.	Sementes de Nectarina{desc}Restauram a Resistência.	核果种子{desc}恢复耐力。	イシノミの種{desc}スタミナを回復する。	Семена Камнеплода{desc}Восстанавливает Выносливость.
fireFlowerSeeds	seeds	100	10	Fire Flower Seeds{desc}Feed to wild Spirits during battle to tame them.	Graines de belle-de-feu{desc}Donnes-en aux esprits sauvages lors d'un combat pour les apprivoiser.	Feuerblumensamen{desc}Verfüttere sie im Kampf an wilde Geister, um diese zu zähmen.	Semillas de flor de fuego{desc}Dásela a un espíritu silvestre durante el combate para domarlo.	Sementes de Flor de Fogo{desc}Use para alimentar os Espíritos Selvagens e Domá-los durante a batalha.	火焰花种子{desc}在战斗中喂给野生精灵以驯服它们。	ヒバナの種{desc}バトル中に野生の精霊に与えると手なづけられる。	Семена Огнецвета{desc}Кормите диких Духов во время битвы, чтобы приручить их.
hotPepperSeeds	seeds	100	10	Hot Pepper Seeds{desc}Boosts the Vitality of a Spirit. Can be reharvested.	Graines de piment{desc}Augmente la vigueur d'un esprit. Peut être récolté plusieurs fois.	Chilisamen{desc}Erhöht die Vitalität eines Geists. Kann wiederholt geerntet werden.	Semillas de chile picante{desc}Aumenta la Vitalidad de un espíritu. Se puede recolectar más de una vez.	Sementes de Pimenta{desc}Reforça a Vitalidade de um Espírito. Pode ser colhida mais de uma vez.	辣椒种子{desc}提升精灵的活力。可重复收割。	トウガラシ の種{desc}精霊のバイタリティを強化する。再収穫可能。	Семена Острого Перца{desc}Повышает Живучесть Духа. Можно собирать повторно.
nightShadeSeeds	seeds	100	10	Nightshade Seeds{desc}Reduces the Vitality of a Spirit. Best used on enemies.	Graines de solanacée{desc}Réduit la vigueur d'un esprit. À utiliser sur les ennemis.	Tollkirschensamen{desc}Senkt die Vitalität eines Geists. Wird am besten bei Gegnern verwendet.	Semillas de belladona{desc}Reduce la Vitalidad de un espíritu. Es mejor que la uses contra un enemigo.	Sementes de Beladona{desc}Reduz a Vitalidade de um Espírito. É melhor utilizar nos inimigos.	夜影种子{desc}降低精灵的活力。最适合用于敌人。	イヌホウズキの種{desc}精霊のバイタリティを減らす。敵に使うのが一番。	Семена Белладонны{desc}Снижает Живучесть Духа. Лучше использовать против врагов.
mandrakeSeeds	seeds	100	10	Mandrake Seeds{desc}Reduces the Power of a Spirit. Best used on enemies.	Graines de mandragore{desc}Réduit la puissance d'un esprit. À utiliser sur les ennemis.	Alraunensamen{desc}Senkt die Kraft eines Geists. Wird am besten bei Gegnern verwendet.	Semillas de mandrágora{desc}Reducen el Vigor de un espíritu. Es mejor que las uses contra un enemigo.	Sementes de Mandrágora{desc}Reduzem o Poder de um Espírito. É melhor utilizar nos inimigos.	曼德拉草种子{desc}降低精灵的能量。最适合用于敌人。	マンドレイクの種{desc}精霊のパワーを減らす。敵に使うのが一番。	Семена Мандрагоры{desc}Снижает Силу Духа. Лучше использовать против врагов.
magicMushroomSeeds	seeds	100	10	Magic Mushroom Seeds{desc}Significantly restores Stamina.	Graines de champignon magique{desc}Restaure considérablement l'endurance.	Zauberpilzsamen{desc}Stellt Ausdauer massiv wieder her.	Semillas de setas mágicas{desc}Restauran mucha resistencia.	Sementes de Cogumelo Mágico{desc}Restauram significativamente a Resistência.	魔法蘑菇种子{desc}显著恢复耐力。	マホウキノコの種{desc}スタミナを大幅に回復する。	Семена Волшебного Грибочка{desc}Значительно восстанавливает Выносливость.
yarrowSeeds	seeds	100	10	Yarrow Seeds{desc}Heals {amount:hp} HP.	Graines d'achillée{desc}Rend {amount:hp} PV.	Schafgarbensamen{desc}Heilt {amount:hp} LP.	Semillas de milenrama{desc}Curan {amount:hp} PS.	Sementes de Milefólio{desc}Curam {amount:hp} de PV.	亚罗花种子{desc}恢复 {amount:hp} 点生命值。	ノコギリソウの種{desc}HPを{amount:hp}回復する。	Семена Тысячелистника{desc}Исцеляет {amount:hp} ОЗ.
spiritBaneSeeds	seeds	100	10	Spiritbane Seeds{desc} Greatly boosts Power and Reduces the Speed of a Spirit.	Graines d'aconit tue-esprit{desc}Augmente nettement la puissance et réduit la vitesse d'un esprit.	Geisterbannsamen{desc}Erhöht die Kraft eines Geists erheblich und senkt sein Tempo.	Semillas de espiricónito{desc}Aumenta bastante el Vigor y reduce la Velocidad de un espíritu.	Sementes de Flor de Acônito{desc}Reforça consideravelmente o Poder e reduz a Velocidade de um Espírito.	灵厄草种子{desc}大幅提升精灵的能量，并降低其速度。	セイレイドク{desc}かなり精霊のパワーを強化し、スピードを減らす。	Семена Духогона{desc} Повышает Силу и снижает Скорость Духа.
bloodRootSeeds	seeds	100	10	Bloodroot Seeds{desc}Greatly boosts Vitality and Reduces the Speed of a Spirit.	Graines de sanguinaire{desc}Augmente nettement la vigueur et réduit la vitesse d'un esprit.	Blutwurzsamen{desc}Erhöht die Vitalität eines Geists erheblich und senkt sein Tempo.	Semillas de sanguinaria{desc}Aumenta bastante la Vitalidad y reduce la Velocidad de un espíritu.	Sementes de Sanguinária{desc}Reforça consideravelmente a Vitalidade e reduz a Velocidade de um Espírito.	血根种子{desc}大幅提升精灵的活力，并降低其速度。	アカネソウの種{desc}かなり精霊のバイタリティを強化し、スピードを減らす。	Семена Кровокорня{desc}Повышает Живучесть и снижает Скорость Духа.
nimbusPlantSeeds	seeds	100	10	Nimbus Plant Seeds{desc}Boosts the Power of a Spirit.	Graines de cotonnille{desc}Augmente la puissance d'un esprit.	Nimbuspflanzensamen{desc}Erhöht die Kraft eines Geists.	Semillas de planta nimbo{desc}Aumentan el Vigor de un espíritu.	Sementes de Planta Nimbo{desc}Reforçam o Poder de um Espírito.	灵气植种子{desc}提升精灵的能量。	ゴコウソウの種{desc}精霊のパワーを強化する。	Семена Облачного Цветка{desc}Повышает Силу Духа.
boltSeeds	seeds	100	10	Bolt Seeds{desc}Significantly boosts the Speed of a spirit.	Graines de foudroyante{desc}Augmente considérablement la vitesse d'un esprit.	Blitzsamen{desc}Erhöht das Tempo eines Geists massiv.	Semillas de planta rayo{desc}Aumentan mucho la Velocidad de un espíritu.	Sementes de Relampejo{desc}Reforçam significativamente a Velocidade de um Espírito.	霹雳种子{desc}显著提升精灵的速度。	イナヅマの種{desc}精霊のスピードを大幅に強化する。	Семена Молниелиста{desc}Увеличивает Скорость Духа. Можно собирать повторно.
											
											
// SUMMER CROPS											
mossballCrop	crop	100	20	Mossball{desc}Boosts a Spirit's Speed, Power, and heals {amount:hp} HP.	Mousserond{desc}Augmente la vitesse ainsi que la puissance d'un esprit et rend {amount:hp} PV.	Mooskugel{desc}Erhöht das Tempo und die Kraft eines Geists und heilt {amount:hp} LP.	Bolas de musgo{desc}Aumentan la Velocidad y el Vigor de un espíritu y curan {amount:hp} PS.	Bola de Musgo{desc}Reforça a Velocidade e o Poder de um Espírito, e cura {amount:hp} de PV.	苔藓球{desc}提升精灵的速度、能量，并恢复 {amount:hp} 点生命值。	コケダマ{desc}精霊のスピードとパワーを強化し、HPを{amount:hp}回復する。	Моховой Шар{desc}Повышает Скорость, Силу и исцеляет {amount:hp} ОЗ Духа.
popsiplantCrop	crop	100	23	Popsiplant{desc}Boosts the Speed and Vitality of a Spirit.	Plantiglace{desc}Augmente la vitesse et la vigueur d'un esprit.	Stieleispflanze{desc}Erhöht das Tempo und die Vitalität eines Geists.	Polorífera{desc}Aumenta la Velocidad y la Vitalidad de un espíritu.	Papoula{desc}Reforça a Velocidade e a Vitalidade de um Espírito.	泡泡植{desc}提升精灵的速度和活力。	キャンディソウ{desc}精霊のスピードとバイタリティを強化する。	Леденцовый Цвет{desc}Повышает Скорость и Живучесть Духа.
beachpeachCrop	crop	100	20	Beach Peach{desc}Restores Stamina.	Pêche des plages{desc}Restaure l'endurance.	Strandpfirsich{desc}Stellt Ausdauer wieder her.	Pelotera de playa{desc}Restaura resistencia.	Pêssego da Praia{desc}Restaura a Resistência.	海滩桃{desc}恢复耐力。	ビーチピーチ{desc}スタミナを回復する。	Пляжный Персик{desc}Восстанавливает Выносливость.
pinwheelflowerCrop	crop	100	20	Pinwheel Flower{desc}Boosts Power and can be fed to wild Spirits during battle to tame them.	Girafleur{desc}Augmente la puissance et peut être donnée aux esprits sauvages lors d'un combat pour les apprivoiser.	Windradblume{desc}Erhöht die Kraft und kann im Kampf an wilde Geister verfüttert werden, um diese zu zähmen.	Jazmín crespón{desc}Aumenta el Vigor. Dásela a un espíritu silvestre durante el combate para domarlo.	Jasmim Cata-vento{desc}Reforça o Poder e pode ser usada para alimentar Espíritos Selvagens e Domá-los durante a batalha.	风车花{desc}提升能量，并可在战斗中喂给野生精灵以驯服它们。	フウシャバナ{desc}パワーを強化する。バトル中、野生の精霊に与えて手なづけることも可能。	Вертушка{desc}Повышает Силу и может быть использован для приручения диких Духов в битве.
umbrellashroomCrop	crop	100	26	Umbrellashroom{desc}Reduces the Vitality and Power of a Spirit.	Coulombrelle{desc}Réduit la vigueur et la puissance d'un esprit.	Regenschirmpilz{desc}Senkt die Vitalität und Kraft eines Geists.	Sombriseta{desc}Reduce la Vitalidad y el Vigor de un espíritu.	Sombramelo{desc}Reduz a Vitalidade e o Poder de um Espírito.	雨伞蘑菇{desc}降低精灵的活力和能量。	カサキノコ{desc}精霊のバイタリティとパワーを減らす。	Зонтогриб{desc}Снижает Живучесть и Силу Духа.
erdenleafCrop	crop	100	40	Erdenleaf{desc}Reduces the Armor of a Spirit. Cannot reduce a Spirits Armor to 0.	Floréale mundis{desc}Réduit l'armure d'un esprit. Ne peut pas réduire l'armure d'un esprit à 0.	Erdenblatt{desc}Senkt die Rüstung eines Geists. Kann die Rüstung nicht auf 0 senken.	Hojáurea{desc}Reduce la Armadura de un espíritu, pero no puede hacer que disminuya a 0.	Folha-da-Terra{desc}Reduz a Armadura de um Espírito. Não pode reduzir a Armadura de um Espírito a 0.	埃尔登叶{desc}降低精灵的防御。无法将精灵的防御降低到 0。	エルデンリーフ{desc}精霊のアーマーを減らす。ゼロにはできない。	Эрденлист{desc}Снижает Броню Духа. Не может снизить Броню Духа до 0.
stunflowerCrop	crop	100	53	Stun Flower{desc}Boosts Speed and can be fed to wild Spirits during battle to tame them.	Tournefoudre{desc}Augmente la vitesse et peut être donné aux esprits sauvages lors d'un combat pour les apprivoiser.	Betäubungsblume{desc}Erhöht das Tempo und kann im Kampf an wilde Geister verfüttert werden, um diese zu zähmen.	Flor paralizante{desc}Aumenta la Velocidad. Dásela a un espíritu silvestre durante el combate para domarlo.	Flor Paralisante{desc}Reforça a Velocidade e pode ser usada para alimentar Espíritos Selvagens e Domá-los durante a batalha.	眩晕花{desc}提升速度，并可在战斗中喂给野生精灵以驯服它们。	スタンバナ{desc}スピードを強化する。バトル中、野生の精霊に与えて手なづけることも可能。	Оглусолнух{desc}Повышает Скорость и может быть использован для приручения диких Духов в битве.
zaplantCrop	crop	100	40	Zaplant{desc}Boosts the Armor and Power of a Spirit.	Tonnercule{desc}Augmente l'armure et la puissance d'un esprit.	Zapperpflanze{desc}Erhöht die Rüstung und Kraft eines Geists.	Calambrífera{desc}Aumenta la Armadura y el Vigor de un espíritu.	Eletroplanta{desc}Reforça a Armadura e o Poder de um Espírito.	光击植{desc}提升精灵的防御和能量。	カツリョクソウ{desc}精霊のアーマーとパワーを強化する。	Искровик{desc}Повышает Броню и Силу Духа.
hotairfruitCrop	crop	100	46	Hot Air Fruit{desc}Boosts the HP and XP of a Spirit.	Flambricot{desc}Augmente les PV et l'EXP d'un esprit.	Heißluftfrucht{desc}Erhöht die LP und EP eines Geists.	Fruta aerotérmica{desc}Aumenta los PS y la EXP de un espíritu.	Aquecifruta{desc}Reforça o PV e a EXP de um Espírito.	热气果{desc}提升精灵的生命值和经验值。	ネッキノミ{desc}精霊のHPとXPを強化する。	Воздушный Жаркоплод{desc}Повышает ОЗ и ОО Духа.
flamerootCrop	crop	100	56	Flameroot{desc}Boosts the speed of a Spirit.	Pyrofleur{desc}Augmente la vitesse d'un esprit.	Feuerwurz{desc}Erhöht das Tempo eines Geists.	Pirorraíz{desc}Aumenta la Velocidad de un espíritu.	Queimaíz{desc}Reforça a Velocidade de um Espírito.	火焰根{desc}提升精灵的速度。	カエンネッコ{desc}精霊のスピードを強化する。	Огненный Корень{desc}Повышает скорость Духа.
pricklyplantCrop	crop	100	80	Prickly Plant{desc}Boosts the Speed and reduces the Power of a Spirit.	Oponce{desc}Augmente la vitesse et réduit la puissance d'un esprit.	Stachelpflanze{desc}Erhöht das Tempo und senkt die Kraft eines Geists.	Planta puntiaguda{desc}Aumenta la Velocidad y reduce el Vigor de un espíritu.	Cacto{desc}Reforça a Velocidade e reduz o Poder de um Espírito.	多刺植{desc}提升精灵的速度并降低其能量。	トゲトゲソウ{desc}精霊のスピードを強化し、パワーを減らす。	Колючка{desc}Повышает Скорость и снижает Силу Духа.
wingfruitCrop	crop	100	80	Wingfruit{desc}Boosts the Power and reduces the Vitality of a Spirit.	Myrtaile{desc}Augmente la puissance et réduit la vigueur d'un esprit.	Flügelfrucht{desc}Erhöht die Kraft und senkt die Vitalität eines Geists.	Fruta alada{desc}Aumenta el Vigor y reduce la Vitalidad de un espíritu.	Frutalada{desc}Reforça o Poder e reduz a Vitalidade de um Espírito.	翅果{desc}提升精灵的能量并降低其活力。	ツバサノミ{desc}精霊のパワーを強化し、バイタリティを減らす。	Крылатый Плод{desc}Повышает Силу и снижает Живучесть Духа.
tinyflowerCrop	crop	100	66	Tiny Flower{desc}Boosts XP and can be fed to wild Spirits during battle to tame them.	Microfleur{desc}Augmente l'EXP et peut être donnée aux esprits sauvages lors d'un combat pour les apprivoiser.	Zwergblume{desc}Erhöht die EP und kann im Kampf an wilde Geister verfüttert werden, um diese zu zähmen.	Miniflor{desc}Aumenta la EXP. Dásela a un espíritu silvestre durante el combate para domarlo.	Miniflor{desc}Reforça a EXP e pode ser usada para alimentar Espíritos Selvagens e Domá-los durante a batalha.	小小花{desc}增加经验值，并可在战斗中喂给野生精灵以驯服它们。	ミニバナ{desc}XPを強化する。バトル中、野生の精霊に与えて手なづけることも可能。	Маленький Цветочек{desc}Повышает ОО и может быть использован для приручения диких Духов в битве.
eyeberryCrop	crop	100	93	Eye Berry{desc}Greatly boosts the XP of a Spirit.	Oculofruit{desc}Augmente l'EXP d'un esprit.	Augenbeere{desc}Erhöht die EP eines Geists.	Ojibaya{desc}Aumenta la EXP de un espíritu.	Frutolho{desc}Reforça a EXP de um Espírito.	眼果{desc}增加精灵的经验值。	アイベリー{desc}}精霊のXPを強化する。	Глазуника{desc}Значительно увеличивает ОО Духа.
											
mossballSeeds	seeds	100	10	Mossball Seeds{desc}Boosts a Spirit's Speed, Power, and heals {amount:hp} HP.	Graines de mousserond{desc}Augmente la vitesse ainsi que la puissance d'un esprit et rend {amount:hp} PV.	Mooskugelsamen{desc}Erhöht das Tempo und die Kraft eines Geists und heilt {amount:hp} LP.	Semillas de bolas de musgo{desc}Aumentan la Velocidad y el Vigor de un espíritu y curan {amount:hp} PS.	Sementes de Bola de Musgo{desc}Reforçam a Velocidade e o Poder de um Espírito, e curam {amount:hp} de PV.	苔藓球种子{desc}提升精灵的速度、能量，并恢复 {amount:hp} 点生命值。	コケダマの種{desc}精霊のスピードとパワーを強化し、HPを{amount:hp}回復する。	Семена Мохового Шара{desc}Повышает Скорость, Силу и исцеляет {amount:hp} ОЗ Духа.
popsiplantSeeds	seeds	100	10	Popsiplant Seeds{desc}Boosts the Speed and Vitality of a Spirit.	Graines de plantiglace{desc}Augmente la vitesse et la vigueur d'un esprit.	Stieleispflanzensamen{desc}Erhöht das Tempo und die Vitalität eines Geists.	Semillas de polorífera{desc}Aumentan la Velocidad y la Vitalidad de un espíritu.	Sementes de Papoula{desc}Reforçam a Velocidade e a Vitalidade de um Espírito.	泡泡植种子{desc}提升精灵的速度和活力。	キャンディソウの種{desc}精霊のスピードとバイタリティを強化する。	Семена Леденцового Цвета{desc}Повышает Скорость и Живучесть Духа.
beachpeachSeeds	seeds	100	10	Beach Peach Seeds{desc}Restores Stamina.	Graines de pêche des plages{desc}Restaure l'endurance.	Strandpfirsichsamen{desc}Stellt Ausdauer wieder her.	Semillas de pelotera de playa{desc}Restauran resistencia.	Sementes de Pêssego da Praia{desc}Restauram a Resistência.	海滩桃种子{desc}恢复耐力。	ビーチピーチの種{desc}スタミナを回復する。	Семена Пляжного Персика{desc}Восстанавливает Выносливость.
pinwheelflowerSeeds	seeds	100	10	Pinwheel Flower Seeds{desc}Boosts Power and can be fed to wild Spirits during battle to tame them.	Graines de girafleur{desc}Augmente la puissance et peut être donnée aux esprits sauvages lors d'un combat pour les apprivoiser.	Windradblumensamen{desc}Erhöht Kraft und kann im Kampf an wilde Geister verfüttert werden, um diese zu zähmen.	Semillas de jazmín crespón{desc}Aumentan el Vigor. Dáselas a un espíritu silvestre durante el combate para domarlo.	Sementes de Jasmim Cata-Vento{desc}Reforçam o Poder e podem ser usadas para alimentar Espíritos Selvagens e Domá-los durante a batalha.	风车花种子{desc}提升能量，并可在战斗中喂给野生精灵以驯服它们。	フウシャバナの種{desc}パワーを強化する。バトル中、野生の精霊に与えて手なづけることも可能。	Семена Вертушки{desc}Повышает Силу и может быть использован для приручения диких Духов в битве.
umbrellashroomSeeds	seeds	100	10	Umbrellashroom Seeds{desc}Reduces the Vitality and Power of a Spirit.	Graines de coulombrelle{desc}Réduit la vigueur et la puissance d'un esprit.	Regenschirmpilzsamen{desc}Senkt die Vitalität und Kraft eines Geists.	Semillas de sombriseta{desc}Reducen la Vitalidad y el Vigor de un espíritu.	Sementes de Sombramelo{desc}Reduzem a Vitalidade e o Poder de um Espírito.	雨伞蘑菇种子{desc}降低精灵活力和能量。	カサキノコの種{desc}精霊のバイタリティとパワーを減らす。	Семена Зонтогриба{desc}Снижает Живучесть и Силу Духа.
erdenleafSeeds	seeds	100	10	Erdenleaf Seeds{desc}Reduces the Armor of a Spirit. Cannot reduce a Spirits Armor to 0.	Graines de floréale mundis{desc}Réduit l'armure d'un esprit. Ne peut pas réduire l'armure d'un esprit à 0.	Erdenblattsamen{desc}Senkt die Rüstung eines Geists. Kann die Rüstung nicht auf 0 senken.	Semillas de hojáurea{desc}Reducen la Armadura de un espíritu, pero no pueden hacer que disminuya a 0.	Sementes de Folha-da-Terra{desc}Reduzem a Armadura de um Espírito. Não podem reduzir a Armadura de um Espírito a 0.	埃尔登叶种子{desc}降低精灵的防御。无法将精灵的防御降低到 0。	エルデンリーフの種{desc}精霊のアーマーを減らす。ゼロにはできない。	Семена Эрденлиста{desc}Снижает Броню Духа. Не может снизить Броню Духа до 0.
stunflowerSeeds	seeds	100	10	Stun Flower Seeds{desc}Boosts Speed and can be fed to wild Spirits during battle to tame them.	Graines de tournefoudre{desc}Augmente la vitesse et peut être donnée aux esprits sauvages lors d'un combat pour les apprivoiser.	Betäubungsblumensamen{desc}Erhöht das Tempo und kann im Kampf an wilde Geister verfüttert werden, um diese zu zähmen.	Semillas de flor paralizante{desc}Aumentan la Velocidad. Dáselas a un espíritu silvestre durante el combate para domarlo.	Sementes de Flor Paralisante{desc}Reforçam a Velocidade e podem ser usadas para alimentar Espíritos Selvagens e Domá-los durante a batalha.	眩晕花种子{desc}提升速度，并可在战斗中喂给野生精灵以驯服它们。	スタンバナの種{desc}スピードを強化する。バトル中、野生の精霊に与えて手なづけることも可能。	Семена Оглусолнуха{desc}Повышает Скорость и может быть использован для приручения диких Духов в битве.
zaplantSeeds	seeds	100	10	Zaplant Seeds{desc}Boosts the Armor and Power of a Spirit.	Graines de tonnercule{desc}Augmente l'armure et la puissance d'un esprit.	Zapperpflanzensamen{desc}Erhöht die Rüstung und Kraft eines Geists.	Semillas de calambrífera{desc}Aumentan la Armadura y el Vigor de un espíritu.	Sementes de Eletroplanta{desc}Reforçam a Armadura e o Poder de um Espírito.	光击植种子{desc}提升精灵的防御和能量。	カツリョクソウの種{desc}精霊のアーマーとパワーを強化する。	Семена Искровика{desc}Повышает Броню и Силу Духа.
hotairfruitSeeds	seeds	100	10	Hot Air Fruit Seeds{desc}Boosts the HP and XP of a Spirit.	Graines de flambricot{desc}Augmente les PV et l'EXP d'un esprit.	Heißluftfruchtsamen{desc}Erhöht die LP und EP eines Geists.	Semillas de fruta aerotérmica{desc}Aumentan los PS y la EXP de un espíritu.	Sementes de Aquecifruta{desc}Reforçam o PV e a EXP de um Espírito.	热气果种子{desc}提升精灵的生命值和经验值。	ネッキノミの種{desc}精霊のHPとXPを強化する。	Семена Воздушного Жаркоплода{desc}Повышает ОЗ и ОО Духа.
flamerootSeeds	seeds	100	10	Flameroot Seeds{desc}Boosts the speed of a Spirit.	Graines de pyrofleur{desc}Augmente la vitesse d'un esprit.	Feuerwurzsamen{desc}Erhöht das Tempo eines Geists.	Semillas de pirorraíz{desc}Aumentan la Velocidad de un espíritu.	Sementes de Queimaíz{desc}Reforçam a Velocidade de um Espírito.	火焰根种子{desc}提升精灵的速度。	カエンネッコの種{desc}精霊のスピードを強化する。	Семена Огненного Корня{desc}Повышает скорость Духа.
pricklyplantSeeds	seeds	100	10	Prickly Plant Seeds{desc}Boosts the Speed and reduces the Power of a Spirit.	Graines d'oponce{desc}Augmente la vitesse et réduit la puissance d'un esprit.	Stachelpflanzensamen{desc}Erhöht das Tempo und senkt die Kraft eines Geists.	Semillas de planta puntiaguda{desc}Aumentan la Velocidad y reducen el Vigor de un espíritu.	Sementes de Cacto{desc}Reforçam a Velocidade e reduzem o Poder de um Espírito.	多刺植种子{desc}提升精灵的速度，并降低其能量。	トゲトゲソウの種{desc}精霊のスピードを強化し、パワーを減らす。	Семена Колючки{desc}Повышает Скорость и снижает Силу Духа.
wingfruitSeeds	seeds	100	10	Wingfruit Seeds{desc}Boosts the Power and reduces the Vitality of a Spirit.	Graines de myrtaile{desc}Augmente la puissance et réduit la vigueur d'un esprit.	Flügelfruchtsamen{desc}Erhöht die Kraft und senkt die Vitalität eines Geists.	Semillas de fruta alada{desc}Aumentan el Vigor y reducen la Vitalidad de un espíritu.	Sementes de Frutalada{desc}Reforçam o Poder e reduzem a Vitalidade de um Espírito.	翅果种子{desc}提升精灵的能量并降低其活力。	ツバサノミの種{desc}精霊のパワーを強化し、バイタリティを減らす。	Семена Крылатого Плода{desc}Повышает Силу и снижает Живучесть Духа.
tinyflowerSeeds	seeds	100	10	Tiny Flower Seeds{desc}Boosts XP and can be fed to wild Spirits during battle to tame them.	Graines de microfleur{desc}Augmente l'EXP et peut être donnée aux esprits sauvages lors d'un combat pour les apprivoiser.	Zwergblumensamen{desc}Erhöht die EP und kann im Kampf an wilde Geister verfüttert werden, um diese zu zähmen.	Semillas de miniflor{desc}Aumentan la EXP. Dáselas a un espíritu silvestre durante el combate para domarlo.	Sementes de Miniflor{desc}Reforçam a EXP e podem ser usadas para alimentar Espíritos Selvagens e Domá-los durante a batalha.	小小花种子{desc}增加经验值，并可在战斗中喂给野生精灵以驯服它们。	ミニバナの種{desc}XPを強化する。バトル中、野生の精霊に与えて手なづけることも可能。	Семена Маленького Цветочка{desc}Повышает ОО и может быть использован для приручения диких Духов в битве.
eyeberrySeeds	seeds	100	10	Eye Berry Seeds{desc}Greatly boosts the XP of a Spirit.	Graines d'oculofruit{desc}Augmente nettement l'EXP d'un esprit.	Augenbeerensamen{desc}Erhöht die EP eines Geists erheblich.	Semillas de ojibaya{desc}Aumentan bastante la EXP de un espíritu.	Sementes de Frutolho{desc}Reforçam consideravelmente a EXP de um Espírito.	眼果种子{desc}大幅增加精灵的经验值。	アイベリーの種{desc}精霊のXPを強化する。	Семена Глазуники{desc}Значительно увеличивает ОО Духа.
											
											
// FALL CROPS											
squishCrop	crop	100	27	Squish{desc}Significantly restores Stamina. Can be reharvested.	Courge plate{desc}Restaure considérablement l'endurance. Peut être récoltée plusieurs fois.	Plattbis{desc}Stellt Ausdauer massiv wieder her. Kann wiederholt geerntet werden.	Chafalabaza{desc}Restaura mucha resistencia. Se puede recolectar más de una vez.	Moganga{desc}Restaura significativamente a Resistência. Pode ser colhida mais de uma vez.	嘎吱菜{desc}显著恢复耐力。可重复收割。	ガボチャ{desc}スタミナを大幅に回復する。再収穫可能。	Патиссончик{desc}Значительно восстанавливает Выносливость. Можно собирать повторно.
applumCrop	crop	100	30	Applum{desc}Heals {amount:hp} HP. Can be reharvested.	Mirapomme{desc}Rend {amount:hp} PV. Peut être récoltée plusieurs fois.	Pflapfel{desc}Heilt {amount:hp} LP. Kann wiederholt geerntet werden.	Manzaruela{desc}Cura {amount:hp} PS. Se puede recolectar más de una vez.	Ameixaçã{desc}Cura {amount:hp} de PV. Pode ser colhida mais de uma vez.	蛇李果{desc}恢复 {amount:hp} 点生命值。可重复收割。	リンゴラム{desc}HPを{amount:hp}回復する。再収穫可能。	Яблослива{desc}Исцеляет {amount:hp} ОЗ. Можно собирать повторно.
flagflowerCrop	crop	100	24	Flag Flower{desc}Can be fed to wild Spirits during battle to tame them. Can be reharvested.	Coqualicot{desc}Peut être donné aux esprits sauvages lors d'un combat pour les apprivoiser. Peut être récolté plusieurs fois.	Schwertlilie{desc}Kann im Kampf an wilde Geister verfüttert werden, um diese zu zähmen. Kann wiederholt geerntet werden.	Flor bandera{desc}Dásela a un espíritu silvestre durante el combate para domarlo. Se puede recolectar más de una vez.	Flor de Íris{desc}Use para alimentar Espíritos Selvagens e Domá-los durante a batalha. Pode ser colhida mais de uma vez.	旗花{desc}可在战斗中喂给野生精灵以驯服它们。可重复收割。	ハタバナ{desc}バトル中、野生の精霊に与えて手なづけることができる。再収穫可能。	Флагоцвет{desc}Может быть использован для приручения диких Духов в битве. Можно собирать повторно.
fuzzballCrop	crop	100	27	Fuzzball{desc}Boosts the Vitality, Power and Speed of a Spirit. Can be reharvested.	Nymphéa{desc}Augmente la vigueur, la puissance et la vitesse d'un esprit. Peut être récoltée plusieurs fois.	Flaumball{desc}Erhöht Vitalität, Kraft und Tempo eines Geists. Kann wiederholt geerntet werden.	Pelusilla{desc}Aumenta la Vitalidad, el Vigor y la Velocidad de un espíritu. Se puede recolectar más de una vez.	Florfinha{desc}Reforça a Vitalidade, o Poder e a Velocidade de um Espírito. Pode ser colhida mais de uma vez.	毛球{desc}提升精灵的活力、能量和速度。可重复收割。	ケダマ{desc}精霊のバイタリティ、パワー、スピードを強化する。再収穫可能。	Одуванец{desc}Повышает Живучесть, Силу и Скорость Духа. Можно собирать повторно.
grumpkinCrop	crop	100	35	Grumpkin{desc}Reduces the Vitality, Power and Speed of a Spirit. Can be reharvested.	Citronche{desc}Réduit la vigueur, la puissance et la vitesse d'un esprit. Peut être récoltée plusieurs fois.	Mürrbis{desc}Senkt Vitalität, Kraft und Tempo eines Geists. Kann wiederholt geerntet werden.	Calabezón{desc}Reduce la Vitalidad, el Vigor y la Velocidad de un espíritu. Se puede recolectar más de una vez.	Carrancabóbora{desc}Reduz a Vitalidade, o Poder e a Velocidade de um Espírito. Pode ser colhida mais de uma vez.	怪脸瓜{desc}降低精灵的活力、能量和速度。可重复收割。	ムカムカボチャ{desc}精霊のバイタリティ、パワー、スピードを減らす。再収穫可能。	Вреднотыква{desc}Снижает Живучесть, Силу и Скорость Духа. Можно собирать повторно.
mushinCrop	crop	100	45	Spiky Plant{desc}Greatly reduces the Speed of a Spirit. Can be reharvested.	Épineuse{desc}Réduit nettement la vitesse d'un esprit. Peut être récoltée plusieurs fois.	Dornenpflanze{desc}Senkt das Tempo eines Geists erheblich. Kann wiederholt geerntet werden.	Cactiplanta{desc}Reducen bastante la Velocidad de un espíritu. Se pueden recolectar más de una vez.	Espinhenta{desc}Reduzem consideravelmente a Velocidade de um Espírito. Podem ser colhidas mais de uma vez.	带刺植物{desc}大幅降低精灵的速度。可重复收割。	チクチクソウ{desc}精霊のスピードをかなり減らす。再収穫可能。	Шипастник{desc}Сильно снижает Скорость Духа. Можно собирать повторно.
electriconeCrop	crop	100	60	Electricone{desc}Significantly boosts the Power of a Spirit. Can be reharvested.	Électricône{desc}Augmente considérablement la puissance d'un esprit. Peut être récolté plusieurs fois.	Elektronie{desc}Erhöht die Kraft eines Geists massiv. Kann wiederholt geerntet werden.	Electropiña{desc}Aumenta mucho el Vigor de un espíritu. Se puede recolectar más de una vez.	Conelétrico{desc}Reforça significativamente o Poder de um Espírito. Pode ser colhido mais de uma vez.	电球果{desc}显著提升精灵的能量。可重复收割。	エレクトリッコーン{desc}精霊のパワーを大幅に強化する。再収穫可能。	Электрошишка{desc}Значительно повышает Силу Духа. Можно собирать повторно.
planternCrop	crop	100	65	Plantern{desc}Boosts the Speed of a Spirit. Can be reharvested.	Planterne{desc}Augmente considérablement la vitesse d'un esprit. Peut être récoltée plusieurs fois.	Laternie{desc}Erhöht das Tempo eines Geists. Kann wiederholt geerntet werden.	Planterna{desc}Aumenta la Velocidad de un espíritu. Se puede recolectar más de una vez.	Planterna{desc}Reforça a Velocidade de um Espírito. Pode ser colhida mais de uma vez.	灯笼花{desc}提升精灵的速度。可重复收割。	プランターン{desc}精霊のスピードを強化する。再収穫可能。	Светлолист{desc}Повышает Скорость Духа. Можно собирать повторно.
heatplantCrop	crop	100	90	Heat Plant{desc}Significantly boosts the Vitality of a Spirit. Can be reharvested.	Thermoplante{desc}Augmente considérablement la vigueur d'un esprit. Peut être récoltée plusieurs fois.	Wärmepflanze{desc}Erhöht die Vitalität eines Geists massiv. Kann wiederholt geerntet werden.	Calorífera{desc}Aumenta mucho la Vitalidad de un espíritu. Se puede recolectar más de una vez.	Planta Térmica{desc}Reforça significativamente a Vitalidade de um Espírito. Pode ser colhida mais de uma vez.	热气草{desc}显著提升精灵的活力。可重复收割。	ネツソウ{desc}精霊のバイタリティをかなり強化する。再収穫可能。	Жаровник{desc}Значительно повышает Живучесть Духа. Можно собирать повторно.
colberryCrop	crop	100	90	Colberry{desc}Restores {amount:hp} HP. Can be reharvested.	Carbonibaie{desc}Rend {amount:hp} PV. Peut être récoltée plusieurs fois.	Kaltbeere{desc}Heilt {amount:hp} LP. Kann wiederholt geerntet werden.	Fresquibaya{desc}Cura {amount:hp} PS. Se puede recolectar más de una vez.	Gelanga{desc}Restaura {amount:hp} de PV. Pode ser colhida mais de uma vez.	科尔莓{desc}恢复 {amount:hp} 点生命值。可重复收割。	セキタンベリー{desc}HPを{amount:hp}回復する。再収穫可能。	Синягода{desc}Восстанавливает {amount:hp} ОЗ. Можно собирать повторно.
spectreflowerCrop	crop	100	100	Spectre Flower{desc}Reduces the Speed of a spirit and can be fed to wild Spirits during battle to tame them. Can be reharvested.	Fleur spectrale{desc}Réduit la vitesse d'un esprit et peut être donnée aux esprits sauvages lors d'un combat pour les apprivoiser. Peut être récoltée plusieurs fois.	Geisterblume{desc}Senkt das Tempo eines Geists und kann im Kampf an wilde Geister verfüttert werden, um diese zu zähmen. Kann wiederholt geerntet werden.	Flor espectral{desc}Reduce la Velocidad de un espíritu. Dásela a un espíritu silvestre durante el combate para domarlo. Se puede recolectar más de una vez.	Florespectro{desc}Reduz a Velocidade de um Espírito e pode ser usada para alimentar Espíritos Selvagens e Domá-los durante a batalha. Pode ser colhida mais de uma vez.	幽灵花{desc}降低精灵的速度，并可在战斗中喂给野生精灵以驯服它们。可重复收割。	オバケバナ{desc}精霊のスピードを減らす。バトル中、野生の精霊に与えて手なづけることも可能。 再収穫可能。	Спектроцвет{desc}Значительно снижает Скорость духа и может быть использован для приручения диких Духов в битве. Можно собирать повторно.
skeleplantCrop	crop	100	70	Skeleplant{desc}Reduces Vitality and boosts the Armor of a Spirit. Can be reharvested.	Squelettige{desc}Réduit la vigueur et augmente l'armure d'un esprit. Peut être récoltée plusieurs fois.	Skelettpflanze{desc}Senkt die Vitalität und erhöht die Rüstung eines Geists. Kann wiederholt geerntet werden.	Esqueleplanta{desc}Reduce la Vitalidad y aumenta la Armadura de un espíritu. Se puede recolectar más de una vez.	Esqueleplanta{desc}Reduz a Vitalidade e reforça a Armadura de um Espírito. Pode ser colhida mais de uma vez.	骷髅植{desc}降低精灵的活力，并提升其防御。可重复收割。	ガイコツソウ{desc}精霊のバイタリティを減らし、アーマーを強化する。再収穫可能。	Скелетолист{desc}Снижает Живучесть и повышает Броню Духа. Можно собирать повторно.
willowispCrop	crop	100	70	Willowisp{desc}Significantly boosts the XP of a Spirit. Can be reharvested.	Fleur follette{desc}Augmente considérablement l'EXP d'un esprit. Peut être récoltée plusieurs fois.	Wirrlicht{desc}Erhöht die EP eines Geists massiv. Kann wiederholt geerntet werden.	Fuego fatuo{desc}Aumenta mucho la EXP de un espíritu. Se puede recolectar más de una vez.	Fogo-Fátuo{desc}Reforça significativamente a EXP de um Espírito. Pode ser colhido mais de uma vez.	鬼火{desc}显著增加精灵的经验值。可重复收割。	ウィルオウィスプ{desc}精霊のXPをかなり強化する。再収穫可能。	Призрачная Ягода{desc}Значительно увеличивает ОО Духа. Можно собирать повторно.
ghostshroomCrop	crop	100	100	Ghostshroom{desc}Restores {amount:hp} HP. Can be reharvested.	Ectofongus{desc}Rend {amount:hp} PV. Peut être récolté plusieurs fois.	Geisterpilz{desc}Heilt {amount:hp} LP. Kann wiederholt geerntet werden.	Fantaseta{desc}Cura {amount:hp} PS. Se puede recolectar más de una vez.	Fantasgumelo{desc}Restaura {amount:hp} de PV. Pode ser colhido mais de uma vez.	幽灵蘑菇{desc}恢复 {amount:hp} 点生命值。可重复收割。	ユウレイキノコ{desc}HPを{amount:hp}回復する。再収穫可能。	Призрачный Гриб{desc}Восстанавливает {amount:hp} ОЗ. Можно собирать повторно.
											
squishSeeds	seeds	100	10	Squish Seeds{desc}Significantly restores Stamina. Can be reharvested.	Graines de courge plate{desc}Restaure considérablement l'endurance. Peut être récoltée plusieurs fois.	Plattbissamen{desc}Stellt Ausdauer massiv wieder her. Kann wiederholt geerntet werden.	Semillas de chafalabaza{desc}Restauran mucha resistencia. Se pueden recolectar más de una vez.	Sementes de Moganga{desc}Restauram significativamente a Resistência. Podem ser colhidas mais de uma vez.	嘎吱菜种子{desc}显著恢复耐力。可重复收割。	ガボチャの種{desc}スタミナを大幅に回復する。再収穫可能。	Семена Патиссончика{desc}Значительно восстанавливает Выносливость. Можно собирать повторно.
applumSeeds	seeds	100	10	Applum Seeds{desc}Heals {amount:hp} HP. Can be reharvested.	Graines de mirapomme{desc}Rend 2{amount:hp} PV. Peut être récoltée plusieurs fois.	Pflapfelsamen{desc}Heilt {amount:hp} LP. Kann wiederholt geerntet werden.	Semillas de manzaruela{desc}Curan {amount:hp} PS. Se pueden recolectar más de una vez.	Sementes de Ameixaçã{desc}Curam {amount:hp} de PV. Podem ser colhidas mais de uma vez.	蛇李果种子{desc}恢复 {amount:hp} 点生命值。可重复收割。	リンゴラムの種{desc}HPを{amount:hp}回復する。再収穫可能。	Семена Яблосливы{desc}Исцеляет {amount:hp} ОЗ. Можно собирать повторно.
flagflowerSeeds	seeds	100	10	Flag Flower Seeds{desc}Can be fed to wild Spirits during battle to tame them. Can be reharvested.	Graines de coqualicot{desc}Peut être donné aux esprits sauvages lors d'un combat pour les apprivoiser. Peut être récolté plusieurs fois.	Schwertliliensamen{desc}Kann im Kampf an wilde Geister verfüttert werden, um diese zu zähmen. Kann wiederholt geerntet werden.	Semillas de flor bandera{desc}Dáselas a un espíritu silvestre durante el combate para domarlo. Se pueden recolectar más de una vez.	Sementes de Flor de Íris{desc}Use para alimentar Espíritos Selvagens e Domá-los durante a batalha. Podem ser colhidas mais de uma vez.	旗花种子{desc}可在战斗中喂给野生精灵以驯服它们。可重复收割。	ハタバナの種{desc}バトル中、野生の精霊に与えて手なづけることができる。再収穫可能。	Семена Флагоцвета{desc}Может быть использован для приручения диких Духов в битве. Можно собирать повторно.
fuzzballSeeds	seeds	100	10	Fuzzball Seeds{desc}Boosts the Vitality, Power and Speed of a Spirit. Can be reharvested.	Graines de nymphéa{desc}Augmente la vigueur, la puissance et la vitesse d'un esprit. Peut être récoltée plusieurs fois.	Flaumballsamen{desc}Erhöht Vitalität, Kraft und Tempo eines Geists. Kann wiederholt geerntet werden.	Semillas de pelusilla{desc}Aumentan la Vitalidad, el Vigor y la Velocidad de un espíritu. Se pueden recolectar más de una vez.	Sementes de Florfinha{desc}Reforçam a Vitalidade, o Poder e a Velocidade de um Espírito. Podem ser colhidas mais de uma vez.	毛球种子{desc}提升精灵的活力、能量和速度。可重复收割。	ケダマの種{desc}精霊のバイタリティ、パワー、スピードを強化する。再収穫可能。	Семена Одуванца{desc}Повышает Живучесть, Силу и Скорость Духа. Можно собирать повторно.
grumpkinSeeds	seeds	100	10	Grumpkin Seeds{desc}Reduces the Vitality, Power and Speed of a Spirit. Can be reharvested.	Graines de citronche{desc}Réduit la vigueur, la puissance et la vitesse d'un esprit. Peut être récoltée plusieurs fois.	Mürrbissamen{desc}Senkt Vitalität, Kraft und Tempo eines Geists. Kann wiederholt geerntet werden.	Semillas de calabezón{desc}Reducen la Vitalidad, el Vigor y la Velocidad de un espíritu. Se pueden recolectar más de una vez.	Sementes de Carrancabóbora{desc}Reduzem a Vitalidade, o Poder e a Velocidade de um Espírito. Podem ser colhidas mais de uma vez.	怪脸瓜种子{desc}降低精灵的活力、能量和速度。可重复收割。	ムカムカボチャの種{desc}精霊のバイタリティ、パワー、スピードを減らす。再収穫可能。	Семена Вреднотыквы{desc}Снижает Живучесть, Силу и Скорость Духа. Можно собирать повторно.
mushinSeeds	seeds	100	10	Spiky Plant Seeds{desc}Greatly reduces the Speed of a Spirit. Can be reharvested.	Graines d'épineuse{desc}Réduit nettement la vitesse d'un esprit. Peut être récoltée plusieurs fois.	Dornenpflanzesamen{desc}Senkt das Tempo eines Geists erheblich. Kann wiederholt geerntet werden.	Semillas de planta Cactiplanta{desc}Reducen bastante la Velocidad de un espíritu. Se pueden recolectar más de una vez.	Sementes de Espinhenta{desc}Reduzem consideravelmente a Velocidade de um Espírito. Podem ser colhidas mais de uma vez.	带刺植物种子{desc}大幅降低精灵的速度。可重复收割。	チクチクソウの種{desc}精霊のスピードをかなり減らす。再収穫可能。	Семена Шипастника{desc}Сильно снижает Скорость Духа. Можно собирать повторно.
electriconeSeeds	seeds	100	10	Electricone Seeds{desc}Significantly boosts the Power of a Spirit. Can be reharvested.	Graines d'électricône{desc}Augmente considérablement la puissance d'un esprit. Peut être récolté plusieurs fois.	Elektroniensamen{desc}Erhöht die Kraft eines Geists massiv. Kann wiederholt geerntet werden.	Semillas de electropiña{desc}Aumentan mucho el Vigor de un espíritu. Se pueden recolectar más de una vez.	Sementes de Conelétrico{desc}Reforçam significativamente o Poder de um Espírito. Podem ser colhidas mais de uma vez.	电球果种子{desc}显著提升精灵的能量。可重复收割。	エレクトリッコーンの種{desc}精霊のパワーを大幅に強化する。再収穫可能。	Семена Электрошишки{desc}Значительно повышает Силу Духа. Можно собирать повторно.
planternSeeds	seeds	100	10	Plantern Seeds {desc}Boosts the Speed of a Spirit. Can be reharvested.	Graines de planterne{desc}Augmente la vitesse d'un esprit. Peut être récoltée plusieurs fois.	Laterniensamen{desc}Erhöht das Tempo eines Geists. Kann wiederholt geerntet werden.	Semillas de planterna{desc}Aumentan la Velocidad de un espíritu. Se pueden recolectar más de una vez.	Sementes de Planterna{desc}Reforçam a Velocidade de um Espírito. Podem ser colhidas mais de uma vez.	灯笼花种子{desc}提升精灵的速度。可重复收割。	プランターンの種 {desc}精霊のスピードを強化する。再収穫可能。	Семена Светлолиста{desc}Повышает Скорость Духа. Можно собирать повторно.
heatplantSeeds	seeds	100	10	Heat Plant Seeds{desc}Significantly boosts the Vitality of a Spirit. Can be reharvested.	Graines de thermoplante{desc}Augmente nettement la vigueur d'un esprit. Peut être récoltée plusieurs fois.	Wärmepflanzensamen{desc}Erhöht die Vitalität eines Geists erheblich. Kann wiederholt geerntet werden.	Semillas de calorífera{desc}Aumentan bastante la Vitalidad de un espíritu. Se pueden recolectar más de una vez.	Sementes de Planta Térmica{desc}Reforçam consideravelmente a Vitalidade de um Espírito. Podem ser colhidas mais de uma vez.	热气草种子{desc}大幅提升精灵的活力。可重复收割。	ネツソウの種{desc}精霊のバイタリティをかなり強化する。再収穫可能。	Семена Жаровника{desc}Значительно повышает Живучесть Духа. Можно собирать повторно.
colberrySeeds	seeds	100	10	Colberry Seeds{desc}Restores {amount:hp} HP. Can be reharvested.	Graines de carbonibaie{desc}Rend {amount:hp} PV. Peut être récoltée plusieurs fois.	Kaltbeerensamen{desc}Heilt {amount:hp} LP. Kann wiederholt geerntet werden.	Semillas de fresquibaya{desc}Curan {amount:hp} PS. Se pueden recolectar más de una vez.	Sementes de Gelanga{desc}Restauram {amount:hp} de PV. Podem ser colhidas mais de uma vez.	科尔莓种子{desc}恢复 {amount:hp} 点生命值。可重复收割。	セキタンベリーの種{desc}HPを{amount:hp}回復する。再収穫可能。	Семена Синягоды{desc}Восстанавливает {amount:hp} ОЗ. Можно собирать повторно.
spectreflowerSeeds	seeds	100	10	Spectre Flower Seeds{desc}Reduces the Speed of a Spirit and can be fed to wild Spirits during battle to tame them. Can be reharvested.	Graines de fleur spectrale{desc}Réduit la vitesse d'un esprit et peut être donnée aux esprits sauvages lors d'un combat pour les apprivoiser. Peut être récoltée plusieurs fois.	Geisterblumensamen{desc}Senkt das Tempo eines Geists und kann im Kampf an wilde Geister verfüttert werden, um diese zu zähmen. Kann wiederholt geerntet werden.	Semillas de flor espectral{desc}Reducen la Velocidad de un espíritu. Dáselas a un espíritu silvestre durante el combate para domarlo. Se pueden recolectar más de una vez.	Sementes de Florespectro{desc}Reduzem a Velocidade de um Espírito e podem ser usadas para alimentar Espíritos Selvagens e Domá-los durante a batalha. Podem ser colhidas mais de uma vez.	幽灵花种子{desc}降低精灵的速度，并可在战斗中喂给野生精灵以驯服它们。可重复收割。	オバケバナの種{desc}精霊のスピードを減らす。バトル中、野生の精霊に与えて手なづけることも可能。 再収穫可能。	Семена Спектроцвета{desc}Значительно снижает Скорость духа и может быть использован для приручения диких Духов в битве. Можно собирать повторно.
skeleplantSeeds	seeds	100	10	Skeleplant Seeds{desc}Reduces Vitality and boosts the Armor of a Spirit. Can be reharvested.	Graines de squelettige{desc}Réduit la vigueur et augmente l'armure d'un esprit. Peut être récoltée plusieurs fois.	Skelettpflanzensamen{desc}Senkt die Vitalität und erhöht die Rüstung eines Geists. Kann wiederholt geerntet werden.	Semillas de esqueleplanta{desc}Reducen la Vitalidad y aumentan la Armadura de un espíritu. Se pueden recolectar más de una vez.	Sementes de Esqueleplanta{desc}Reduzem a Vitalidade e reforçam a Armadura de um Espírito. Podem ser colhidas mais de uma vez.	骷髅植种子{desc}降低精灵的活力，并提升其防御。可重复收割。	ガイコツソウの種{desc}精霊のバイタリティを減らし、アーマーを強化する。再収穫可能。	Семена Скелетолиста{desc}Снижает Живучесть и повышает Броню Духа. Можно собирать повторно.
willowispSeeds	seeds	100	10	Willowisp Seeds{desc}Greatly boosts the XP of a Spirit. Can be reharvested.	Graines de fleur follette{desc}Augmente nettement l'EXP d'un esprit. Peut être récoltée plusieurs fois.	Wirrlichtsamen{desc}Erhöht die EP eines Geists erheblich. Kann wiederholt geerntet werden.	Semillas de fuego fatuo{desc}Aumentan bastante la EXP de un espíritu. Se pueden recolectar más de una vez.	Sementes de Fogo-Fátuo{desc}Reforçam consideravelmente a EXP de um Espírito. Podem ser colhidas mais de uma vez.	鬼火种子{desc}大幅增加精灵的经验值。可重复收割。	ウィルオウィスプの種{desc}精霊のXPをかなり強化する。再収穫可能。	Семена Призрачной Ягоды{desc}Значительно увеличивает ОО Духа. Можно собирать повторно.
ghostshroomSeeds	seeds	100	10	Ghostshroom Seeds{desc}Restores {amount:hp} HP. Can be reharvested.	Graines d'ectofongus{desc}Rend {amount:hp} PV. Peut être récolté plusieurs fois.	Geisterpilzsamen{desc}Heilt {amount:hp} LP. Kann wiederholt geerntet werden.	Semillas de fantaseta{desc}Curan {amount:hp} PS. Se pueden recolectar más de una vez.	Sementes de Fantasgumelo{desc}Restauram {amount:hp} de PV. Podem ser colhidas mais de uma vez.	幽灵蘑菇种子{desc}恢复 {amount:hp} 点生命值。可重复收割。	ユウレイキノコの種{desc}HPを{amount:hp}回復する。再収穫可能。	Семена Призрачного Гриба{desc}Восстанавливает {amount:hp} ОЗ. Можно собирать повторно.
											
											
// WINTER CROPS											
snowmanplantCrop	crop	100	53	Snowman Plant{desc}Restores {amount:hp} HP and boosts the Vitality of a Spirit. Can be reharvested.	Bonhomme de neige{desc}Rend {amount:hp} PV et augmente la vigueur d'un esprit. Peut être récolté plusieurs fois.	Schneemannpflanze{desc}Heilt {amount:hp} LP und erhöht die Vitalität eines Geists. Kann wiederholt geerntet werden.	Nieviplanta{desc}Cura {amount:hp} PS y aumenta la Vitalidad de un espíritu. Se puede recolectar más de una vez.	Fidalguinhos{desc}Restauram {amount:hp} de PV e reforçam a Vitalidade de um Espírito. Podem ser colhidos mais de uma vez.	雪人植{desc}恢复 {amount:hp} 点生命值，并提升精灵的活力。可重复收割。	ユキダルマソウ{desc}HPを{amount:hp}回復し、精霊のバイタリティを強化する。再収穫可能。	Снеговичник{desc}Восстанавливает {amount:hp} ОЗ и повышает Живучесть Духа. Можно собирать повторно.
crescentplantCrop	crop	100	57	Crescent Plant{desc}Significantly boosts the Vitality of a Spirit.	Lunacée{desc}Augmente considérablement la vigueur d'un esprit.	Halbmondpflanze{desc}Erhöht die Vitalität eines Geists massiv.	Medialuna{desc}Aumenta mucho la Vitalidad de un espíritu.	Planta Meia-Lua{desc}Reforçam significativamente a Vitalidade de um Espírito.	新月植{desc}显著提升精灵的活力。	ミカヅキソウ{desc}精霊のバイタリティを大幅に強化する。	Луноцвет{desc}Значительно повышает Живучесть Духа.
chillyberryCrop	crop	100	53	Chilly Berry{desc}Boosts the Armor and Vitality of a Spirit.	Frigibaie{desc}Augmente l'armure et la vigueur d'un esprit.	Frostbeere{desc}Erhöht die Rüstung und Vitalität eines Geists.	Hielibaya{desc}Aumenta la Armadura y la Vitalidad de un espíritu.	Amora Gelada{desc}Reforça a Armadura e a Vitalidade de um Espírito.	寒莓果{desc}提升精灵的防御和活力。	ヒンヤリベリー{desc}精霊のアーマーとバイタリティを強化する。	Ледяная Ягода{desc}Повышает Броню и Живучесть Духа.
snowflobesCrop	crop	100	53	Snow Flobes{desc}Super significantly restores Stamina.	Gélifleur{desc}Restaure énormément l'endurance.	Schneekugeln{desc}Stellt Ausdauer sehr massiv wieder her.	Flocos de nieve{desc}Restauran muchísima resistencia.	Flobo de Neve{desc}Restaura muito significativamente a Resistência.	雪花球{desc}极大幅恢复耐力。	ユキノツバ{desc}スタミナを超大幅に回復する。	Снежношар{desc}Значительно восстанавливает Выносливость.
saplantCrop	crop	100	153	Saplant{desc}Significantly reduces the Speed of a Spirit. Can be reharvested.	Plantisève{desc}Réduit considérablement la vitesse d'un esprit. Peut être récoltée plusieurs fois.	Saftpflanze{desc}Senkt das Tempo eines Geists massiv. Kann wiederholt geerntet werden.	Plantisavia{desc}Reduce mucho la Velocidad de un espíritu. Se puede recolectar más de una vez.	Seivadora{desc}Reduz significativamente a Velocidade de um Espírito. Pode ser colhida mais de uma vez.	萨普兰{desc}大幅降低精灵的速度。可重复收割。	ジュエキソウ{desc}精霊のスピードを大幅に減らす。再収穫可能。	Растрава{desc}Значительно снижает Скорость Духа. Можно собирать повторно.
flakeflowerCrop	crop	100	73	Flake Flower{desc}Reduces the Vitality, Power and Speed of a Spirit.	Floconia{desc}Réduit la vigueur, la puissance et la vitesse d'un esprit.	Flockenblume{desc}Senkt Vitalität, Kraft und Tempo eines Geists.	Copiflor{desc}Reduce la Vitalidad, el Vigor y la Velocidad de un espíritu.	Flor de Floco{desc}Reduz a Vitalidade, o Poder e a Velocidade de um Espírito.	片片花{desc}降低精灵的活力、能量和速度。	セッペンバナ{desc}精霊のバイタリティ、パワー、スピードを減らす。	Снежинкоцвет{desc}Снижает Живучесть, Силу и Скорость Духа.
bulbshroomCrop	crop	100	106	Bulbshroom{desc}Greatly boosts the Power and Speed of a Spirit.	Lampignon{desc}Augmente nettement la puissance et la vitesse d'un esprit.	Birnenpilz{desc}Erhöht Kraft und Tempo eines Geists erheblich.	Bulbiseta{desc}Aumenta bastante el Vigor y la Velocidad de un espíritu.	Lampamelo{desc}Reforça consideravelmente o Poder e a Velocidade de um Espírito.	球茎菇{desc}大幅提升精灵的能量和速度。	デンキュウキノコ{desc}精霊のパワーとスピードをかなり強化する。	Лампиньон{desc}Сильно повышает Силу и Скорость Духа.
popcornplantCrop	crop	100	36	Popcorn Plant{desc}Reduces the Armor of a Spirit. Can be reharvested.	Popcornacée{desc}Réduit l'armure d'un esprit. Peut être récoltée plusieurs fois.	Popcornpflanze{desc}Senkt die Rüstung eines Geists. Kann wiederholt geerntet werden.	Palomitera{desc}Reduce la Armadura de un espíritu. Se puede recolectar más de una vez.	Milho de Pipoca{desc}Reduz a Armadura de um Espírito. Pode ser colhida mais de uma vez.	爆米花植物{desc}降低精灵的防御。可重复收割。	ポップコーンソウ{desc}精霊のアーマーを減らす。再収穫可能。	Попкорник{desc}Снижает Броню Духа. Можно собирать повторно.
rubyplantCrop	crop	100	153	Ruby Plant{desc}Boosts the Vitality, Power and Speed of a Spirit.	Végécarlate{desc}Augmente la vigueur, la puissance et la vitesse d'un esprit.	Rubinpflanze{desc}Erhöht Vitalität, Kraft und Tempo eines Geists.	Planta rubí{desc}Aumenta la Vitalidad, el Vigor y la Velocidad de un espíritu.	Planta Rubi{desc}Reforça a Vitalidade, o Poder e a Velocidade de um Espírito.	红宝石植物{desc}提升精灵的活力、能量和速度。	コウギョクソウ{desc}精霊のバイタリティ、パワー、スピードを強化する。	Аленький Цветочек{desc}Повышает Живучесть, Силу и Скорость Духа.
sweaterplantCrop	crop	100	153	Sweater Plant{desc}Greatly boosts the Armor of a Spirit.	Pulloverdure{desc}Augmente nettement l'armure d'un esprit.	Pullipflanze{desc}Erhöht die Rüstung eines Geists erheblich.	Planta jersey{desc}Aumenta bastante la Armadura de un espíritu.	Planta Suéter{desc}Reforça consideravelmente a Armadura de um Espírito.	毛衣草{desc}大幅提升精灵的防御。	セーターソウ{desc}精霊のアーマーをかなり強化する。	Травянной Свитерок{desc}Сильно повышает Броню Духа.
blackpearlCrop	crop	100	166	Black Pearl{desc}Greatly reduces Armor and boost the Power of a Spirit.	Perle noire{desc}Réduit nettement l'armure et augmente la puissance d'un esprit.	Schwarzperle{desc}Senkt die Rüstung eines Geists erheblich und verstärkt seine Kraft.	Perla negra{desc}Reduce bastante la Armadura y aumenta el Vigor de un espíritu.	Pérola Negra{desc}Reduz consideravelmente a Armadura e reforça o Poder de um Espírito.	黑珍珠{desc}大幅降低精灵的防御，并提升其能量。	クロシンジュ{desc}精霊のアーマーを減らし、パワーをかなり強化する。	Чёрная Жемчужина{desc}Сильно снижает Броню и повышает Силу Духа.
iciclerootCrop	crop	100	173	Icicle Root{desc}Significantly reduces the Vitality, Power and Speed, and significantly boosts the Armor of a Spirit.	Givracine{desc}Réduit considérablement la vigueur, la puissance ainsi que la vitesse, et augmente considérablement l'armure d'un esprit.	Eiszapfenwurzel{desc}Senkt Vitalität, Kraft und Tempo massiv und erhöht die Rüstung eines Geists massiv.	Raíz de témpano{desc}Reduce mucho la Vitalidad, el Vigor y la Velocidad de un espíritu y aumenta mucho su Armadura.	Pingente de Gelo{desc}Reduz significativamente a Vitalidade, o Poder e a Velocidade de um Espírito, e reforça significativamente a Armadura de um Espírito.	冰锥根{desc}显著降低精灵的活力、能量和速度，并显著提升其防御。	ツララネッコ{desc}精霊のバイタリティ、パワー、スピードを大幅に減らし、アーマーを大幅に強化する。	Сосульный Корень{desc}Значительно снижает Живучесть, Силу и Скорость, и значительно повышает Броню Духа.
snowdropflowerCrop	crop	100	180	Snowdrop flower{desc}Significantly boosts the XP of a Spirit and can be fed to wild Spirits during battle to tame them.	Perce-neige{desc}Augmente considérablement l'EXP d'un esprit et peut être donnée aux esprits sauvages lors d'un combat pour les apprivoiser.	Schneeglöckchen{desc}Erhöht die EP eines Geists massiv und kann im Kampf an wilde Geister verfüttert werden, um diese zu zähmen.	Campanilla de invierno{desc}Aumenta mucho la EXP de un espíritu. Dásela a un espíritu silvestre durante el combate para domarlo.	Galanthus{desc}Reforça significativamente a EXP de um Espírito e pode ser usada para alimentar Espíritos Selvagens e Domá-los durante a batalha.	落雪花{desc}显著提升精灵的经验值，并可在战斗中喂给野生精灵以驯服它们。	スノードロップ{desc}精霊のXPを大幅に強化する。バトル中、野生の精霊に与えて手なづけることも可能。	Подснежник{desc}Увеличивает ОО Духа и может быть использован для приручения диких Духов в битве.
giftplantCrop	crop	100	186	Gift Plant{desc}Super significantly boosts the XP of a Spirit.	Plante-cadeau{desc}Augmente énormément l'EXP d'un esprit.	Geschenkpflanze{desc}Erhöht die EP eines Geists sehr massiv.	Planta obsequio{desc}Aumenta muchísimo la EXP de un espíritu.	Planta-Presente{desc}Reforça muito significativamente a EXP de um Espírito.	礼物植{desc}极大幅增加精灵的经验值。	オクリモノソウ{desc}精霊のXPを超大幅に強化する。	Подаркоцвет{desc}Значительно увеличивает ОО Духа.
											
snowmanplantSeeds	seeds	100	10	Snowman Plant Seeds{desc}Restores {amount:hp} HP and boosts the Vitality of a Spirit. Can be reharvested.	Graines de bonhomme de neige{desc}Rend {amount:hp} PV et augmente la vigueur d'un esprit. Peut être récolté plusieurs fois.	Schneemannpflanzensamen{desc}Heilt {amount:hp} LP und erhöht die Vitalität eines Geists. Kann wiederholt geerntet werden.	Semillas de nieviplanta{desc}Curan {amount:hp} PS y aumentan la Vitalidad de un espíritu. Se pueden recolectar más de una vez.	Sementes de Fidalguinhos{desc}Restauram {amount:hp} de PV e reforçam a Vitalidade de um Espírito. Podem ser colhidas mais de uma vez.	雪人植种子{desc}恢复 {amount:hp} 点生命值，并提升精灵的活力。可重复收割。	ユキダルマソウの種{desc}HPを{amount:hp}回復し、精霊のバイタリティを強化する。再収穫可能。	Семена Снеговичника{desc}Восстанавливает {amount:hp} ОЗ и повышает Живучесть Духа. Можно собирать повторно.
crescentplantSeeds	seeds	100	10	Crescent Plant Seeds{desc}Significantly boosts the Vitality of a Spirit.	Graines de lunacée{desc}Augmente considérablement la vigueur d'un esprit.	Halbmondpflanzensamen{desc}Erhöht die Vitalität eines Geists massiv.	Semillas de medialuna{desc}Aumentan mucho la Vitalidad de un espíritu.	Sementes de Planta Meia-Lua{desc}Reforçam significativamente a Vitalidade de um Espírito.	新月植种子{desc}显著提升精灵的活力。	ミカヅキソウの種{desc}精霊のバイタリティを大幅に強化する。	Семена Луноцвета{desc}Значительно повышает Живучесть Духа.
chillyberrySeeds	seeds	100	10	Chilly Berry Seeds{desc}Boosts the Armor and Vitality of a Spirit.	Graines de frigibaie{desc}Augmente l'armure et la vigueur d'un esprit.	Frostbeerensamen{desc}Erhöht die Rüstung und Vitalität eines Geists.	Semillas de hielibaya{desc}Aumentan la Armadura y la Vitalidad de un espíritu.	Sementes de Amora Gelada{desc}Reforçam a Armadura e a Vitalidade de um Espírito.	寒莓果种子{desc}提升精灵的防御和活力。	ヒンヤリベリーの種{desc}精霊のアーマーとバイタリティを強化する。	Семена Ледяной Ягоды{desc}Повышает Броню и Живучесть Духа.
snowflobesSeeds	seeds	100	10	Snow Flobes Seeds{desc}Super significantly restores Stamina.	Graines de gélifleur{desc}Restaure énormément l'endurance.	Schneekugelsamen{desc}Stellt Ausdauer sehr massiv wieder her.	Semillas de floco de nieve{desc}Restauran muchísima resistencia.	Sementes de Flobo de Neve{desc}Restauram muito significativamente a Resistência.	雪花球种子{desc}极大幅恢复耐力。	ユキノツバの種{desc}スタミナを超大幅に回復する。	Семена Снежношара{desc}Значительно восстанавливает Выносливость.
saplantSeeds	seeds	100	10	Saplant Seeds{desc}Significantly reduces the Speed of a Spirit. Can be reharvested.	Graines de plantisève{desc}Réduit considérablement la vitesse d'un esprit. Peut être récoltée plusieurs fois.	Saftpflanzensamen{desc}Senkt das Tempo eines Geists massiv. Kann wiederholt geerntet werden.	Semillas de plantisavia{desc}Reducen mucho la Velocidad de un espíritu. Se pueden recolectar más de una vez.	Sementes de Seivadora{desc}Reduzem significativamente a Velocidade de um Espírito. Podem ser colhidas mais de uma vez.	萨普兰种子{desc}大幅降低精灵的速度。可重复收割。	ジュエキソウの種{desc}精霊のスピードを大幅に減らす。再収穫可能。	Семена Растрава{desc}Значительно снижает Скорость Духа. Можно собирать повторно.
flakeflowerSeeds	seeds	100	10	Flake Flower Seeds{desc}Reduces the Vitality, Power and Speed of a Spirit.	Graines de floconia{desc}Réduit la vigueur, la puissance et la vitesse d'un esprit.	Flockenblumensamen{desc}Senkt Vitalität, Kraft und Tempo eines Geists.	Semillas de copiflor{desc}Reducen la Vitalidad, el Vigor y la Velocidad de un espíritu.	Sementes de Flor de Floco{desc}Reduzem a Vitalidade, o Poder e a Velocidade de um Espírito.	片片花种子{desc}降低精灵的活力、能量和速度。	セッペンバナの種{desc}精霊のバイタリティ、パワー、スピードを減らす。	Семена Снежинкоцвета{desc}Снижает Живучесть, Силу и Скорость Духа.
bulbshroomSeeds	seeds	100	10	Bulbshroom Seeds{desc}Greatly boosts the Power and Speed of a Spirit.	Graines de lampignon{desc}Augmente nettement la puissance et la vitesse d'un esprit.	Birnenpilzsamen{desc}Erhöht Kraft und Tempo eines Geists erheblich.	Semillas de bulbiseta{desc}Aumentan bastante el Vigor y la Velocidad de un espíritu.	Sementes de Lampamelo{desc}Reforçam consideravelmente o Poder e a Velocidade de um Espírito.	球茎菇种子{desc}大幅提升精灵的能量和速度。	デンキュウキノコの種{desc}精霊のパワーとスピードをかなり強化する。	Семена Лампиньона{desc}Сильно повышает Силу и Скорость Духа.
popcornplantSeeds	seeds	100	10	Popcorn Plant Seeds{desc}Reduces the Armor of a Spirit. Can be reharvested.	Graines de popcornacée{desc}Réduit l'armure d'un esprit. Peut être récoltée plusieurs fois.	Popcornpflanzensamen{desc}Senkt die Rüstung eines Geists. Kann wiederholt geerntet werden.	Semillas de palomitera{desc}Reducen la Armadura de un espíritu. Se pueden recolectar más de una vez.	Sementes de Milho de Pipoca{desc}Reduzem a Armadura de um Espírito. Podem ser colhidas mais de uma vez.	爆米花植物种子{desc}降低精灵的防御。可重复收割。	ポップコーンソウの種{desc}精霊のアーマーを減らす。再収穫可能。	Семена Попкорника{desc}Снижает Броню Духа. Можно собирать повторно.
rubyplantSeeds	seeds	100	10	Ruby Plant Seeds{desc}Boosts the Vitality, Power and Speed of a Spirit.	Graines de végécarlate{desc}Augmente la vigueur, la puissance et la vitesse d'un esprit.	Rubinpflanzensamen{desc}Erhöht Vitalität, Kraft und Tempo eines Geists.	Semillas de planta rubí{desc}Aumentan la Vitalidad, el Vigor y la Velocidad de un espíritu.	Sementes de Planta Rubi{desc}Reforçam a Vitalidade, o Poder e a Velocidade de um Espírito.	红宝石植物种子{desc}提升精灵的活力、能量和速度。	コウギョクソウの種{desc}精霊のバイタリティ、パワー、スピードを強化する。	Семена Аленького Цветочка{desc}Повышает Живучесть, Силу и Скорость Духа.
sweaterplantSeeds	seeds	100	10	Sweater Plant Seeds{desc}Greatly boosts the Armor of a Spirit.	Graines de pulloverdure{desc}Augmente nettement l'armure d'un esprit.	Pullipflanzensamen{desc}Erhöht die Rüstung eines Geists erheblich.	Semillas de planta jersey{desc}Aumentan bastante la Armadura de un espíritu.	Sementes de Planta Suéter{desc}Reforçam consideravelmente a Armadura de um Espírito.	毛衣草种子{desc}大幅提升精灵的防御。	セーターソウの種{desc}精霊のアーマーをかなり強化する。	Семена Травянного Свитерка{desc}Сильно повышает Броню Духа.
blackpearlSeeds	seeds	100	10	Black Pearl Seeds{desc}Greatly reduces Armor and boosts the Power of a Spirit.	Graines de perle noire{desc}Réduit nettement l'armure et augmente la puissance d'un esprit.	Schwarzperlensamen{desc}Senkt die Rüstung eines Geists erheblich und verstärkt seine Kraft.	Semillas de perla negra{desc}Reducen bastante la Armadura y aumentan el Vigor de un espíritu.	Sementes de Pérola Negra{desc}Reduzem consideravelmente a Armadura e reforçam o Poder de um Espírito.	黑珍珠种子{desc}大幅降低精灵的防御，并提升其能量。	クロシンジュの種{desc}精霊のアーマーを減らし、パワーをかなり強化する。	Семена Чёрной Жемчужины{desc}Сильно снижает Броню и повышает Силу Духа.
iciclerootSeeds	seeds	100	10	Icicle Root Seeds{desc}Significantly reduces the Vitality, Power and Speed, and significantly boosts the Armor of a Spirit.	Graines de givracine{desc}Réduit considérablement la vigueur, la puissance ainsi que la vitesse, et augmente considérablement l'armure d'un esprit.	Eiszapfenwurzelsamen{desc}Senkt Vitalität, Kraft und Tempo deutlich und erhöht die Rüstung eines Geists massiv.	Semillas de raíz de témpano{desc}Reducen mucho la Vitalidad, el Vigor y la Velocidad de un espíritu y aumentan mucho su Armadura.	Sementes de Pingente de Gelo{desc}Reduzem significativamente a Vitalidade, o Poder e a Velocidade, e reforçam significativamente a Armadura de um Espírito.	冰锥根种子{desc}显著降低精灵的活力、能量和速度，并显著提升其防御。	ツララネッコの種{desc}精霊のバイタリティ、パワー、スピードを大幅に減らし、アーマーを大幅に強化する。	Семена Сосульного Корня{desc}Значительно снижает Живучесть, Силу и Скорость, и значительно повышает Броню Духа.
snowdropflowerSeeds	seeds	100	10	Snowdrop flower Seeds{desc}Significantly boosts the XP of a Spirit and can be fed to wild Spirits during battle to tame them.	Graines de perce-neige{desc}Augmente considérablement l'EXP d'un esprit et peut être donnée aux esprits sauvages lors d'un combat pour les apprivoiser.	Schneeglöckchensamen{desc}Erhöht die EP eines Geists massiv und kann im Kampf an wilde Geister verfüttert werden, um diese zu zähmen.	Semillas de campanilla de invierno{desc}Aumentan mucho la EXP de un espíritu. Dáselas a un espíritu silvestre durante el combate para domarlo.	Sementes de Galanthus{desc}Reforçam significativamente a EXP de um Espírito e podem ser usadas para alimentar Espíritos Selvagens e Domá-los durante a batalha.	落雪花种子{desc}显著提升精灵的经验值，并可在战斗中喂给野生精灵以驯服它们。	スノードロップの種{desc}精霊のXPを大幅に強化する。バトル中、野生の精霊に与えて手なづけることも可能。	Семена Подснежника{desc}Увеличивает ОО Духа и может быть использован для приручения диких Духов в битве.
giftplantSeeds	seeds	100	10	Gift Plant Seeds{desc}Super significantly boosts the XP of a Spirit.	Graines de plante-cadeau{desc}Augmente énormément l'EXP d'un esprit.	Geschenkpflanzensamen{desc}Erhöht die EP eines Geists sehr massiv.	Semillas de planta obsequio{desc}Aumentan muchísimo la EXP de un espíritu.	Sementes de Planta-Presente{desc}Reforçam muito significativamente a EXP de um Espírito.	礼物植种子{desc}极大幅增加精灵的经验值。	オクリモノソウの種{desc}精霊のXPを超大幅に強化する。	Семена Подаркоцвета{desc}Значительно увеличивает ОО Духа.
											
											
ladderplantSeeds	seeds	100	20	Ladder Plant Seeds{desc}Will only grow if planted at the base of a cliff. Grows a climbable crop. Doesn't need to be watered. Grows in any  season.	Graines de plantéchelle{desc}Poussera uniquement si elle est plantée au pied d'une falaise. Fait pousser une plante grimpante. N'a pas besoin d'être arrosée. Pousse en toute saison.	Leiterpflanzensamen{desc}Wächst nur am Fuß einer Klippe. Ist kletterfähig. Braucht nicht gewässert zu werden. Wächst in jeder Jahreszeit.	Semillas de escaladera{desc}Solo crece si se planta al pie de un desnivel. De sus semillas, germina una planta que se puede escalar. No hace falta regarla y crece en cualquier estación.	Sementes de Escadaplanta{desc}Crescem apenas se plantadas na base de um penhasco. A plantação cresce de forma escalável. Não precisam ser regadas. Crescem em qualquer estação.	梯植种子{desc}只有种植在悬崖底部才会生长。可生长出可攀爬的作物。不需要浇水。可以在任何季节生长。	ハシゴソウの種{desc}崖の底に植えた場合にのみ、上ることのできる作物が育つ。水をやる必要はない。すべての季節に対応。	Семена Лестницы-плюща{desc}Можно высаживать только под утёсом. Вырастает в лестницу. Не нужно поливать. Растет в любой сезон.
											
											
											
											
											
											
											
											
											
											
											
											
											
											
											
											
											
											
											
											
											
											
											
											
											
											
											
											
											
											
											
											
											
											
											
											
											
											
											
											
											
											
											
											
											
											
											
											
											
											
											
											
											
											
											
											
											
											
											
											
											
											
											
											
											
											
											
											
											
											
											
											
											
											
											
											
											
											
											
											
											
											
											
											
											
											
											
											
											
											
											
											
											
											
											
											
											
											
											
											
											
											
											
											
											
											
											
											
											
											
											
											
											
											
											
											
											
											
											
											
											
											
											
											
											
											
											
											
											
											
											
											
											
											
											
											
											
											
											
											
											
											
											
											
											
											
											
											
											
											
											
											
											
											
											
											
											
											
											
											
											
											
											
											
											
											
											
											
											
											
											
											
											
											
											
											
											
											
											
											
											
											
											
											
											
											
											
											
											
											
											
											
											
											
											
											
											
											
											
											
											
											
											
											
											
											
											
											
											
											
											
											
											
											
											
											
											
											
											
											
											
											
											
											
											
											
											
											
											
											
											
											
											
											
											
											
											
											
											
											
											
											
											
											
											
											
											
											
											
											
											
											
											
											

FISH	type	stackSize	price		FR	DE	ES	BR	CN	JP	RU
											
blobfishB	fish	100	45	Blobfish (Bronze){desc}The amorphous shape of the Blobfish makes them very difficult to spot.	Blobfish (bronze){desc}Le physique informe du blobfish le rend très difficile à repérer.	Blobfisch (Bronze){desc}Durch seine amorphe Gestalt ist der Blobfisch nur sehr schwer zu entdecken.	Pez borrón (bronce){desc}No es fácil avistarlo debido a su figura amorfa.	Peixe-Bolha (Bronze){desc}O formato amorfo dos Peixes-Bolha dificulta detectá-los.	水滴鱼（青铜）{desc}水滴鱼没有固定形状，很难被发现。	ポッチャリギョ（ブロンズ）{desc}ポッチャリギョは一定の形を持たないため、かなり見つけにくい。	Толстобобик (бронзовый){desc}Бесформенный облик этой рыбы делает её труднозаметной.
blobfishS	fish	100	90	Blobfish (Silver){desc}The amorphous shape of the Blobfish makes them very difficult to spot.	Blobfish (argent){desc}Le physique informe du blobfish le rend très difficile à repérer.	Blobfisch (Silber){desc}Durch seine amorphe Gestalt ist der Blobfisch nur sehr schwer zu entdecken.	Pez borrón (plata){desc}No es fácil avistarlo debido a su figura amorfa.	Peixe-Bolha (Prata){desc}O formato amorfo dos Peixes-Bolha dificulta detectá-los.	水滴鱼（白银）{desc}水滴鱼没有固定形状，很难被发现。	ポッチャリギョ（シルバー）{desc}ポッチャリギョは一定の形を持たないため、かなり見つけにくい。	Толстобобик (серебряный){desc}Бесформенный облик этой рыбы делает её труднозаметной.
blobfishG	fish	100	135	Blobfish (Gold){desc}The amorphous shape of the Blobfish makes them very difficult to spot.	Blobfish (or){desc}Le physique informe du blobfish le rend très difficile à repérer.	Blobfisch (Gold){desc}Durch seine amorphe Gestalt ist der Blobfisch nur sehr schwer zu entdecken.	Pez borrón (oro){desc}No es fácil avistarlo debido a su figura amorfa.	Peixe-Bolha (Ouro){desc}O formato amorfo dos Peixes-Bolha dificulta detectá-los.	水滴鱼（黄金）{desc}水滴鱼没有固定形状，很难被发现。	ポッチャリギョ（ゴールド）{desc}ポッチャリギョは一定の形を持たないため、かなり見つけにくい。	Толстобобик (золотой){desc}Бесформенный облик этой рыбы делает её труднозаметной.
blobfishM	fish	100	180	Blobfish (Moonstone){desc}The amorphous shape of the Blobfish makes them very difficult to spot.	Blobfish (pierre de lune){desc}Le physique informe du blobfish le rend très difficile à repérer.	Blobfisch (Mondstein){desc}Durch seine amorphe Gestalt ist der Blobfisch nur sehr schwer zu entdecken.	Pez borrón (piedra lunar){desc}No es fácil avistarlo debido a su figura amorfa.	Peixe-Bolha (Selenita){desc}O formato amorfo dos Peixes-Bolha dificulta detectá-los.	水滴鱼（月石）{desc}水滴鱼没有固定形状，很难被发现。	ポッチャリギョ（ムーンストーン）{desc}ポッチャリギョは一定の形を持たないため、かなり見つけにくい。	Толстобобик (лунный){desc}Бесформенный облик этой рыбы делает её труднозаметной.
bunnyfishB	fish	100	50	Bunnyfish (Bronze){desc}Bunnyfish have long, rabbit-like ears. Nobody knows why.	Poisson-lapin (bronze){desc}Le poisson-lapin a de grandes oreilles qui ressemblent à celles de ce mammifère. Personne ne sait pourquoi.	Hasenfisch (Bronze){desc}Hasenfische haben lange, hasenähnliche Ohren. Niemand weiß, warum.	Pez conejo (bronce){desc}Este pez tiene las orejas largas como las de un conejo. Nadie sabe por qué.	Peixe-Coelho (Bronze){desc}O Peixe-Coelho tem orelhas longas como as de um coelho. Ninguém sabe o porquê.	兔鱼（青铜）{desc}兔鱼长着像兔子一样的长耳朵。没有人知道原因。	ウサギザカナ（ブロンズ）{desc}ウサギのような長い耳を持っている。理由は不明。	Кролещ (бронзовый){desc}У Кролеща длинные кроличьи уши. Никто не знает почему.
bunnyfishS	fish	100	100	Bunnyfish (Silver){desc}Bunnyfish have long, rabbit-like ears. Nobody knows why.	Poisson-lapin (argent){desc}Le poisson-lapin a de grandes oreilles qui ressemblent à celles de ce mammifère. Personne ne sait pourquoi.	Hasenfisch (Silber){desc}Hasenfische haben lange, hasenähnliche Ohren. Niemand weiß, warum.	Pez conejo (plata){desc}Este pez tiene las orejas largas como las de un conejo. Nadie sabe por qué.	Peixe-Coelho (Prata){desc}O Peixe-Coelho tem orelhas longas como as de um coelho. Ninguém sabe o porquê.	兔鱼（白银）{desc}兔鱼长着像兔子一样的长耳朵。没有人知道原因。	ウサギザカナ（シルバー）{desc}ウサギのような長い耳を持っている。理由は不明。	Кролещ (серебряный){desc}У Кролеща длинные кроличьи уши. Никто не знает почему.
bunnyfishG	fish	100	150	Bunnyfish (Gold){desc}Bunnyfish have long, rabbit-like ears. Nobody knows why.	Poisson-lapin (or){desc}Le poisson-lapin a de grandes oreilles qui ressemblent à celles de ce mammifère. Personne ne sait pourquoi.	Hasenfisch (Gold){desc}Hasenfische haben lange, hasenähnliche Ohren. Niemand weiß, warum.	Pez conejo (oro){desc}Este pez tiene las orejas largas como las de un conejo. Nadie sabe por qué.	Peixe-Coelho (Ouro){desc}O Peixe-Coelho tem orelhas longas como as de um coelho. Ninguém sabe o porquê.	兔鱼（黄金）{desc}兔鱼长着像兔子一样的长耳朵。没有人知道原因。	ウサギザカナ（ゴールド）{desc}ウサギのような長い耳を持っている。理由は不明。	Кролещ (золотой){desc}У Кролеща длинные кроличьи уши. Никто не знает почему.
bunnyfishM	fish	100	200	Bunnyfish (Moonstone){desc}Bunnyfish have long, rabbit-like ears. Nobody knows why.	Poisson-lapin (pierre de lune){desc}Le poisson-lapin a de grandes oreilles qui ressemblent à celles de ce mammifère. Personne ne sait pourquoi.	Hasenfisch (Mondstein){desc}Hasenfische haben lange, hasenähnliche Ohren. Niemand weiß, warum.	Pez conejo (piedra lunar){desc}Este pez tiene las orejas largas como las de un conejo. Nadie sabe por qué.	Peixe-Coelho (Selenita){desc}O Peixe-Coelho tem orelhas longas como as de um coelho. Ninguém sabe o porquê.	兔鱼（月石）{desc}兔鱼长着像兔子一样的长耳朵。没有人知道原因。	ウサギザカナ（ムーンストーン）{desc}ウサギのような長い耳を持っている。理由は不明。	Кролещ (лунный){desc}У Кролеща длинные кроличьи уши. Никто не знает почему.
cinderfishB	fish	100	60	Cinderfish (Bronze){desc}Cinderfish look like they're made of fire. Don't worry, it's just an illusion.	Poisson-cendre (bronze){desc}On pourrait croire que le poisson-cendre se compose de feu, mais ce n'est qu'une impression.	Zunderfisch (Bronze){desc}Zunderfisch sehen aus, als würden sie brennen. Keine Sorge, das ist nur eine Illusion.	Pez ceniza (bronce){desc}Este pez parece que esté en llamas. No te preocupes, es un efecto óptico.	Peixe-Brasa (Bronze){desc}Os Peixes-Brasa parecem ser feitos de fogo. Relaxa, é só uma ilusão.	炉灰鱼（青铜）{desc}炉灰鱼看起来好像是火做成的。别担心，那只是幻觉。	ハイカブリギョ（ブロンズ）{desc}火でできているような見た目をしている。大丈夫、ただの錯覚。	Искрохвостик (бронзовый){desc}Выглядит будто она сделана из огня. Не волнуйтесь, это всего лишь иллюзия.
cinderfishS	fish	100	120	Cinderfish (Silver){desc}Cinderfish look like they're made of fire. Don't worry, it's just an illusion.	Poisson-cendre (argent){desc}On pourrait croire que le poisson-cendre se compose de feu, mais ce n'est qu'une impression.	Zunderfisch (Silber){desc}Zunderfisch sehen aus, als würden sie brennen. Keine Sorge, das ist nur eine Illusion.	Pez ceniza (plata){desc}Este pez parece que esté en llamas. No te preocupes, es un efecto óptico.	Peixe-Brasa (Prata){desc}Os Peixes-Brasa parecem ser feitos de fogo. Relaxa, é só uma ilusão.	炉灰鱼（白银）{desc}炉灰鱼看起来好像是火做成的。别担心，那只是幻觉。	ハイカブリギョ（シルバー）{desc}火でできているような見た目をしている。大丈夫、ただの錯覚。	Искрохвостик (серебряный){desc}Выглядит будто она сделана из огня. Не волнуйтесь, это всего лишь иллюзия.
cinderfishG	fish	100	180	Cinderfish (Gold){desc}Cinderfish look like they're made of fire. Don't worry, it's just an illusion.	Poisson-cendre (or){desc}On pourrait croire que le poisson-cendre se compose de feu, mais ce n'est qu'une impression.	Zunderfisch (Gold){desc}Zunderfisch sehen aus, als würden sie brennen. Keine Sorge, das ist nur eine Illusion.	Pez ceniza (oro){desc}Este pez parece que esté en llamas. No te preocupes, es un efecto óptico.	Peixe-Brasa (Ouro){desc}Os Peixes-Brasa parecem ser feitos de fogo. Relaxa, é só uma ilusão.	炉灰鱼（黄金）{desc}炉灰鱼看起来好像是火做成的。别担心，那只是幻觉。	ハイカブリギョ（ゴールド）{desc}火でできているような見た目をしている。大丈夫、ただの錯覚。	Искрохвостик (золотой){desc}Выглядит будто она сделана из огня. Не волнуйтесь, это всего лишь иллюзия.
cinderfishM	fish	100	240	Cinderfish (Moonstone){desc}Cinderfish look like they're made of fire. Don't worry, it's just an illusion.	Poisson-cendre (pierre de lune){desc}On pourrait croire que le poisson-cendre se compose de feu, mais ce n'est qu'une impression.	Zunderfisch (Mondstein){desc}Zunderfisch sehen aus, als würden sie brennen. Keine Sorge, das ist nur eine Illusion.	Pez ceniza (piedra lunar){desc}Este pez parece que esté en llamas. No te preocupes, es un efecto óptico.	Peixe-Brasa (Selenita){desc}Os Peixes-Brasa parecem ser feitos de fogo. Relaxa, é só uma ilusão.	炉灰鱼（月石）{desc}炉灰鱼看起来好像是火做成的。别担心，那只是幻觉。	ハイカブリギョ（ムーンストーン）{desc}火でできているような見た目をしている。大丈夫、ただの錯覚。	Искрохвостик (лунный){desc}Выглядит будто она сделана из огня. Не волнуйтесь, это всего лишь иллюзия.
fangfishB	fish	100	25	Fangfish (Bronze){desc}Fangfish are known for their large teeth that stick out even when their mouths are closed.	Poisson-ogre (bronze){desc}Le poisson-ogre est facilement reconnaissable à ses grandes dents qui dépassent de sa bouche même lorsqu'elle est fermée.	Fangzahnfisch (Bronze){desc}Fangzahnfische sind bekannt für ihre großen Zähne, die selbst bei geschlossenem Maul zu sehen sind.	Pez colmillo (bronce){desc}Este pez destaca por tener un enorme colmillo que le sobresale incluso con la boca cerrada.	Peixe-Ogro (Bronze){desc}Os Peixes-Ogro são conhecidos por seus grandes dentes que se destacam mesmo quando estão de boca fechada.	尖牙鱼（青铜）{desc}尖牙鱼以其大尖牙而闻名，即使闭上嘴巴也藏不住。	キバザカナ（ブロンズ）{desc}口を閉じているときでも目立つ巨大な歯を持っていることで有名。	Злосётр (бронзовый){desc}Злосётры известны своими большими зубами, которые торчат даже когда их рты закрыты.
fangfishS	fish	100	50	Fangfish (Silver){desc}Fangfish are known for their large teeth that stick out even when their mouths are closed.	Poisson-ogre (argent){desc}Le poisson-ogre est facilement reconnaissable à ses grandes dents qui dépassent de sa bouche même lorsqu'elle est fermée.	Fangzahnfisch (Silber){desc}Fangzahnfische sind bekannt für ihre großen Zähne, die selbst bei geschlossenem Maul zu sehen sind.	Pez colmillo (plata){desc}Este pez destaca por tener un enorme colmillo que le sobresale incluso con la boca cerrada.	Peixe-Ogro (Prata){desc}Os Peixes-Ogro são conhecidos por seus grandes dentes que se destacam mesmo quando estão de boca fechada.	尖牙鱼（白银）{desc}尖牙鱼以其大尖牙而闻名，即使闭上嘴巴也藏不住。	キバザカナ（シルバー）{desc}口を閉じているときでも目立つ巨大な歯を持っていることで有名。	Злосётр (серебряный){desc}Злосётры известны своими большими зубами, которые торчат даже когда их рты закрыты.
fangfishG	fish	100	75	Fangfish (Gold){desc}Fangfish are known for their large teeth that stick out even when their mouths are closed.	Poisson-ogre (or){desc}Le poisson-ogre est facilement reconnaissable à ses grandes dents qui dépassent de sa bouche même lorsqu'elle est fermée.	Fangzahnfisch (Gold){desc}Fangzahnfische sind bekannt für ihre großen Zähne, die selbst bei geschlossenem Maul zu sehen sind.	Pez colmillo (oro){desc}Este pez destaca por tener un enorme colmillo que le sobresale incluso con la boca cerrada.	Peixe-Ogro (Ouro){desc}Os Peixes-Ogro são conhecidos por seus grandes dentes que se destacam mesmo quando estão de boca fechada.	尖牙鱼（黄金）{desc}尖牙鱼以其大尖牙而闻名，即使闭上嘴巴也藏不住。	キバザカナ（ゴールド）{desc}口を閉じているときでも目立つ巨大な歯を持っていることで有名。	Злосётр (золотой){desc}Злосётры известны своими большими зубами, которые торчат даже когда их рты закрыты.
fangfishM	fish	100	100	Fangfish (Moonstone){desc}Fangfish are known for their large teeth that stick out even when their mouths are closed.	Poisson-ogre (pierre de lune){desc}Le poisson-ogre est facilement reconnaissable à ses grandes dents qui dépassent de sa bouche même lorsqu'elle est fermée.	Fangzahnfisch (Mondstein){desc}Fangzahnfische sind bekannt für ihre großen Zähne, die selbst bei geschlossenem Maul zu sehen sind.	Pez colmillo (piedra lunar){desc}Este pez destaca por tener un enorme colmillo que le sobresale incluso con la boca cerrada.	Peixe-Ogro (Selenita){desc}Os Peixes-Ogro são conhecidos por seus grandes dentes que se destacam mesmo quando estão de boca fechada.	尖牙鱼（月石）{desc}尖牙鱼以其大尖牙而闻名，即使闭上嘴巴也藏不住。	キバザカナ（ムーンストーン）{desc}口を閉じているときでも目立つ巨大な歯を持っていることで有名。	Злосётр (лунный){desc}Злосётры известны своими большими зубами, которые торчат даже когда их рты закрыты.
flyingfishB	fish	100	20	Flyingfish (Bronze){desc}Flying fish have wide fins so they can take to the air and hunt for flies.	Poisson volant (bronze){desc}Le poisson volant possède de grandes nageoires qui lui permettent de s'envoler pour partir à la chasse aux mouches.	Fliegender Fisch (Bronze){desc}Fliegende Fische haben breite Flossen, sodass sie im Flug nach Fliegen schnappen können.	Pez volador (bronce){desc}Este pez tiene unas amplias aletas que le permiten alzar el vuelo para cazar moscas.	Peixe-Voador (Bronze){desc}Os Peixes-Voadores têm barbatanas grandes para poderem levantar voo ou caçar moscas.	飞鱼（青铜）{desc}飞鱼有着宽阔的鳍，可以助其飞到空中捕食苍蝇。	トビウオ（ブロンズ）{desc}大きなヒレを持っているため、空を飛んでハエを探せる。	Рыба-летун (бронзовая){desc}Имеют широкие плавники, чтобы взлетать в воздух и охотиться на мух.
flyingfishS	fish	100	40	Flyingfish (Silver){desc}Flying fish have wide fins so they can take to the air and hunt for flies.	Poisson volant (argent){desc}Le poisson volant possède de grandes nageoires qui lui permettent de s'envoler pour partir à la chasse aux mouches.	Fliegender Fisch (Silber){desc}Fliegende Fische haben breite Flossen, sodass sie im Flug nach Fliegen schnappen können.	Pez volador (plata){desc}Este pez tiene unas amplias aletas que le permiten alzar el vuelo para cazar moscas.	Peixe-Voador (Prata){desc}Os Peixes-Voadores têm barbatanas grandes para poderem levantar voo ou caçar moscas.	飞鱼（白银）{desc}飞鱼有着宽阔的鳍，可以助其飞到空中捕食苍蝇。	トビウオ（シルバー）{desc}大きなヒレを持っているため、空を飛んでハエを探せる。	Рыба-летун (серебряная){desc}Имеют широкие плавники, чтобы взлетать в воздух и охотиться на мух.
flyingfishG	fish	100	60	Flyingfish (Gold){desc}Flying fish have wide fins so they can take to the air and hunt for flies.	Poisson volant (or){desc}Le poisson volant possède de grandes nageoires qui lui permettent de s'envoler pour partir à la chasse aux mouches.	Fliegender Fisch (Gold){desc}Fliegende Fische haben breite Flossen, sodass sie im Flug nach Fliegen schnappen können.	Pez volador (oro){desc}Este pez tiene unas amplias aletas que le permiten alzar el vuelo para cazar moscas.	Peixe-Voador (Ouro){desc}Os Peixes-Voadores têm barbatanas grandes para poderem levantar voo ou caçar moscas.	飞鱼（黄金）{desc}飞鱼有着宽阔的鳍，可以助其飞到空中捕食苍蝇。	トビウオ（ゴールド）{desc}大きなヒレを持っているため、空を飛んでハエを探せる。	Рыба-летун (золотая){desc}Имеют широкие плавники, чтобы взлетать в воздух и охотиться на мух.
flyingfishM	fish	100	80	Flyingfish (Moonstone){desc}Flying fish have wide fins so they can take to the air and hunt for flies.	Poisson volant (pierre de lune){desc}Le poisson volant possède de grandes nageoires qui lui permettent de s'envoler pour partir à la chasse aux mouches.	Fliegender Fisch (Mondstein){desc}Fliegende Fische haben breite Flossen, sodass sie im Flug nach Fliegen schnappen können.	Pez volador (piedra lunar){desc}Este pez tiene unas amplias aletas que le permiten alzar el vuelo para cazar moscas.	Peixe-Voador (Selenita){desc}Os Peixes-Voadores têm barbatanas grandes para poderem levantar voo ou caçar moscas.	飞鱼（月石）{desc}飞鱼有着宽阔的鳍，可以助其飞到空中捕食苍蝇。	トビウオ（ムーンストーン）{desc}大きなヒレを持っているため、空を飛んでハエを探せる。	Рыба-летун (лунная){desc}Имеют широкие плавники, чтобы взлетать в воздух и охотиться на мух.
jewelfishB	fish	100	40	Jewelfish (Bronze){desc}Jewelfish hunt for shiny stones and embed them in their scales to attract mates.	Cichlidé-joyau (bronze){desc}Le cichlidé-joyau chasse les pierres précieuses et les incruste dans ses écailles pour attirer ses partenaires.	Juwelenfisch (Bronze){desc}Juwelenfische jagen glänzende Steine und betten sie in ihren Schuppen ein, um ihresgleichen anzulocken.	Pez joya (bronce){desc}Este pez busca piedras brillantes para incrustarlas entre sus escamas y así atraer a una pareja.	Peixe Joia (Bronze){desc}Os Peixes Joias caçam pedras reluzentes e as incorporam em suas escamas para atrair parceiros.	宝石鱼（青铜）{desc}宝石鱼会搜捕发光的石头，并将它们嵌入鳞片中以吸引伴侣。	ホウセキザカナ（ブロンズ）{desc}つがいの気を引くため、キラキラな石を見つけてウロコに差し込む。	Сокровищука (бронзовая){desc}Охотится за драгоценными камнями и вставляет их в свою чешую, чтобы привлекать партнёров.
jewelfishS	fish	100	80	Jewelfish (Silver){desc}Jewelfish hunt for shiny stones and embed them in their scales to attract mates.	Cichlidé-joyau (argent){desc}Le cichlidé-joyau chasse les pierres précieuses et les incruste dans ses écailles pour attirer ses partenaires.	Juwelenfisch (Silber){desc}Juwelenfische jagen glänzende Steine und betten sie in ihren Schuppen ein, um ihresgleichen anzulocken.	Pez joya (plata){desc}Este pez busca piedras brillantes para incrustarlas entre sus escamas y así atraer a una pareja.	Peixe Joia (Prata){desc}Os Peixes Joias caçam pedras reluzentes e as incorporam em suas escamas para atrair parceiros.	宝石鱼（白银）{desc}宝石鱼会搜捕发光的石头，并将它们嵌入鳞片中以吸引伴侣。	ホウセキザカナ（シルバー）{desc}つがいの気を引くため、キラキラな石を見つけてウロコに差し込む。	Сокровищука (серебряная){desc}Охотится за драгоценными камнями и вставляет их в свою чешую, чтобы привлекать партнёров.
jewelfishG	fish	100	120	Jewelfish (Gold){desc}Jewelfish hunt for shiny stones and embed them in their scales to attract mates.	Cichlidé-joyau (or){desc}Le cichlidé-joyau chasse les pierres précieuses et les incruste dans ses écailles pour attirer ses partenaires.	Juwelenfisch (Gold){desc}Juwelenfische jagen glänzende Steine und betten sie in ihren Schuppen ein, um ihresgleichen anzulocken.	Pez joya (oro){desc}Este pez busca piedras brillantes para incrustarlas entre sus escamas y así atraer a una pareja.	Peixe Joia (Ouro){desc}Os Peixes Joias caçam pedras reluzentes e as incorporam em suas escamas para atrair parceiros.	宝石鱼（黄金）{desc}宝石鱼会搜捕发光的石头，并将它们嵌入鳞片中以吸引伴侣。	ホウセキザカナ（ゴールド）{desc}つがいの気を引くため、キラキラな石を見つけてウロコに差し込む。	Сокровищука (золотая){desc}Охотится за драгоценными камнями и вставляет их в свою чешую, чтобы привлекать партнёров.
jewelfishM	fish	100	160	Jewelfish (Moonstone){desc}Jewelfish hunt for shiny stones and embed them in their scales to attract mates.	Cichlidé-joyau (pierre de lune){desc}Le cichlidé-joyau chasse les pierres précieuses et les incruste dans ses écailles pour attirer ses partenaires.	Juwelenfisch (Mondstein){desc}Juwelenfische jagen glänzende Steine und betten sie in ihren Schuppen ein, um ihresgleichen anzulocken.	Pez joya (piedra lunar){desc}Este pez busca piedras brillantes para incrustarlas entre sus escamas y así atraer a una pareja.	Peixe Joia (Selenita){desc}Os Peixes Joias caçam pedras reluzentes e as incorporam em suas escamas para atrair parceiros.	宝石鱼（月石）{desc}宝石鱼会搜捕发光的石头，并将它们嵌入鳞片中以吸引伴侣。	ホウセキザカナ（ムーンストーン）{desc}つがいの気を引くため、キラキラな石を見つけてウロコに差し込む。	Сокровищука (лунная){desc}Охотится за драгоценными камнями и вставляет их в свою чешую, чтобы привлекать партнёров.
joltfishB	fish	100	35	Joltfish (Bronze){desc}Joltfish are very small and very fast.	Électrolotte (bronze){desc}L'électrolotte est très petite et rapide.	Voltfisch (Bronze){desc}Voltfische sind sehr klein und sehr schnell.	Electropez (bronce){desc}Este pez es pequeñito y muy rápido.	Peixoque (Bronze){desc}Os Peixoques são muito pequenos e muito rápidos.	颠鱼（青铜）{desc}颠鱼非常小且非常敏捷。	フルエザカナ（ブロンズ）{desc}かなり小さく、動きがかなり速い。	Резкарь (бронзовый){desc}Резкари очень маленькие и очень быстрые.
joltfishS	fish	100	70	Joltfish (Silver){desc}Joltfish are very small and very fast.	Électrolotte (argent){desc}L'électrolotte est très petite et rapide.	Voltfisch (Silber){desc}Voltfische sind sehr klein und sehr schnell.	Electropez (plata){desc}Este pez es pequeñito y muy rápido.	Peixoque (Prata){desc}Os Peixoques são muito pequenos e muito rápidos.	颠鱼（白银）{desc}颠鱼非常小且非常敏捷。	フルエザカナ（シルバー）{desc}かなり小さく、動きがかなり速い。	Резкарь (серебряный){desc}Резкари очень маленькие и очень быстрые.
joltfishG	fish	100	105	Joltfish (Gold){desc}Joltfish are very small and very fast.	Électrolotte (or){desc}L'électrolotte est très petite et rapide.	Voltfisch (Gold){desc}Voltfische sind sehr klein und sehr schnell.	Electropez (oro){desc}Este pez es pequeñito y muy rápido.	Peixoque (Ouro){desc}Os Peixoques são muito pequenos e muito rápidos.	颠鱼（黄金）{desc}颠鱼非常小且非常敏捷。	フルエザカナ（ゴールド）{desc}かなり小さく、動きがかなり速い。	Резкарь (золотой){desc}Резкари очень маленькие и очень быстрые.
joltfishM	fish	100	140	Joltfish (Moonstone){desc}Joltfish are very small and very fast.	Électrolotte (pierre de lune){desc}L'électrolotte est très petite et rapide.	Voltfisch (Mondstein){desc}Voltfische sind sehr klein und sehr schnell.	Electropez (piedra lunar){desc}Este pez es pequeñito y muy rápido.	Peixoque (Selenita){desc}Os Peixoques são muito pequenos e muito rápidos.	颠鱼（月石）{desc}颠鱼非常小且非常敏捷。	フルエザカナ（ムーンストーン）{desc}かなり小さく、動きがかなり速い。	Резкарь (лунный){desc}Резкари очень маленькие и очень быстрые.
lightningEelB	fish	100	45	Lightning Eel (Bronze){desc}Lightning eels can deliver a shock so strong it can stop a human heart.	Anguille électrique (bronze){desc}L'anguille électrique peut envoyer une décharge électrique capable de provoquer un arrêt cardiaque.	Zitteraal (Bronze){desc}Zitteraale geben einen Stromstoß von sich, der so stark ist, dass er ein menschliches Herz zum Stillstand bringen kann.	Anguila eléctrica (bronce){desc}Este pez da un calambrazo tan fuerte que podría provocar un paro cardíaco a un humano.	Enguia Elétrica (Bronze){desc}As Enguias Elétricas podem dar um choque tão forte que pode parar um coração humano.	闪电鳗鱼（青铜）{desc}闪电鳗鱼能释放出强大电击，足以让人类心脏骤停。	カミナリウナギ（ブロンズ）{desc}人間の心臓を止めるほど強力な電気ショックを与えることができる。	Электроугорь (бронзовый){desc}Способны нанести электроудар, который может остановить человеческое сердце.
lightningEelS	fish	100	90	Lightning Eel (Silver){desc}Lightning eels can deliver a shock so strong it can stop a human heart.	Anguille électrique (argent){desc}L'anguille électrique peut envoyer une décharge électrique capable de provoquer un arrêt cardiaque.	Zitteraal (Silber){desc}Zitteraale geben einen Stromstoß von sich, der so stark ist, dass er ein menschliches Herz zum Stillstand bringen kann.	Anguila eléctrica (plata){desc}Este pez da un calambrazo tan fuerte que podría provocar un paro cardíaco a un humano.	Enguia Elétrica (Prata){desc}As Enguias Elétricas podem dar um choque tão forte que pode parar um coração humano.	闪电鳗鱼（白银）{desc}闪电鳗鱼能释放出强大电击，足以让人类心脏骤停。	カミナリウナギ（シルバー）{desc}人間の心臓を止めるほど強力な電気ショックを与えることができる。	Электроугорь (серебряный){desc}Способны нанести электроудар, который может остановить человеческое сердце.
lightningEelG	fish	100	135	Lightning Eel (Gold){desc}Lightning eels can deliver a shock so strong it can stop a human heart.	Anguille électrique (or){desc}L'anguille électrique peut envoyer une décharge électrique capable de provoquer un arrêt cardiaque.	Zitteraal (Gold){desc}Zitteraale geben einen Stromstoß von sich, der so stark ist, dass er ein menschliches Herz zum Stillstand bringen kann.	Anguila eléctrica (oro){desc}Este pez da un calambrazo tan fuerte que podría provocar un paro cardíaco a un humano.	Enguia Elétrica (Ouro){desc}As Enguias Elétricas podem dar um choque tão forte que pode parar um coração humano.	闪电鳗鱼（黄金）{desc}闪电鳗鱼能释放出强大电击，足以让人类心脏骤停。	カミナリウナギ（ゴールド）{desc}人間の心臓を止めるほど強力な電気ショックを与えることができる。	Электроугорь (золотой){desc}Способны нанести электроудар, который может остановить человеческое сердце.
lightningEelM	fish	100	180	Lightning Eel (Moonstone){desc}Lightning eels can deliver a shock so strong it can stop a human heart.	Anguille électrique (pierre de lune){desc}L'anguille électrique peut envoyer une décharge électrique capable de provoquer un arrêt cardiaque.	Zitteraal (Mondstein){desc}Zitteraale geben einen Stromstoß von sich, der so stark ist, dass er ein menschliches Herz zum Stillstand bringen kann.	Anguila eléctrica (piedra lunar){desc}Este pez da un calambrazo tan fuerte que podría provocar un paro cardíaco a un humano.	Enguia Elétrica (Selenita){desc}As Enguias Elétricas podem dar um choque tão forte que pode parar um coração humano.	闪电鳗鱼（月石）{desc}闪电鳗鱼能释放出强大电击，足以让人类心脏骤停。	カミナリウナギ（ムーンストーン）{desc}人間の心臓を止めるほど強力な電気ショックを与えることができる。	Электроугорь (лунный){desc}Способны нанести электроудар, который может остановить человеческое сердце.
moonfishB	fish	100	50	Moonfish (Bronze){desc}These crescent-shaped fish resemble a waning moon.	Poisson-lune (bronze){desc}Ce poisson en forme de croissant ressemble à une lune descendante.	Mondfisch (Bronze){desc}Diese sichelförmigen Fische ähneln einem abnehmenden Mond.	Pez luna (bronce){desc}Este pez parece una luna en cuarto menguante.	Peixe-Lua (Bronze){desc}Esses peixes em formato de meia-lua se assemelham a uma lua minguante.	月鱼（青铜）{desc}这种新月形状的鱼好似残月。	ツキザカナ（ブロンズ）{desc}三日月の形をしており、欠けていく月に似ている。	Рыба-месяц(бронзовая){desc}Напоминает убывающую луну.
moonfishS	fish	100	100	Moonfish (Silver){desc}These crescent-shaped fish resemble a waning moon.	Poisson-lune (argent){desc}Ce poisson en forme de croissant ressemble à une lune descendante.	Mondfisch (Silber){desc}Diese sichelförmigen Fische ähneln einem abnehmenden Mond.	Pez luna (plata){desc}Este pez parece una luna en cuarto menguante.	Peixe-Lua (Prata){desc}Esses peixes em formato de meia-lua se assemelham a uma lua minguante.	月鱼（白银）{desc}这种新月形状的鱼好似残月。	ツキザカナ（シルバー）{desc}三日月の形をしており、欠けていく月に似ている。	Рыба-месяц (серебряная){desc}Напоминает убывающую луну.
moonfishG	fish	100	150	Moonfish (Gold){desc}These crescent-shaped fish resemble a waning moon.	Poisson-lune (or){desc}Ce poisson en forme de croissant ressemble à une lune descendante.	Mondfisch (Gold){desc}Diese sichelförmigen Fische ähneln einem abnehmenden Mond.	Pez luna (oro){desc}Este pez parece una luna en cuarto menguante.	Peixe-Lua (Ouro){desc}Esses peixes em formato de meia-lua se assemelham a uma lua minguante.	月鱼（黄金）{desc}这种新月形状的鱼好似残月。	ツキザカナ（ゴールド）{desc}三日月の形をしており、欠けていく月に似ている。	Рыба-месяц (золотая){desc}Напоминает убывающую луну.
moonfishM	fish	100	200	Moonfish (Moonstone){desc}These crescent-shaped fish resemble a waning moon.	Poisson-lune (pierre de lune){desc}Ce poisson en forme de croissant ressemble à une lune descendante.	Mondfisch (Mondstein){desc}Diese sichelförmigen Fische ähneln einem abnehmenden Mond.	Pez luna (piedra lunar){desc}Este pez parece una luna en cuarto menguante.	Peixe-Lua (Selenita){desc}Esses peixes em formato de meia-lua se assemelham a uma lua minguante.	月鱼（月石）{desc}这种新月形状的鱼好似残月。	ツキザカナ（ムーンストーン）{desc}三日月の形をしており、欠けていく月に似ている。	Рыба-месяц (лунная){desc}Напоминает убывающую луну.
oldBootB	fish	100	5	Old Boot (Bronze){desc}It smells really bad.	Vieille chaussure (bronze){desc}Elle sent vraiment mauvais.	Alter Stiefel (Bronze){desc}Riecht sehr, sehr übel.	Bota vieja (bronce){desc}Huele fatal.	Bota Velha (Bronze){desc}Fede pra caramba.	旧靴子（青铜）{desc}闻起来真的很臭。	古いブーツ（ブロンズ）{desc}ひどい臭いがする。	Старый башмак (бронзовый){desc}Плохо пахнет.
oldBootS	fish	100	10	Old Boot (Silver){desc}It smells really bad.	Vieille chaussure (argent){desc}Elle sent vraiment mauvais.	Alter Stiefel (Silber){desc}Riecht sehr, sehr übel.	Bota vieja (plata){desc}Huele fatal.	Bota Velha (Prata){desc}Fede pra caramba.	旧靴子（白银）{desc}闻起来真的很臭。	古いブーツ（シルバー）{desc}ひどい臭いがする。	Старый башмак (серебряный){desc}Плохо пахнет.
oldBootG	fish	100	15	Old Boot (Gold){desc}It smells really bad.	Vieille chaussure (or){desc}Elle sent vraiment mauvais.	Alter Stiefel (Gold){desc}Riecht sehr, sehr übel.	Bota vieja (oro){desc}Huele fatal.	Bota Velha (Ouro){desc}Fede pra caramba.	旧靴子（黄金）{desc}闻起来真的很臭。	古いブーツ（ゴールド）{desc}ひどい臭いがする。	Старый башмак (золотой){desc}Плохо пахнет.
oldBootM	fish	100	20	Old Boot (Moonstone){desc}It smells really bad.	Vieille chaussure (pierre de lune){desc}Elle sent vraiment mauvais.	Alter Stiefel (Mondstein){desc}Riecht sehr, sehr übel.	Bota vieja (piedra lunar){desc}Huele fatal.	Bota Velha (Selenita){desc}Fede pra caramba.	旧靴子（月石）{desc}闻起来真的很臭。	古いブーツ（ムーンストーン）{desc}ひどい臭いがする。	Старый башмак (лунный){desc}Плохо пахнет.
pizzafishB	fish	100	30	Pizzafish (Bronze){desc}Pizzafish get their name from their pizza-slice-like shape.	Pizzablette (bronze){desc}La pizzablette tient son nom de sa forme en part de pizza.	Pizzafisch (Bronze){desc}Pizzafische verdanken ihren Namen ihrer Pizzastückform.	Pizzcado (bronce){desc}Se llama así porque se parece a un trozo de pizza.	Peixe-Pizza (Bronze){desc}Os Peixes-Pizza receberam esse nome por parecerem uma fatia de pizza.	披萨鱼（青铜）{desc}披萨鱼因其形状像披萨而得名。	ピザカナ（ブロンズ）{desc}スライスされたピザのような形をしていることから名付けられた。	Камбалапицца (бронзовая){desc}Плоская и похожа на кусок пиццы.
pizzafishS	fish	100	60	Pizzafish (Silver){desc}Pizzafish get their name from their pizza-slice-like shape.	Pizzablette (argent){desc}La pizzablette tient son nom de sa forme en part de pizza.	Pizzafisch (Silber){desc}Pizzafische verdanken ihren Namen ihrer Pizzastückform.	Pizzcado (plata){desc}Se llama así porque se parece a un trozo de pizza.	Peixe-Pizza (Prata){desc}Os Peixes-Pizza receberam esse nome por parecerem uma fatia de pizza.	披萨鱼（白银）{desc}披萨鱼因其形状像披萨而得名。	ピザカナ（シルバー）{desc}スライスされたピザのような形をしていることから名付けられた。	Камбалапицца (серебряная){desc}Плоская и похожа на кусок пиццы.
pizzafishG	fish	100	90	Pizzafish (Gold){desc}Pizzafish get their name from their pizza-slice-like shape.	Pizzablette (or){desc}La pizzablette tient son nom de sa forme en part de pizza.	Pizzafisch (Gold){desc}Pizzafische verdanken ihren Namen ihrer Pizzastückform.	Pizzcado (oro){desc}Se llama así porque se parece a un trozo de pizza.	Peixe-Pizza (Ouro){desc}Os Peixes-Pizza receberam esse nome por parecerem uma fatia de pizza.	披萨鱼（黄金）{desc}披萨鱼因其形状像披萨而得名。	ピザカナ（ゴールド）{desc}スライスされたピザのような形をしていることから名付けられた。	Камбалапицца (золотая){desc}Плоская и похожа на кусок пиццы.
pizzafishM	fish	100	120	Pizzafish (Moonstone){desc}Pizzafish get their name from their pizza-slice-like shape.	Pizzablette (pierre de lune){desc}La pizzablette tient son nom de sa forme en part de pizza.	Pizzafisch (Mondstein){desc}Pizzafische verdanken ihren Namen ihrer Pizzastückform.	Pizzcado (piedra lunar){desc}Se llama así porque se parece a un trozo de pizza.	Peixe-Pizza (Selenita){desc}Os Peixes-Pizza receberam esse nome por parecerem uma fatia de pizza.	披萨鱼（月石）{desc}披萨鱼因其形状像披萨而得名。	ピザカナ（ムーンストーン）{desc}スライスされたピザのような形をしていることから名付けられた。	Камбалапицца (лунная){desc}Плоская и похожа на кусок пиццы.
ringfishB	fish	100	30	Ringfish (Bronze){desc}These fish get their name from the ring-like protrusion on their back.	Tilapianneau (bronze){desc}Ce poisson tient son nom de la protubérance en forme d'anneau sur son dos.	Ringfisch (Bronze){desc}Diese Fische verdanken ihren Namen der ringartigen Erhebung auf dem Rücken.	Pez anillo (bronce){desc}Recibe su nombre por la protuberancia en forma de anillo que tiene en la parte superior.	Peixanel (Bronze){desc}Esses peixes receberam esse nome devido à protrusão parecendo um anel nas costas.	环鱼（青铜）{desc}这种鱼因其背部有环状突起而得名。	リングフィッシュ（ブロンズ）{desc}背中に指輪のような形の突起を持つことから、この名前が付いた。	Кольцомуль (бронзовый){desc}Эти рыбы получили своё имя благодаря кольцевому выступу на их спине.
ringfishS	fish	100	60	Ringfish (Silver){desc}These fish get their name from the ring-like protrusion on their back.	Tilapianneau (argent){desc}Ce poisson tient son nom de la protubérance en forme d'anneau sur son dos.	Ringfisch (Silber){desc}Diese Fische verdanken ihren Namen der ringartigen Erhebung auf dem Rücken.	Pez anillo (plata){desc}Recibe su nombre por la protuberancia en forma de anillo que tiene en la parte superior.	Peixanel (Prata){desc}Esses peixes receberam esse nome devido à protrusão parecendo um anel nas costas.	环鱼（白银）{desc}这种鱼因其背部有环状突起而得名。	リングフィッシュ（シルバー）{desc}背中に指輪のような形の突起を持つことから、この名前が付いた。	Кольцомуль (серебряный){desc}Эти рыбы получили своё имя благодаря кольцевому выступу на их спине.
ringfishG	fish	100	90	Ringfish (Gold){desc}These fish get their name from the ring-like protrusion on their back.	Tilapianneau (or){desc}Ce poisson tient son nom de la protubérance en forme d'anneau sur son dos.	Ringfisch (Gold){desc}Diese Fische verdanken ihren Namen der ringartigen Erhebung auf dem Rücken.	Pez anillo (oro){desc}Recibe su nombre por la protuberancia en forma de anillo que tiene en la parte superior.	Peixanel (Ouro){desc}Esses peixes receberam esse nome devido à protrusão parecendo um anel nas costas.	环鱼（黄金）{desc}这种鱼因其背部有环状突起而得名。	リングフィッシュ（ゴールド）{desc}背中に指輪のような形の突起を持つことから、この名前が付いた。	Кольцомуль (золотой){desc}Эти рыбы получили своё имя благодаря кольцевому выступу на их спине.
ringfishM	fish	100	120	Ringfish (Moonstone){desc}These fish get their name from the ring-like protrusion on their back.	Tilapianneau (pierre de lune){desc}Ce poisson tient son nom de la protubérance en forme d'anneau sur son dos.	Ringfisch (Mondstein){desc}Diese Fische verdanken ihren Namen der ringartigen Erhebung auf dem Rücken.	Pez anillo (piedra lunar){desc}Recibe su nombre por la protuberancia en forma de anillo que tiene en la parte superior.	Peixanel (Selenita){desc}Esses peixes receberam esse nome devido à protrusão parecendo um anel nas costas.	环鱼（月石）{desc}这种鱼因其背部有环状突起而得名。	リングフィッシュ（ムーンストーン）{desc}背中に指輪のような形の突起を持つことから、この名前が付いた。	Кольцомуль (лунный){desc}Эти рыбы получили своё имя благодаря кольцевому выступу на их спине.
sisyphishB	fish	100	40	Sisyphish (Bronze){desc}This fish resembles a boulder that never reached the top of a hill.	Poissisyphe (bronze){desc}Ce poisson ressemble à un rocher qui n'a jamais atteint le sommet de la montagne.	Sisyfisch (Bronze){desc}Dieser Fisch ähnelt einem Stein, der niemals auf der Spitze eines Hügels ankommt.	Sisipez (bronce){desc}Este pez se parece a una roca que nunca llegó a la cima de la montaña.	Sísifeixe (Bronze){desc}Esse peixe se assemelha a uma grande pedra que nunca alcançou o topo da colina.	西西弗鱼（青铜）{desc}这种鱼看起来像一块永远到不了山顶的巨石。	シーシュポギョ（ブロンズ）{desc}山頂に絶対にたどり着けない岩に似ている。	Сизифорель (бронзовая){desc}Эта рыба похожа на валун, который так и не достиг вершины холма.
sisyphishS	fish	100	80	Sisyphish (Silver){desc}This fish resembles a boulder that never reached the top of a hill.	Poissisyphe (argent){desc}Ce poisson ressemble à un rocher qui n'a jamais atteint le sommet de la montagne.	Sisyfisch (Silber){desc}Dieser Fisch ähnelt einem Stein, der niemals auf der Spitze eines Hügels ankommt.	Sisipez (plata){desc}Este pez se parece a una roca que nunca llegó a la cima de la montaña.	Sísifeixe (Prata){desc}Esse peixe se assemelha a uma grande pedra que nunca alcançou o topo da colina.	西西弗鱼（白银）{desc}这种鱼看起来像一块永远到不了山顶的巨石。	シーシュポギョ（シルバー）{desc}山頂に絶対にたどり着けない岩に似ている。	Сизифорель (серебряная){desc}Эта рыба похожа на валун, который так и не достиг вершины холма.
sisyphishG	fish	100	120	Sisyphish (Gold){desc}This fish resembles a boulder that never reached the top of a hill.	Poissisyphe (or){desc}Ce poisson ressemble à un rocher qui n'a jamais atteint le sommet de la montagne.	Sisyfisch (Gold){desc}Dieser Fisch ähnelt einem Stein, der niemals auf der Spitze eines Hügels ankommt.	Sisipez (oro){desc}Este pez se parece a una roca que nunca llegó a la cima de la montaña.	Sísifeixe (Ouro){desc}Esse peixe se assemelha a uma grande pedra que nunca alcançou o topo da colina.	西西弗鱼（黄金）{desc}这种鱼看起来像一块永远到不了山顶的巨石。	シーシュポギョ（ゴールド）{desc}山頂に絶対にたどり着けない岩に似ている。	Сизифорель (золотая){desc}Эта рыба похожа на валун, который так и не достиг вершины холма.
sisyphishM	fish	100	160	Sisyphish (Moonstone){desc}This fish resembles a boulder that never reached the top of a hill.	Poissisyphe (pierre de lune){desc}Ce poisson ressemble à un rocher qui n'a jamais atteint le sommet de la montagne.	Sisyfisch (Mondstein){desc}Dieser Fisch ähnelt einem Stein, der niemals auf der Spitze eines Hügels ankommt.	Sisipez (piedra lunar){desc}Este pez se parece a una roca que nunca llegó a la cima de la montaña.	Sísifeixe (Selenita){desc}Esse peixe se assemelha a uma grande pedra que nunca alcançou o topo da colina.	西西弗鱼（月石）{desc}这种鱼看起来像一块永远到不了山顶的巨石。	シーシュポギョ（ムーンストーン）{desc}山頂に絶対にたどり着けない岩に似ている。	Сизифорель (лунная){desc}Эта рыба похожа на валун, который так и не достиг вершины холма.
sparkstarB	fish	100	55	Sparkstar (Bronze){desc}These star-shaped critters emit sparks to ward off predators.	Électrastre (bronze){desc}Cette créature en forme d'étoile jette des étincelles pour repousser les prédateurs.	Funkenstern (Bronze){desc}Diese sternförmigen Kreaturen versprühen Funken, um Raubtiere abzuwehren.	Estrella chispeante (bronce){desc}Criatura con forma de estrella que lanza chispas para ahuyentar a los depredadores.	Estrela-Faísca (Bronze){desc}Essas criaturas em formato de estrela emitem faíscas para afastar predadores.	星火鱼（青铜）{desc}这种星形生物会发射火花驱赶捕食者。	ヒバナボシ（ブロンズ）{desc}星の形をしており、火花を出して天敵を追い払う。	Искрозвезда (бронзовая){desc}Эти звездообразные существа испускают искры, чтобы отпугивать хищников.
sparkstarS	fish	100	110	Sparkstar (Silver){desc}These star-shaped critters emit sparks to ward off predators.	Électrastre (argent){desc}Cette créature en forme d'étoile jette des étincelles pour repousser les prédateurs.	Funkenstern (Silber){desc}Diese sternförmigen Kreaturen versprühen Funken, um Raubtiere abzuwehren.	Estrella chispeante (plata){desc}Criatura con forma de estrella que lanza chispas para ahuyentar a los depredadores.	Estrela-Faísca (Prata){desc}Essas criaturas em formato de estrela emitem faíscas para afastar predadores.	星火鱼（白银）{desc}这种星形生物会发射火花驱赶捕食者。	ヒバナボシ（シルバー）{desc}星の形をしており、火花を出して天敵を追い払う。	Искрозвезда (серебряная){desc}Эти звездообразные существа испускают искры, чтобы отпугивать хищников.
sparkstarG	fish	100	165	Sparkstar (Gold){desc}These star-shaped critters emit sparks to ward off predators.	Électrastre (or){desc}Cette créature en forme d'étoile jette des étincelles pour repousser les prédateurs.	Funkenstern (Gold){desc}Diese sternförmigen Kreaturen versprühen Funken, um Raubtiere abzuwehren.	Estrella chispeante (oro){desc}Criatura con forma de estrella que lanza chispas para ahuyentar a los depredadores.	Estrela-Faísca (Ouro){desc}Essas criaturas em formato de estrela emitem faíscas para afastar predadores.	星火鱼（黄金）{desc}这种星形生物会发射火花驱赶捕食者。	ヒバナボシ（ゴールド）{desc}星の形をしており、火花を出して天敵を追い払う。	Искрозвезда (золотая){desc}Эти звездообразные существа испускают искры, чтобы отпугивать хищников.
sparkstarM	fish	100	220	Sparkstar (Moonstone){desc}These star-shaped critters emit sparks to ward off predators.	Électrastre (pierre de lune){desc}Cette créature en forme d'étoile jette des étincelles pour repousser les prédateurs.	Funkenstern (Mondstein){desc}Diese sternförmigen Kreaturen versprühen Funken, um Raubtiere abzuwehren.	Estrella chispeante (piedra lunar){desc}Criatura con forma de estrella que lanza chispas para ahuyentar a los depredadores.	Estrela-Faísca (Selenita){desc}Essas criaturas em formato de estrela emitem faíscas para afastar predadores.	星火鱼（月石）{desc}这种星形生物会发射火花驱赶捕食者。	ヒバナボシ（ムーンストーン）{desc}星の形をしており、火花を出して天敵を追い払う。	Искрозвезда (лунная){desc}Эти звездообразные существа испускают искры, чтобы отпугивать хищников.
spinefishB	fish	100	35	Spinefish (Bronze){desc}Spinefish have sharp poisonous spines leading down the length of their back.	Poisson-hérisson (bronze){desc}Le poisson-hérisson possède des épines empoisonnées sur tout le dos.	Dornenfisch (Bronze){desc}Dornenfische haben spitze, giftige Dornen auf dem Rücken.	Pez espinoso (bronce){desc}Este pez tiene un montón de espinas dorsales venenosas.	Peixe-Espinho (Bronze){desc}Os Peixes-Espinho possuem espinhas afiadas e venenosas que descem até as costas.	刺鱼（青铜）{desc}刺鱼背部有尖锐的毒刺。	トゲザカナ（ブロンズ）{desc}背中に沿って鋭い毒のトゲが生えている。	Йоршъ (бронзовый){desc}Йоршъ имеет острые ядовитые шипы вдоль всей спины.
spinefishS	fish	100	70	Spinefish (Silver){desc}Spinefish have sharp poisonous spines leading down the length of their back.	Poisson-hérisson (argent){desc}Le poisson-hérisson possède des épines empoisonnées sur tout le dos.	Dornenfisch (Silber){desc}Dornenfische haben spitze, giftige Dornen auf dem Rücken.	Pez espinoso (plata){desc}Este pez tiene un montón de espinas dorsales venenosas.	Peixe-Espinho (Prata){desc}Os Peixes-Espinho possuem espinhas afiadas e venenosas que descem até as costas.	刺鱼（白银）{desc}刺鱼背部有尖锐的毒刺。	トゲザカナ（シルバー）{desc}背中に沿って鋭い毒のトゲが生えている。	Йоршъ (серебряный){desc}Йоршъ имеет острые ядовитые шипы вдоль всей спины.
spinefishG	fish	100	140	Spinefish (Gold){desc}Spinefish have sharp poisonous spines leading down the length of their back.	Poisson-hérisson (or){desc}Le poisson-hérisson possède des épines empoisonnées sur tout le dos.	Dornenfisch (Gold){desc}Dornenfische haben spitze, giftige Dornen auf dem Rücken.	Pez espinoso (oro){desc}Este pez tiene un montón de espinas dorsales venenosas.	Peixe-Espinho (Ouro){desc}Os Peixes-Espinho possuem espinhas afiadas e venenosas que descem até as costas.	刺鱼（黄金）{desc}刺鱼背部有尖锐的毒刺。	トゲザカナ（ゴールド）{desc}背中に沿って鋭い毒のトゲが生えている。	Йоршъ (золотый){desc}Йоршъ имеет острые ядовитые шипы вдоль всей спины.
spinefishM	fish	100	210	Spinefish (Moonstone){desc}Spinefish have sharp poisonous spines leading down the length of their back.	Poisson-hérisson (pierre de lune){desc}Le poisson-hérisson possède des épines empoisonnées sur tout le dos.	Dornenfisch (Mondstein){desc}Dornenfische haben spitze, giftige Dornen auf dem Rücken.	Pez espinoso (piedra lunar){desc}Este pez tiene un montón de espinas dorsales venenosas.	Peixe-Espinho (Selenita){desc}Os Peixes-Espinho possuem espinhas afiadas e venenosas que descem até as costas.	刺鱼（月石）{desc}刺鱼背部有尖锐的毒刺。	トゲザカナ（ムーンストーン）{desc}背中に沿って鋭い毒のトゲが生えている。	Йоршъ (лунный){desc}Йоршъ имеет острые ядовитые шипы вдоль всей спины.
steelfishB	fish	100	40	Steelfish (Bronze){desc}Steelfish have scales made of iron which protects them from extreme heat.	Aciéglefin (bronze){desc}L'aciéglefin possède des écailles en fer qui le protègent de la chaleur extrême.	Stahlfisch (Bronze){desc}Stahlfische haben Schuppen aus Eisen, die sie vor extremer Hitze schützen.	Pez de metal (bronce){desc}Las escamas de este pez son de hierro y lo protegen del calor extremo.	Peixaço (Bronze){desc}Os Peixaços possuem escamas feitas de Ferro que os protegem do calor extremo.	钢鱼（青铜）{desc}钢鱼的鳞片由铁制成，可以保护其不受极端热量的伤害。	コウテツギョ（ブロンズ）{desc}鉄でできたウロコを持っており、極暑にも耐えられる。	Стальврида (бронзовая){desc}Металлическая чешуя защищает стальвриду от экстремального жара
steelfishS	fish	100	80	Steelfish (Silver){desc}Steelfish have scales made of iron which protects them from extreme heat.	Aciéglefin (argent){desc}L'aciéglefin possède des écailles en fer qui le protègent de la chaleur extrême.	Stahlfisch (Silber){desc}Stahlfische haben Schuppen aus Eisen, die sie vor extremer Hitze schützen.	Pez de metal (plata){desc}Las escamas de este pez son de hierro y lo protegen del calor extremo.	Peixaço (Prata){desc}Os Peixaços possuem escamas feitas de Ferro que os protegem do calor extremo.	钢鱼（白银）{desc}钢鱼的鳞片由铁制成，可以保护其不受极端热量的伤害。	コウテツギョ（シルバー）{desc}鉄でできたウロコを持っており、極暑にも耐えられる。	Стальврида (серебряная){desc}Металлическая чешуя защищает стальвриду от экстремального жара
steelfishG	fish	100	120	Steelfish (Gold){desc}Steelfish have scales made of iron which protects them from extreme heat.	Aciéglefin (or){desc}L'aciéglefin possède des écailles en fer qui le protègent de la chaleur extrême.	Stahlfisch (Gold){desc}Stahlfische haben Schuppen aus Eisen, die sie vor extremer Hitze schützen.	Pez de metal (oro){desc}Las escamas de este pez son de hierro y lo protegen del calor extremo.	Peixaço (Ouro){desc}Os Peixaços possuem escamas feitas de Ferro que os protegem do calor extremo.	钢鱼（黄金）{desc}钢鱼的鳞片由铁制成，可以保护其不受极端热量的伤害。	コウテツギョ（ゴールド）{desc}鉄でできたウロコを持っており、極暑にも耐えられる。	Стальврида (золотая){desc}Металлическая чешуя защищает стальвриду от экстремального жара
steelfishM	fish	100	160	Steelfish (Moonstone){desc}Steelfish have scales made of iron which protects them from extreme heat.	Aciéglefin (pierre de lune){desc}L'aciéglefin possède des écailles en fer qui le protègent de la chaleur extrême.	Stahlfisch (Mondstein){desc}Stahlfische haben Schuppen aus Eisen, die sie vor extremer Hitze schützen.	Pez de metal (piedra lunar){desc}Las escamas de este pez son de hierro y lo protegen del calor extremo.	Peixaço (Selenita){desc}Os Peixaços possuem escamas feitas de Ferro que os protegem do calor extremo.	钢鱼（月石）{desc}钢鱼的鳞片由铁制成，可以保护其不受极端热量的伤害。	コウテツギョ（ムーンストーン）{desc}鉄でできたウロコを持っており、極暑にも耐えられる。	Стальврида (лунная){desc}Металлическая чешуя защищает стальвриду от экстремального жара
tigerfishB	fish	100	50	Tigerfish (Bronze){desc}Tigerfish get their name from their tiger-like stripes.	Poisson-tigre (bronze){desc}Le poisson-tigre tient son nom de ses rayures semblables à celles de ce félin.	Tigerfisch (Bronze){desc}Tigerfische verdanken ihren Namen den tigerähnlichen Streifen am Körper.	Pez tigre (bronce){desc}Se llama así porque tiene la piel a rayas como un tigre.	Peixe-Tigre (Bronze){desc}Os Peixes-Tigre receberam esse nome devido às suas listras de tigre.	虎鱼（青铜）{desc}虎鱼因其身上的虎纹而得名。	トラザカナ（ブロンズ）{desc}トラのようなしま模様をしていることから、この名前が付いた。	Тигрокунь (бронзовый){desc}Тигрокуни получили своё имя благодаря полосам, напоминающим тигриные.
tigerfishS	fish	100	100	Tigerfish (Silver){desc}Tigerfish get their name from their tiger-like stripes.	Poisson-tigre (argent){desc}Le poisson-tigre tient son nom de ses rayures semblables à celles de ce félin.	Tigerfisch (Silber){desc}Tigerfische verdanken ihren Namen den tigerähnlichen Streifen am Körper.	Pez tigre (plata){desc}Se llama así porque tiene la piel a rayas como un tigre.	Peixe-Tigre (Prata){desc}Os Peixes-Tigre receberam esse nome devido às suas listras de tigre.	虎鱼（白银）{desc}虎鱼因其身上的虎纹而得名。	トラザカナ（シルバー）{desc}トラのようなしま模様をしていることから、この名前が付いた。	Тигрокунь (серебряный){desc}Тигрокуни получили своё имя благодаря полосам, напоминающим тигриные.
tigerfishG	fish	100	150	Tigerfish (Gold){desc}Tigerfish get their name from their tiger-like stripes.	Poisson-tigre (or){desc}Le poisson-tigre tient son nom de ses rayures semblables à celles de ce félin.	Tigerfisch (Gold){desc}Tigerfische verdanken ihren Namen den tigerähnlichen Streifen am Körper.	Pez tigre (oro){desc}Se llama así porque tiene la piel a rayas como un tigre.	Peixe-Tigre (Ouro){desc}Os Peixes-Tigre receberam esse nome devido às suas listras de tigre.	虎鱼（黄金）{desc}虎鱼因其身上的虎纹而得名。	トラザカナ（ゴールド）{desc}トラのようなしま模様をしていることから、この名前が付いた。	Тигрокунь (золотой){desc}Тигрокуни получили своё имя благодаря полосам, напоминающим тигриные.
tigerfishM	fish	100	200	Tigerfish (Moonstone){desc}Tigerfish get their name from their tiger-like stripes.	Poisson-tigre (pierre de lune){desc}Le poisson-tigre tient son nom de ses rayures semblables à celles de ce félin.	Tigerfisch (Mondstein){desc}Tigerfische verdanken ihren Namen den tigerähnlichen Streifen am Körper.	Pez tigre (piedra lunar){desc}Se llama así porque tiene la piel a rayas como un tigre.	Peixe-Tigre (Selenita){desc}Os Peixes-Tigre receberam esse nome devido às suas listras de tigre.	虎鱼（月石）{desc}虎鱼因其身上的虎纹而得名。	トラザカナ（ムーンストーン）{desc}トラのようなしま模様をしていることから、この名前が付いた。	Тигрокунь (лунный){desc}Тигрокуни получили своё имя благодаря полосам, напоминающим тигриные.
zenfishB	fish	100	20	Zenfish (Bronze){desc}These fish can live for centuries and exude a calming aura.	Poisserein (bronze){desc}Ce poisson possède une espérance de vie de plusieurs siècles et dégage une aura apaisante.	Zenfisch (Bronze){desc}Diese Fische können mehrere hundert Jahre alt werden und sind von einer Aura der Ruhe umgeben.	Pez zen (bronce){desc}Este pez puede vivir durante siglos y de él brota un aura de tranquilidad.	Peixe Zen (Bronze){desc}Esses peixes podem viver por séculos e exalam uma aura serena.	禅鱼（青铜）{desc}这种鱼可以活上几个世纪，并显露出一种入定的氛围感。	ゼンギョ（ブロンズ）{desc}数百年もの寿命を持ち、心を落ち着かせるオーラを放っている。	Дзенкарп (бронзовый){desc}Эти рыбы могут жить веками и излучают успокаивающую ауру.
zenfishS	fish	100	40	Zenfish (Silver){desc}These fish can live for centuries and exude a calming aura.	Poisserein (argent){desc}Ce poisson possède une espérance de vie de plusieurs siècles et dégage une aura apaisante.	Zenfisch (Silber){desc}Diese Fische können mehrere hundert Jahre alt werden und sind von einer Aura der Ruhe umgeben.	Pez zen (plata){desc}Este pez puede vivir durante siglos y de él brota un aura de tranquilidad.	Peixe Zen (Prata){desc}Esses peixes podem viver por séculos e exalam uma aura serena.	禅鱼（白银）{desc}这种鱼可以活上几个世纪，并显露出一种入定的氛围感。	ゼンギョ（シルバー）{desc}数百年もの寿命を持ち、心を落ち着かせるオーラを放っている。	Дзенкарп (серебряный){desc}Эти рыбы могут жить веками и излучают успокаивающую ауру.
zenfishG	fish	100	60	Zenfish (Gold){desc}These fish can live for centuries and exude a calming aura.	Poisserein (or){desc}Ce poisson possède une espérance de vie de plusieurs siècles et dégage une aura apaisante.	Zenfisch (Gold){desc}Diese Fische können mehrere hundert Jahre alt werden und sind von einer Aura der Ruhe umgeben.	Pez zen (oro){desc}Este pez puede vivir durante siglos y de él brota un aura de tranquilidad.	Peixe Zen (Ouro){desc}Esses peixes podem viver por séculos e exalam uma aura serena.	禅鱼（黄金）{desc}这种鱼可以活上几个世纪，并显露出一种入定的氛围感。	ゼンギョ（ゴールド）{desc}数百年もの寿命を持ち、心を落ち着かせるオーラを放っている。	Дзенкарп (золотой){desc}Эти рыбы могут жить веками и излучают успокаивающую ауру.
zenfishM	fish	100	80	Zenfish (Moonstone){desc}These fish can live for centuries and exude a calming aura.	Poisserein (pierre de lune){desc}Ce poisson possède une espérance de vie de plusieurs siècles et dégage une aura apaisante.	Zenfisch (Mondstein){desc}Diese Fische können mehrere hundert Jahre alt werden und sind von einer Aura der Ruhe umgeben.	Pez zen (piedra lunar){desc}Este pez puede vivir durante siglos y de él brota un aura de tranquilidad.	Peixe Zen (Selenita){desc}Esses peixes podem viver por séculos e exalam uma aura serena.	禅鱼（月石）{desc}这种鱼可以活上几个世纪，并显露出一种入定的氛围感。	ゼンギョ（ムーンストーン）{desc}数百年もの寿命を持ち、心を落ち着かせるオーラを放っている。	Дзенкарп (лунный){desc}Эти рыбы могут жить веками и излучают успокаивающую ауру.
											
eyefishB	fish	100	50	Eyefish (Bronze){desc}This fish is covered in fake eyes to confuse prey.	Poisson-œil (bronze){desc}Ce poisson est couvert de faux yeux pour semer la confusion chez ses proies.	Augenfisch (Bronze){desc}Dieser Fisch besitzt zahlreiche falsche Augen, um Beutetiere zu verwirren.	Pez mirón (bronce){desc}Este pez está cubierto de ojos falsos para confundir a sus presas.	Peixolho (Bronze){desc}Este peixe é coberto de olhos falsos para confundir sua presa.	眼鱼（青铜）{desc}这条鱼长满了假眼睛来迷惑猎物。	メザカナ（ブロンズ）{desc}体を覆う偽の目で、獲物を混乱させる。	Окорюшка (бронзовая){desc}Покрыта ложными глазами, чтобы сбивать добычу с толку.
eyefishS	fish	100	100	Eyefish (Silver){desc}This fish is covered in fake eyes to confuse prey.	Poisson-œil (argent){desc}Ce poisson est couvert de faux yeux pour semer la confusion chez ses proies.	Augenfisch (Silber){desc}Dieser Fisch besitzt zahlreiche falsche Augen, um Beutetiere zu verwirren.	Pez mirón (plata){desc}Este pez está cubierto de ojos falsos para confundir a sus presas.	Peixolho (Prata){desc}Este peixe é coberto de olhos falsos para confundir sua presa.	眼鱼（白银）{desc}这条鱼长满了假眼睛来迷惑猎物。	メザカナ（シルバー）{desc}体を覆う偽の目で、獲物を混乱させる。	Окорюшка (серебряная){desc}Эта рыба покрыта ложными глазами, чтобы сбивать добычу с толку.
eyefishG	fish	100	150	Eyefish (Gold){desc}This fish is covered in fake eyes to confuse prey.	Poisson-œil (or){desc}Ce poisson est couvert de faux yeux pour semer la confusion chez ses proies.	Augenfisch (Gold){desc}Dieser Fisch besitzt zahlreiche falsche Augen, um Beutetiere zu verwirren.	Pez mirón (oro){desc}Este pez está cubierto de ojos falsos para confundir a sus presas.	Peixolho (Ouro){desc}Este peixe é coberto de olhos falsos para confundir sua presa.	眼鱼（黄金）{desc}这条鱼长满了假眼睛来迷惑猎物。	メザカナ（ゴールド）{desc}体を覆う偽の目で、獲物を混乱させる。	Окорюшка (золотая){desc}Эта рыба покрыта ложными глазами, чтобы сбивать добычу с толку.
eyefishM	fish	100	200	Eyefish (Moonstone){desc}This fish is covered in fake eyes to confuse prey.	Poisson-œil (pierre de lune){desc}Ce poisson est couvert de faux yeux pour semer la confusion chez ses proies.	Augenfisch (Mondstein){desc}Dieser Fisch besitzt zahlreiche falsche Augen, um Beutetiere zu verwirren.	Pez mirón (piedra lunar){desc}Este pez está cubierto de ojos falsos para confundir a sus presas.	Peixolho (Selenita){desc}Este peixe é coberto de olhos falsos para confundir sua presa.	眼鱼（月石）{desc}这条鱼长满了假眼睛来迷惑猎物。	メザカナ（ムーンストーン) {desc}体を覆う偽の目で、獲物を混乱させる。	Окорюшка (лунная){desc}Эта рыба покрыта ложными глазами, чтобы сбивать добычу с толку.
meanfishB	fish	100	50	Meanfish (Bronze){desc}This fish has a reputation for being very mean.	Poisson-boucher (bronze){desc}Ce poisson a la réputation d'être particulièrement méchant.	Fiesfisch (Bronze){desc}Dieser Fisch soll angeblich sehr fies sein.	Pez malote (bronce){desc}Este pez tiene fama de ser bastante malote.	Peixemau (Bronze){desc}Este peixe é conhecido por ser muito mau.	刻薄鱼（青铜）{desc}这条鱼的刻薄众所周知。	イジワルギョ（ブロンズ）{desc}このサカナは本当にいじわるらしい。	Стервядь (бронзовая){desc}У этой рыбы очень скверная репутация.
meanfishS	fish	100	100	Meanfish (Silver){desc}This fish has a reputation for being very mean.	Poisson-boucher (argent){desc}Ce poisson a la réputation d'être particulièrement méchant.	Fiesfisch (Silber){desc}Dieser Fisch soll angeblich sehr fies sein.	Pez malote (plata){desc}Este pez tiene fama de ser bastante malote.	Peixemau{ (Prata)desc}Este peixe é conhecido por ser muito mau.	刻薄鱼（白银）{desc}这条鱼的刻薄众所周知。	イジワルギョ（シルバー）{desc}このサカナは本当にいじわるらしい。	Стервядь (серебряная){desc}У этой рыбы очень скверная репутация.
meanfishG	fish	100	150	Meanfish (Gold){desc}This fish has a reputation for being very mean.	Poisson-boucher (or){desc}Ce poisson a la réputation d'être particulièrement méchant.	Fiesfisch (Gold){desc}Dieser Fisch soll angeblich sehr fies sein.	Pez malote (oro){desc}Este pez tiene fama de ser bastante malote.	Peixemau (Ouro){desc}Este peixe é conhecido por ser muito mau.	刻薄鱼（黄金）{desc}这条鱼的刻薄众所周知。	イジワルギョ（ゴールド）{desc}このサカナは本当にいじわるらしい。	Стервядь (золотая){desc}У этой рыбы очень скверная репутация.
meanfishM	fish	100	200	Meanfish (Moonstone){desc}This fish has a reputation for being very mean.	Poisson-boucher (pierre de lune){desc}Ce poisson a la réputation d'être particulièrement méchant.	Fiesfisch (Mondstein){desc}Dieser Fisch soll angeblich sehr fies sein.	Pez malote (piedra lunar){desc}Este pez tiene fama de ser bastante malote.	Peixemau (Selenita){desc}Este peixe é conhecido por ser muito mau.	刻薄鱼（月石）{desc}这条鱼的刻薄众所周知。	イジワルギョ（ムーンストーン) {desc}このサカナは本当にいじわるらしい。	Стервядь (лунная){desc}У этой рыбы очень скверная репутация.
voidfishB	fish	100	50	Voidfish (Bronze){desc}This fish has the ability to teleport small distances. Nobody knows how.	Poisson-néant (bronze){desc}Ce poisson possède la faculté de se téléporter sur de courtes distances. On ignore comment il fait.	Leerefisch (Bronze){desc}Dieser Fisch besitzt die Fähigkeit, sich über kleine Entfernungen zu teleportieren. Niemand weiß, wie er das macht.	Pez de fase (bronce){desc}Este pez tiene la habilidad de teletransportarse a cortas distancias. Nadie sabe cómo lo hace.	Peixetchau (Bronze){desc}Este peixe consegue se teletransportar por curtas distâncias, mas ninguém sabe como.	真空鱼（青铜）{desc}这条鱼有短距离传送的能力。没人知道它怎么办到的。	クウギョ（ブロンズ）{desc}このサカナには近距離をテレポートする力がある。方法はだれも知らない。	Пустосельдь (бронзовая){desc}Способна телепортироваться на небольшие расстояния. Никто не знает как.
voidfishS	fish	100	100	Voidfish (Silver){desc}This fish has the ability to teleport small distances. Nobody knows how.	Poisson-néant (argent){desc}Ce poisson possède la faculté de se téléporter sur de courtes distances. On ignore comment il fait.	Leerefisch (Silber){desc}Dieser Fisch besitzt die Fähigkeit, sich über kleine Entfernungen zu teleportieren. Niemand weiß, wie er das macht.	Pez de fase (plata){desc}Este pez tiene la habilidad de teletransportarse a cortas distancias. Nadie sabe cómo lo hace.	Peixetchau (Prata){desc}Este peixe consegue se teletransportar por curtas distâncias, mas ninguém sabe como.	真空鱼（白银）{desc}这条鱼有短距离传送的能力。没人知道它怎么办到的。	クウギョ（シルバー）{desc}このサカナには近距離をテレポートする力がある。方法はだれも知らない。	Пустосельдь (серебряная){desc}Способна телепортироваться на небольшие расстояния. Никто не знает как.
voidfishG	fish	100	150	Voidfish (Gold){desc}This fish has the ability to teleport small distances. Nobody knows how.	Poisson-néant (or){desc}Ce poisson possède la faculté de se téléporter sur de courtes distances. On ignore comment il fait.	Leerefisch (Gold){desc}Dieser Fisch besitzt die Fähigkeit, sich über kleine Entfernungen zu teleportieren. Niemand weiß, wie er das macht.	Pez de fase (oro){desc}Este pez tiene la habilidad de teletransportarse a cortas distancias. Nadie sabe cómo lo hace.	Peixetchau (Ouro){desc}Este peixe consegue se teletransportar por curtas distâncias, mas ninguém sabe como.	真空鱼（黄金）{desc}这条鱼有短距离传送的能力。没人知道它怎么办到的。	クウギョ（ゴールド）{desc}このサカナには近距離をテレポートする力がある。方法はだれも知らない。	Пустосельдь (золотая){desc}Способна телепортироваться на небольшие расстояния. Никто не знает как.
voidfishM	fish	100	200	Voidfish (Moonstone){desc}This fish has the ability to teleport small distances. Nobody knows how.	Poisson-néant (pierre de lune){desc}Ce poisson possède la faculté de se téléporter sur de courtes distances. On ignore comment il fait.	Leerefisch (Mondstein){desc}Dieser Fisch besitzt die Fähigkeit, sich über kleine Entfernungen zu teleportieren. Niemand weiß, wie er das macht.	Pez de fase (piedra lunar){desc}Este pez tiene la habilidad de teletransportarse a cortas distancias. Nadie sabe cómo lo hace.	Peixetchau (Selenita){desc}Este peixe consegue se teletransportar por curtas distâncias, mas ninguém sabe como.	真空鱼（月石）{desc}这条鱼有短距离传送的能力。没人知道它怎么办到的。	クウギョ（ムーンストーン) {desc}このサカナには近距離をテレポートする力がある。方法はだれも知らない。	Пустосельдь (лунная){desc}Способна телепортироваться на небольшие расстояния. Никто не знает как.
											
											
lureRare	fishingLure	100		Rare Fish Lure{desc}Only rare fish will bite. (Sisyphish, Jewelfish, Spinefish, Lightning Eel, Tigerfish, Meanfish)	Hameçon pour poissons rares{desc}Seuls les poissons rares mordront (Poissisyphe, Cichlidé-joyau, Poisson-hérisson, Anguille électrique, Poisson-tigre, Poisson-boucher).	Köder für seltene Fische{desc}Nur seltene Fische beißen an. (Sisyfisch, Juwelenfisch, Dornenfisch, Zitteraal, Tigerfisch, Fiesfisch)	Cebo inusual{desc}Solo picarán peces inusuales: Sisipez, Pez joya, Pez espinoso, Anguila eléctrica, Pez tigre, Pez malote.	Isca de Peixe Raro{desc}Atrai apenas peixes raros (Sísifeixe, Peixe Joia, Peixe-Espinho, Enguia Elétrica, Peixe-Tigre, Peixemau).	稀有鱼饵{desc}只有稀有鱼类会咬钩。（西西弗鱼、宝石鱼、刺鱼、闪电鳗鱼、虎鱼、刻薄鱼）	レアフィッシュルアー{desc}レアなサカナだけが食いつく（シーシュポギョ、ホウセキザカナ、トゲザカナ、カミナリウナギ、トラザカナ、イジワルギョ）。	Редкая приманка{desc}Клюют только редкие рыбы. (Сизифорель, Сокровищука, Йоршъ, Электроугорь, Тигрокунь, Стервядь)
lureMythical	fishingLure	100		Mythical Fish Lure{desc}Only mythical fish will bite. (Bunnyfish, Moonfish, Blobfish, Sparkstar, Cinderfish, Voidfish)	Hameçon pour poissons mythiques{desc}Seuls les poissons mythiques mordront (Poisson-lapin, Poisson-lune, Blobfish, Électrastre, Poisson-cendre, Poisson-néant).	Köder für mythische Fische{desc}Nur mythische Fische beißen an. (Hasenfisch, Mondfisch, Leerenfisch)	Cebo legendario{desc}Solo picarán peces legendarios: Pez conejo, Pez luna, Pez borrón, Estrella chispeante, Pez ceniza, Pez de fase.	Isca de Peixe Mítico{desc}Atrai apenas peixes místicos (Peixe-Coelho, Peixe-Lua, Peixe-Bolha, Estrela-Faísca, Peixe-Brasa, Peixetchau).	神秘鱼饵{desc}只有神秘鱼类会咬钩。（兔鱼、月鱼、水滴鱼、星火鱼、炉灰鱼、真空鱼）	伝説フィッシュルアー{desc}伝説的なサカナだけが食いつく（ウサギザカナ、ツキザカナ、ポッチャリギョ、ヒバナボシ、ハイカブリギョ、クウギョ）。	Мифическая приманка{desc}Клюют только мифические рыбы. (Кролещ, Искрозвезда, Рыба-месяц, Толстобобик, Искрохвостик, Пустосельдь)
											
lureBigHook	fishingLure	100	10	Big Hook{desc}Increase fishing target size.	Gros hameçon{desc}Augmente la taille du réticule de pêche.	Großer Haken{desc}Vergrößert die Zielhilfe beim Angeln.	Anzuelo grande{desc}Aumenta el tamaño de los peces que puedes pescar.	Anzol Grande{desc}Aumenta o tamanho do alvo de pesca.	大钩子{desc}扩大垂钓目标范围。	大きな釣り針{desc}釣りの狙いのサイズが大きくなる。	Большой крючок{desc}Увеличивает размер цели при ловле.
lureDrowzy	fishingLure	100	10	Drowzy Dangler{desc}Slows fish down.	Hameçon de torpeur{desc}Ralentit les poissons.	Träger Baumler{desc}Macht Fische langsamer.	Anzuelo aletargado{desc}Ralentiza a los peces.	Isca Sonolenta{desc}Deixa o peixe mais lento.	催眠垂钩{desc}减慢鱼的速度。	ネムネムルアー{desc}サカナの動きを遅くする。	Сонная приманка{desc}Замедляет рыбу.
lureSwiftHook	fishingLure	100	10	Swift Hook{desc}Makes fishing target move faster.	Hameçon de vélocité{desc}Augmente la vitesse de déplacement du réticule de pêche.	Flinker Haken{desc}Erhöht das Tempo der Zielhilfe.	Anzuelo rápido{desc}Aumenta tu velocidad para a seguirle el ritmo a los peces.	Anzol Veloz{desc}Faz o alvo de pesca se mover mais rápido.	迅捷钩{desc}使垂钓目标范围移动更快。	速さの釣り針{desc}釣りの狙いの動きが速くなる。	Быстрый крючок{desc}Ускоряет движение цели при ловле.
											
											
											
											
											
											
											
											
											
											
											
											
											
											
											
											
											
											
											
											
											
											
											
											
											
											
											
											
											
											
											
											
											
											
											
											
											
											
											
											
											
											
											
											
											
											
											
											
											
											
											
											
											
											
											
											
											
											
											
											
											
											
											
											
											
											
											
											
											
											
											
											
											
											
											
											
											
											
											
											
											
											
											
											
											
											
											
											
											
											
											
											
											
											
											
											
											
											
											
											
											
											
											
											
											
											
											
											
											
											
											
											
											
											
											
											
											
											
											
											
											
											
											
											
											
											
											
											
											
											
											
											
											
											
											
											
											
											
											
											
											
											
											
											
											
											
											
											
											
											
											
											
											
											
											
											
											
											
											
											
											
											
											
											
											
											
											
											
											
											
											
											
											
											
											
											
											
											
											
											
											
											
											
											
											
											
											
											
											
											
											
											
											
											
											
											
											
											
											
											
											
											
											
											
											
											
											
											
											
											
											
											
											
											
											
											
											
											
											
											
											
											
											
											
											
											
											
											
											
											
											
											
											
											
											
											
											
											
											
											
											
											
											
											
											
											
											
											
											
											
											
											
											
											
											
											
											
											
											
											
											
											
											
											
											
											
											
											
											
											
											
											
											
											
											
											
											
											
											
											
											
											
											
											
											
											
											
											
											
											

OTHER	type	stackSize	price		FR	DE	ES	BR	CN	JP	RU
											
fertilizerGrowth	fertilizer	100	10	Growth Fertilizer{desc}Spread on seeds to speed up crop growth.	Engrais de croissance{desc}Répands-en sur les graines pour accélérer leur croissance.	Wachstumsdünger{desc}Verteile ihn auf Samen, um ihr Wachstum zu beschleunigen.	Fertilizante de crecimiento{desc}Échaselo a las semillas para que los cultivos crezcan más rápido.	Fertilizante de Crescimento{desc}Espalhe sobre as sementes para acelerar o crescimento da plantação.	生长肥料{desc}撒在种子上，加快作物生长速度。	生長の肥料{desc}種に与えると、作物の生長が早くなる。	Удобрение Роста{desc} Подкормите семена, чтобы ускорить рост урожая.
fertilizerStamina	fertilizer	100	10	Stamina Fertilizer{desc}Spread on seeds to boost Stamina stat of crops grown.	Engrais d'endurance{desc}Répands-en sur les graines pour augmenter l'attribut d'endurance des cultures.	Ausdauerdünger{desc}Verteile ihn auf Samen, um die Ausdauer der Pflanzen zu erhöhen.	Fertilizante resistente{desc}Échaselo a las semillas para aumentar el atributo de resistencia de los cultivos.	Fertilizante de Resistência{desc}Espalhe sobre as sementes para reforçar o atributo de Resistência na plantação cultivada.	耐力肥料{desc}撒在种子上，提高作物成熟时的耐力属性。	スタミナの肥料{desc}種に与えると、育った作物のスタミナステータスが強化される。	Удобрение Выносливости{desc} Подкормите семена, чтобы увеличить аттрибут Выносливость выращенных культур.
fertilizerHealing	fertilizer	100	10	Healing Fertilizer{desc}Spread on seeds to boost HP stat of crops grown.	Engrais de vie{desc}Répands-en sur les graines pour augmenter l'attribut de PV des cultures.	Heildünger{desc}Verteile ihn auf Samen, um die LP der Pflanzen zu erhöhen.	Fertilizante curativo{desc}Échaselo a las semillas para aumentar el atributo de PS de los cultivos.	Fertilizante de Cura{desc}Espalhe sobre as sementes para reforçar o atributo de PV na plantação cultivada.	治疗肥料{desc}撒在种子上，提高作物成熟时的生命值属性。	癒やしの肥料{desc}種に与えると、育った作物のHPステータスが強化される。	Удобрение Здоровья{desc} Подкормите семена, чтобы увеличить аттрибут Здоровье выращенных культур.
fertilizerTame	fertilizer	100	10	Tame Fertilizer{desc}Spread on seeds to boost Tame stat of crops grown.	Engrais d'apprivoisement{desc}Répands-en sur les graines pour augmenter l'attribut d'apprivoisement des cultures.	Zähmdünger{desc}Verteile ihn auf Samen, um das Zähmen der Pflanzen zu erhöhen.	Fertilizante domador{desc}Échaselo a las semillas para aumentar el atributo de facilidad de doma de los cultivos.	Fertilizante de Doma{desc}Espalhe sobre as sementes para reforçar o atributo de Doma na plantação cultivada.	治疗肥料{desc}撒在种子上，提高作物成熟时的驯服属性。	手なづけの肥料{desc}種に与えると、育った作物の手なづけステータスが強化される。	Удобрение Приручения{desc} Подкормите семена, чтобы увеличить аттрибут Приручение выращенных культур.
fertilizerPower	fertilizer	100	10	Power Fertilizer{desc}Spread on seeds to boost Power stat of crops grown.	Engrais de puissance{desc}Répands-en sur les graines pour augmenter l'attribut de puissance des cultures.	Kraftdünger{desc}Verteile ihn auf Samen, um die Kraft der Pflanzen zu erhöhen.	Fertilizante vigoroso{desc}Échaselo a las semillas para aumentar el atributo de Vigor de los cultivos.	Fertilizante de Poder{desc}Espalhe sobre as sementes para reforçar o atributo de Poder na plantação cultivada.	能量肥料{desc}撒在种子上，提高作物成熟时的能量属性。	パワーの肥料{desc}種に与えると、育った作物のパワーステータスが強化される。	Удобрение Силы{desc} Подкормите семена, чтобы увеличить аттрибут Сила выращенных культур.
fertilizerSpeed	fertilizer	100	10	Speed Fertilizer{desc}Spread on seeds to boost Speed stat of crops grown.	Engrais de vitesse{desc}Répands-en sur les graines pour augmenter l'attribut de vitesse des cultures.	Tempodünger{desc}Verteile ihn auf Samen, um das Tempo der Pflanzen zu erhöhen.	Fertilizante veloz{desc}Échaselo a las semillas para aumentar el atributo de Velocidad de los cultivos.	Fertilizante de Velocidade{desc}Espalhe sobre as sementes para reforçar o atributo de Velocidade na plantação cultivada.	速度肥料{desc}撒在种子上，提高作物成熟时的速度属性。	スピードの肥料{desc}種に与えると、育った作物のスピードステータスが強化される。	Удобрение Скорости{desc} Подкормите семена, чтобы увеличить аттрибут Скорость выращенных культур.
fertilizerExperience	fertilizer	100	10	Experience Fertilizer{desc}Spread on seeds to boost Experience stat of crops grown.	Engrais d'expérience{desc}Répands-en sur les graines pour augmenter l'attribut d'expérience des cultures.	Erfahrungsdünger{desc}Verteile ihn auf Samen, um die Erfahrung der Pflanzen zu erhöhen.	Fertilizante experto{desc}Échaselo a las semillas para aumentar el atributo de experiencia de los cultivos.	Fertilizante de Experiência{desc}Espalhe sobre as sementes para reforçar o atributo de Experiência na plantação cultivada.	经验肥料{desc}撒在种子上，提高作物成熟时的经验值属性。	経験の肥料{desc}種に与えると、育った作物の経験値ステータスが強化される。	Удобрение Опыта{desc} Подкормите семена, чтобы увеличить аттрибут Очки Опыта выращенных культур.
											
											
treasureMap	item	1	1	Treasure Map{desc}Map of a buried treasure.	Carte au trésor{desc}Carte indiquant l'emplacement d'un trésor enterré.	Schatzkarte{desc}Karte eines vergrabenen Schatzes.	Mapa del tesoro{desc}Mapa que lleva a un tesoro enterrado.	Mapa do Tesouro{desc}Mapa de um tesouro enterrado.	藏宝图{desc}埋藏宝藏的地图。	宝の地図{desc}埋められた宝の位置を示している地図。	Карта сокровищ{desc}Карта закопанного сокровища.
treasureMapCleared	item	1	100	Treasure Map (cleared){desc}Used map showing a treasure you already found.	Carte au trésor{desc}Carte ayant déjà servi à trouver un trésor.	Schatzkarte{desc}Karte eines Schatzes, den du bereits gefunden hast.	Mapa del tesoro{desc}Mapa usado que muestra un tesoro ya encontrado.	Mapa do Tesouro{desc}Mapa usado que mostra um tesouro que você já encontrou.	藏宝图{desc}使用过的地图，显示你已经找到的宝藏。	宝の地図{desc}埋められた宝の位置を示している地図（発見済み）。	Карта сокровищ (использованная){desc}Использованная карта, показывающая сокровище, которое вы уже нашли.
											
											
											
											
											
potionSpeed	potion	100	200	Speed Potion{desc}Increases walking speed by 20% for one day.	Potion de vitesse{desc}Augmente la vitesse de déplacement de 20 % pendant un jour.	Schnelligkeitstrank{desc}Erhöht dein Gehtempo für einen Tag um 20%.	Poción de velocidad{desc}Aumenta un 20 % la velocidad de desplazamiento durante un día.	Poção de Velocidade{desc}Aumenta a Velocidade dos Passos em 20% por um dia.	速度魔法药水{desc}使行走速度加快 20%，持续一天。	スピードポーション{desc}歩くスピードが20%速くなる。効果は1日。	Эликсир скорости{desc}Увеличивает скорость передвижения на 20% на один день.
potionLight	potion	100	200	Light Potion{desc}Increases light radius for one day.	Potion d'illumination{desc}Augmente la taille du rayon de lumière pendant un jour.	Lichttrank{desc}Erhöht den Lichtradius für einen Tag.	Poción luminosa{desc}Aumenta el radio de la luz durante un día.	Poção de Luz{desc}Aumenta o raio de luz por um dia.	光明魔法药水{desc}增加光照范围，持续一天。	光ポーション{desc}光の範囲が広くなる。効果は1日。	Эликсир света{desc}Увеличивает радиус освещения на один день.
potionPoisonResistance	potion	100	200	Poison Resistance Potion{desc}Provides 100% resistance to damage from Poison hazards for one day.	Potion de résistance au poison{desc}Offre 100 % de résistance aux dégâts causés par les nuages toxiques pendant un jour.	Trank der Giftresistenz{desc}Bietet für einen Tag 100% Resistenz gegen Schaden durch giftige Gefahren.	Poción de resistencia al veneno{desc}Proporciona un 100 % de resistencia al daño infligido por las amenazas tóxicas durante un día.	Poção de Resistência a Veneno{desc}Dá 100% de Resistência ao Dano por riscos de Veneno por um dia.	抗毒魔法药水{desc}抵御 100% 来自有毒危险物的伤害，持续一天。	毒耐性ポーション{desc}毒の島で受ける毒ダメージを100%防いでくれる。効果は1日。	Эликсир защиты (Яд){desc}Обеспечивает 100% защиту от стихии на Островах Яда на один день.
potionElectricResistance	potion	100	200	Electric Resistance Potion{desc}Provides 100% resistance to damage from Electric hazards for one day.	Potion de résistance à l'électricité{desc}Offre 100 % de résistance aux dégâts causés par la foudre pendant un jour.	Trank der Elektroresistenz{desc}Bietet für einen Tag 100% Resistenz gegen Schaden durch elektrische Gefahren.	Poción de resistencia a la electricidad{desc}Proporciona un 100 % de resistencia al daño infligido por las amenazas eléctricas durante un día.	Poção de Resistência a Eletricidade{desc}Dá 100% de Resistência ao Dano por riscos Elétricos por um dia.	抗电魔法药水{desc}抵御 100% 来自带电危险物的伤害，持续一天。	雷耐性ポーション{desc}雷の島で受ける雷ダメージを100%防いでくれる。効果は1日。	Эликсир защиты (Электро){desc}Обеспечивает 100% защиту от стихии на Электро Отсровах на один день.
potionFireResistance	potion	100	200	Fire Resistance Potion{desc}Provides 100% resistance to damage from Fire hazards for one day.	Potion de résistance au feu{desc}Offre 100 % de résistance aux dégâts causés par le feu pendant un jour.	Trank der Feuerresistenz{desc}Bietet für einen Tag 100% Resistenz gegen Schaden durch Feuergefahren.	Poción de resistencia al fuego{desc}Proporciona un 100 % de resistencia al daño infligido por las amenazas ígneas durante un día.	Poção de Resistência a Fogo{desc}Dá 100% de Resistência ao Dano por riscos de Fogo por um dia.	抗火魔法药水{desc}抵御 100% 来自火力危险物的伤害，持续一天。	炎耐性ポーション{desc}炎の島で受ける炎ダメージを100%防いでくれる。効果は1日。	Эликсир защиты (Огонь){desc}Обеспечивает 100% защиту от стихии на Островах Огня на один день.
potionInvisibility	potion	100	200	Invisibility Potion{desc}Become Invisible for one day.	Potion d'invisibilité{desc}Deviens invisible pendant un jour.	Unsichtbarkeitstrank{desc}Werde für einen Tag unsichtbar.	Poción de invisibilidad{desc}Te vuelves invisible durante un día.	Poção da Invisibilidade{desc}Fica Invisível por um dia.	隐身魔法药水{desc}可隐身一天。	透明人間ポーション{desc}姿が見えなくなる。効果は1日。	Эликсир невидимости{desc}Делает вас невидимым на один день.
potionNightvision	potion	100	200	Night Vision Potion{desc}Increase visibility once the sun has set. Lasts for one day.	Potion de vision nocturne{desc}Augmente la visibilité une fois la nuit tombée. Dure un jour.	Nachtsichttrank{desc}Erhöhe dein Sehvermögen nach Sonnenuntergang. Hält für einen Tag an.	Poción de visión nocturna{desc}Mejora la visibilidad tras la puesta de sol. El efecto dura un día.	Poção de Visão Noturna{desc}Aumenta a visibilidade ao cair do sol. Dura um dia.	夜视魔法药水{desc}加强夜晚的视野。持续一天。	暗視ポーション{desc}太陽が沈んだあと、見えやすくなる。効果は1日。	Эликсир ночного видения{desc}Увеличивает видимость после захода солнца. Действует один день.
potionPsychicSight	potion	100	200	Psychic Sight Potion{desc}Reveals the location of any ongoing Psychic Storms on your map. Only effective after sunset (20:00).	Potion de prescience{desc}Révèle l'emplacement de la tempête psychique en cours sur la carte. Fonctionne uniquement après le coucher du soleil (20 heures).	Psychosichttrank{desc}Zeigt tobende Psychostürme auf deiner Karte an. Nur nach Sonnenuntergang (20 Uhr) wirksam.	Poción de visión psíquica{desc}Marca en el mapa la ubicación de cualquier tormenta psíquica en curso. Solo funciona tras la puesta de sol (20:00).	Poção de Olhar Paranormal{desc}Revela no seu mapa a localização de quaisquer Tempestades Paranormais em andamento. Só é eficaz após o pôr do sol (20h00).	通灵视觉魔法药水{desc}在地图上显示所有正在发生超自然风暴的位置。仅在日落后（20:00）有效。	心の目ポーション{desc}サイキックストームが起きている場所がマップに表示される。日没後(20:00)のみ有効。	Эликсир магического взора{desc}Отображает местоположение магического шторма на вашей карте. Эффективен после захода солнца (с 20:00).
potionLuck	potion	100	200	Luck Potion{desc}Increase the amount of gold found in chests by 100% for one day.	Potion de chance{desc}Augmente de 100 % la quantité de pièces trouvées dans les coffres pendant un jour.	Glückstrank{desc}Erhöht für einen Tag die Anzahl der Münzen in Truhen um 100%.	Poción de la suerte{desc}Aumenta un 100 % la cantidad de monedas que encuentras en los cofres durante un día.	Poção da Sorte{desc}Aumenta a quantidade de moedas encontradas nos baús em 100% por um dia.	幸运魔法药水{desc}在箱子中找到的钱币数量增加 100%，持续一天。	幸運ポーション{desc}宝箱に入っているコインが+100%になる。効果は1日。	Эликсир удачи{desc}Удваивает количество золота, найденного в сундуках, на один день.
potionPoisonGain	potion	100	200	Poison Gain Potion{desc}Regain Stamina from Poison hazards for one day.	Potion d'endurance (poison){desc}Les nuages toxiques restaurent ton endurance pendant un jour.	Giftumkehrtrank{desc}Erhalte für einen Tag Ausdauer durch giftige Gefahren.	Poción de recuperistencia venenosa{desc}Las amenazas tóxicas te hacen recuperar resistencia durante un día.	Poção de Ganho de Veneno{desc}Recupera a Resistência por riscos de Veneno por um dia.	中毒增益魔法药水{desc}一天之内，接触有毒危险物可恢复耐力。	毒の恩恵ポーション{desc}毒の島で毒を受けるとスタミナが回復する。効果は1日。	Эликсир реабилитации (Яд){desc}Стихия на Островах Яда восстанавливает выносливость. Действует один день.
potionElectricGain	potion	100	200	Electric Gain Potion{desc}Regain Stamina from Electric hazards for one day.	Potion d'endurance (électricité){desc}La foudre restaure ton endurance pendant un jour.	Elektroumkehrtrank{desc}Erhalte für einen Tag Ausdauer durch elektrische Gefahren.	Poción de recuperistencia eléctrica{desc}Las amenazas eléctricas te hacen recuperar resistencia durante un día.	Poção de Ganho Elétrico{desc}Recupera a Resistência por riscos Elétricos por um dia.	电击增益魔法药水{desc}一天之内，接触带电危险物可恢复耐力。	雷の恩恵ポーション{desc}雷の島で雷を受けるとスタミナが回復する。効果は1日。	Эликсир реабилитации (Электро){desc}Стихия на Электро Островах восстанавливает выносливость. Действует один день.
potionFireGain	potion	100	200	Fire Gain Potion{desc}Regain Stamina from Fire hazards for one day.	Potion d'endurance (feu){desc}Le feu restaure ton endurance pendant un jour.	Feuerumkehrtrank{desc}Erhalte für einen Tag Ausdauer durch Feuergefahren.	Poción de recuperistencia ígnea{desc}Las amenazas ígneas te hacen recuperar resistencia durante un día.	Poção de Ganho de Fogo{desc}Recupera a Resistência por riscos Fogo por um dia.	火力增益魔法药水{desc}一天之内，接触火力危险物可恢复耐力。	炎の恩恵ポーション{desc}炎の島で炎を受けるとスタミナが回復する。効果は1日。	Эликсир реабилитации (Огонь){desc}Стихия на Островах Огня восстанавливает выносливость. Действует один день.
potionAbundance	potion	100	200	Abundance Potion{desc}Trees and Rocks drop 30% more resources for one day.	Potion d'abondance{desc}Les arbres et les rochers donnent 30 % de ressources en plus pendant un jour.	Überflusstrank{desc}Bäume und Felsen werfen für einen Tag 30% mehr Ressourcen ab.	Poción de abundancia{desc}Los árboles y las rocas otorgan un 30 % más de recursos durante un día.	Poção de Abundância{desc}Árvores e Rochas deixam cair 30% mais recursos por um dia.	丰饶魔法药水{desc}一天之内，树木和石头掉落的资源数量增加 30%。	潤沢ポーション{desc}木や岩から得られる資源が30%増える。効果は1日。	Эликсир Изобилия{desc}Деревья и камни дают на 30% больше ресурсов на один день.
potionTimeDilation	potion	100	200	Time Dilation Potion{desc}Time doesn't move forward while inside your home, Spirit barn, or greenhouse. Lasts one day.	Potion de dilatation temporelle{desc}Le temps ne s'écoule pas quand tu es dans ton domicile, ton abri à esprits ou ta serre. Dure un jour.	Zeitdehnungstrank{desc}Die Zeit vergeht nicht, während du in deinem Zuhause, deiner Geisterscheune oder deinem Gewächshaus bist. Dauert einen Tag.	Poción de dilatación temporal{desc}El tiempo no avanza mientras estás dentro de casa, del establo para espíritus o del invernadero. El efecto dura un día.	Poção de Dilatação do Tempo{desc}O tempo não avança enquanto você está dentro do seu Lar, da Morada dos Espíritos ou da Estufa. Dura um dia.	时间膨胀魔法药水{desc}在家、精灵棚和温室里时，时间会停止流逝。持续一天。	時のひずみポーション{desc}家、精霊の小屋、温室にいる間は時間が進まない。効果は1日。	Эликсир замедления времени{desc}Останавливат время, пока вы находитесь в доме, амбаре или теплице. Действует один день.
potionRageCleanse	potion	100	200	Rage Cleanse Potion{desc}Remove all Rage from a Spirit.	Potion de suppression (Rage){desc}Supprime tous les effets Rage d'un esprit.	Zorn-Unterdrückungstrank{desc}Entferne den Zorn von einem Geist.	Poción de purga (Furia){desc}Elimina el estado alterado Furia a un espíritu.	Poção de Purificação de Fúria{desc}Remove toda a Fúria de um Espírito.	清洗愤怒魔法药水{desc}解除一个精灵的所有愤怒。	激怒浄化ポーション{desc}精霊1体から激怒をすべて除去する。	Эликсир очищения (Ярость){desc}Полностью убирает эффект Ярость у Духа.
potionPoisonCleanse	potion	100	200	Poison Cleanse Potion{desc}Remove all Poison from a Spirit.	Potion de suppression (Poison){desc}Supprime tous les effets Poison d'un esprit.	Gift-Unterdrückungstrank{desc}Entferne Gift von einem Geist.	Poción de purga (Veneno){desc}Elimina el estado alterado Veneno a un espíritu.	Poção de Purificação de Veneno{desc}Remove todo o Veneno de um Espírito.	清洗中毒魔法药水{desc}解除一个精灵的所有中毒。	猛毒浄化ポーション{desc}精霊1体から猛毒をすべて除去する。	Эликсир очищения (Яд){desc}Полностью убирает эффект Яд у Духа.
potionChargeCleanse	potion	100	200	Charge Cleanse Potion{desc}Remove all Charge from a Spirit.	Potion de suppression (Charge){desc}Supprime tous les effets Charge d'un esprit.	Ladungsunterdrückungstrank{desc}Entferne Ladung von einem Geist.	Poción de purga (Asalto){desc}Elimina el estado alterado Asalto a un espíritu.	Poção de Purificação de Carga{desc}Remove toda a Carga de um Espírito.	清洗充能魔法药水{desc}解除一个精灵的所有充能。	チャージ浄化ポーション{desc}精霊1体からチャージをすべて除去する。	Эликсир очищения (Заряд){desc}Полностью убирает эффект Заряд у Духа.
potionBurnCleanse	potion	100	200	Burn Cleanse Potion{desc}Remove all Burn from a Spirit.	Potion de suppression (Brûlure){desc}Supprime tous les effets Brûlure d'un esprit.	Verbrennen-Unterdrückungstrank{desc}Entferne Verbrennen von einem Geist.	Poción de purga (Quemadura){desc}Elimina el estado alterado Quemadura a un espíritu.	Poção de Purificação de Queimadura{desc}Remove toda a Queimadura de um Espírito.	清洗灼烧魔法药水{desc}解除一个精灵的所有灼烧。	やけど浄化ポーション{desc}精霊1体からやけどをすべて除去する。	Эликсир очищения (Ожог){desc}Полностью убирает эффект Ожог у Духа.
potionIntangibleCleanse	potion	100	200	Intangible Cleanse Potion{desc}Remove all Intangible from a Spirit.	Potion de suppression (Intangible){desc}Supprime tous les effets Intangible d'un esprit.	Unberührbar-Unterdrückungstrank{desc}Entferne Unberührbar von einem Geist.	Poción de purga (Intocable){desc}Elimina el estado alterado Intocable a un espíritu.	Poção de Purificação de Intangibilidade{desc}Remove toda a Intangibilidade de um Espírito.	清洗无形魔法药水{desc}解除一个精灵的所有无形。	無形浄化ポーション{desc}精霊1体から無形をすべて除去する。	Эликсир очищения (Фантом){desc}Полностью удаляет эффект Фантом у Духа.
potionEtherealCleanse	potion	100	200	Ethereal Cleanse Potion{desc}Remove all Ethereal from a Spirit.	Potion de suppression (Éthéré){desc}Supprime tous les effets Éthéré d'un esprit.	Ätherisch-Unterdrückungstrank{desc}Entferne Ätherisch von einem Geist.	Poción de purga (Etéreo){desc}Elimina el estado alterado Etéreo a un espíritu.	Poção de Purificação de Etéreo{desc}Remove todo o Etéreo de um Espírito.	清洗虚无魔法药水{desc}解除一个精灵的所有虚无。	神秘浄化ポーション{desc}精霊1体から神秘をすべて除去する。	Эликсир очищения (Эфирность){desc}Полностью удаляет эффект Эфирность у Духа.
potionSkillReset	potion	100	200	Skill Reset Potion{desc}Drinking this potion allows you to reallocate skill points in the skill tree.	Potion de réinitialisation{desc}Cette potion te permettra de réaffecter tes points dans l'arbre des compétences.	Zurücksetzungstrank{desc}Dieser Trank erlaubt dir, deine Fähigkeitspunkte im Fähigkeitsbaum neu zu verteilen.	Poción de restauración de habilidades{desc}Si bebes esta poción, podrás volver a distribuir los puntos en el árbol de habilidades.	Poção de Reinicialização de Habilidades{desc}Beber esta poção permite realocar pontos de habilidade na árvore de habilidades.	技能重置魔法药水{desc}喝下此魔法药水，即可重新分配技能树上的技能点数。	スキルリセットポーション{desc}これを飲むと、スキルツリーのスキルポイントを振り直せる。	Эликсир сброса навыков{desc}Позволяет перераспределить очки навыков в дереве навыков.
potionHolo	potion	100	200	Holo-Hunter's Potion{desc}A gift from the gods (devs). ^Drinking this potion increases the chances of Holographic Spirits spawning to 10%. Remains active until your day ends or until you tame a holographic spirit, whichever comes first. Does not stack.	Potion holographique{desc}Augmente de 10 % les chances de voir apparaître des esprits holographiques. Reste active jusqu'à la fin de la journée ou jusqu'à ce que tu apprivoises un esprit holographique. Son effet ne se cumule pas.	Holojäger-Trank{desc}Dieser Trank erhöht die Chance, dass holografische Geister erscheinen, um 10%. Bleibt aktiv, bis der Tag endet oder du einen holografischen Geist gezähmt hast, je nach dem, was zuerst eintrifft. Nicht stapelbar.	Poción holocaza{desc}Si bebes esta poción, la probabilidad de que aparezcan espíritus holográficos aumentará un 10 %. Permanece activa hasta el final del día o hasta que domes a un espíritu holográfico, lo que ocurra antes. No se acumula.	Poção Caça-Holo{desc}Essa poção aumenta em 10% as chances de encontrar Espíritos Holográficos. Dura até o final do dia ou até você domar um Espírito Holográfico, o que vier primeiro. Não acumula.	全息猎人魔法药水{desc}喝下此药水，全息精灵的生成几率提高 10%。效果持续到一天结束，或直到你驯服一只全息精灵为止，两种情况以先发生为准。不可叠加。	ホロハンターポーション{desc}このポーションを飲むと、ホログラフィックな精霊（色違い）の出現率が10%上がる。ホログラフィックな精霊を1体手なづけるか、1日が終わると、効果は切れる。重ねがけはできない。	Голографический эликсир{desc}Дар богов (разработчиков).^Увеличивает шанс появления голографических Духов до 10%. Остается активным до окончания вашего дня или до того момента, пока вы не приручите голографического духа. Не суммируется.
potionStatsReset	potion	100	200	Spirit Reset Potion{desc}Feed to a Spirit to reset their stats so they can be reallocated.	Potion de réinitialisation{desc}Donne-la à un esprit pour réinitialiser ses attributs et pouvoir ainsi les répartir comme bon te semble.	Zurücksetzungstrank{desc}Füttere einen Geist, um seine Eigenschaften zurückzusetzen, damit sie neu verteilt werden können.	Poción de restauración de espíritu{desc}Dásela a un espíritu para restaurar sus atributos y poder redistribuirlos.	Poção de Redefinição de Espírito{desc}Faça um Espírito beber esta poção para redistribuir os atributos dele.	精灵重置魔法药水{desc}将其喂给精灵可重置其属性，以便重新分配这个精灵。	精霊リセットポーション{desc}精霊に与えると、ステータスを振り直せる。	Эликсир сброса аттрибутов{desc}Дайте Духу, чтобы сбросить его аттрибуты и перераспределить их заново.
potionDeckReset	potion	100	200	Deck Reset Potion{desc}Feed to Spirit to clear their deck of all cards except their starter cards, then add new cards.	Potion de réinitialisation de deck{desc}Donne-la à un esprit pour retirer toutes les cartes de son deck, à l'exception des cartes de départ.	Deck-Zurücksetzen-Trank{desc}Füttere einen Geist damit, um ein Deck bis auf die Startkarten zurückzusetzen.	Poción de restablecer mazo{desc}Alimenta a un espíritu con esto para eliminar todas las cartas de un mazo (excepto las cartas iniciales).	Poção de Redefinição de Baralho{desc}Dê a um Espírito para redefinir todas as cartas de um baralho, exceto as iniciais.	卡组重置魔法药水{desc}让精灵喝下此药水，即可移除一套卡组中的所有卡牌（初始卡牌除外），然后添加新的卡牌。	デッキリセットポーション{desc}精霊に与えると、デッキからすべてのカード（初期から所持しているもの以外）を取り除き、新しいカードを追加できる。	Эликсир сброса колоды{desc}Скормите Духу, чтобы убрать все карты из его колоды, кроме стартовых.
											
											
											
// FAKE ITEMS (not added to inventory)											
homeGroundFloor1	home_upgrade	1		North Wing{desc}Add a North Wing room.	Aile nord{desc}Ajoute une aile nord à ton domicile.	Nordflügel{desc}Füge einen Raum als Nordflügel hinzu.	Ala norte{desc}Añade un ala norte.	Ala Norte{desc}Acrescenta uma sala na Ala Norte.	北翼{desc}新增一个北翼房间。	北側の部屋{desc}北に部屋を追加する。	Северное крыло{desc}Добавить северное крыло для вашего дома.
homeGroundFloor2	home_upgrade	1		West Wing{desc}Add a West Wing room.	Aile ouest{desc}Ajoute une aile ouest à ton domicile.	Westflügel{desc}Füge einen Raum als Westflügel hinzu.	Ala oeste{desc}Añade un ala oeste.	Ala Oeste{desc}Acrescenta uma sala na Ala Oeste.	西翼{desc}新增一个西翼房间。	西側の部屋{desc}西に部屋を追加する。	Западное крыло{desc}Добавить западное крыло для вашего дома.
homeGroundFloor3	home_upgrade	1		East Wing{desc}Add an East Wing room.	Aile est{desc}Ajoute une aile est à ton domicile.	Ostflügel{desc}Füge einen Raum als Ostflügel hinzu.	Ala este{desc}Añade un ala este.	Ala Leste{desc}Acrescenta uma sala na Ala Leste.	东翼{desc}新增一个东翼房间。	東側の部屋{desc}東に部屋を追加する。	Восточное крыло{desc}Добавить восточное крыло для вашего дома.
homeSecondFloor1	home_upgrade	1		Second Floor{desc}Add a second floor to your house.	Étage{desc}Ajoute un étage à ton domicile.	Obergeschoss{desc}Füge deinem Haus ein Obergeschoss hinzu.	Segunda planta{desc}Añade un segundo piso a tu casa.	Segundo Andar{desc}Acrescenta um segundo andar na sua casa.	二楼{desc}为你的房屋增加一层楼。	2階{desc}家に2階ができる。	Второй этаж{desc}Добавить второй этаж к вашему дому.
homeSecondFloor2	home_upgrade	1		Second Floor Expanded{desc}Expand the second floor of your house.	Extension de l'étage{desc}Agrandis l'étage de ton domicile.	Erweitertes Obergeschoss{desc}Erweitere das neue Stockwerk deines Hauses.	Segunda planta ampliada{desc}Amplía el segundo piso de tu casa.	Segundo Andar Ampliado{desc}Amplia o segundo andar da sua casa.	扩建二楼{desc}扩建你的房屋的二楼。	2階拡張{desc}家の2階が拡張される。	Расширение второго этажа{desc}Расширить второй этаж вашего дома.
homeAttic	home_upgrade	1		Attic{desc}Add an Attic to your house.	Grenier{desc}Ajoute un grenier à ton domicile.	Dachboden{desc}Füge deinem Haus einen Dachboden hinzu.	Ático{desc}Añade un ático a tu casa.	Sótão{desc}Acrescenta um sótão na sua casa.	阁楼{desc}为你的房屋新增一个阁楼。	屋根裏{desc}家に屋根裏ができる。	Чердак{desc}Добавить чердак к вашему дому.
homeBasement1	home_upgrade	1		Basement{desc}Add a Basement to your house.	Sous-sol{desc}Ajoute un sous-sol à ton domicile.	Keller{desc}Füge deinem Haus einen Keller hinzu.	Sótano{desc}Añade un sótano a tu casa.	Porão{desc}Acrescenta um porão na sua casa.	地下室{desc}为你的房屋新增一个地下室。	地下{desc}家に地下ができる。	Подвал{desc}Добавить подвал к вашему дому.
homeBasement2	home_upgrade	1		Basement Expanded{desc}More Basement.	Première extension du sous-sol{desc}Pour un sous-sol encore plus grand.	Erweiterter Keller{desc}Größerer Keller.	Sótano ampliado{desc}Un sótano más grande.	Porão Ampliado{desc}Mais porão.	扩建地下室{desc}更大的地下室。	地下拡張{desc}地下がもっと広くなる。	Просторный подвал{desc}Побольше подвал.
homeBasement3	home_upgrade	1		Basement Extra Expanded{desc}Even More Basement.	Deuxième extension du sous-sol{desc}Pour un sous-sol toujours plus grand.	Zusätzliche Kellererweiterung{desc}Noch größerer Keller.	Sótano superampliado{desc}Un sótano mucho más grande.	Porão Extra Ampliado{desc}Mais porão ainda.	额外扩建地下室{desc}比更大还要大的地下室。	地下追加拡張{desc}地下がさらに広くなる。	Огромный подвал{desc}Ещё больше подвала.
homeBasement4	home_upgrade	1		Basement Double Extra Expanded{desc}Even More Even More Basement.	Troisième extension du sous-sol{desc}Pour un sous-sol encore et toujours plus grand.	Doppelte zusätzliche Kellererweiterung{desc}Noch größerer noch größerer Keller.	Sótano megampliado{desc}Un sótano muchísimo más grande.	Porão Extra Duplo Ampliado{desc}Ainda mais porão ainda.	双倍额外扩建地下室{desc}比更大还要大得多的地下室。	地下追加拡張2{desc}地下がさらにもっともっともっと広くなる。	Гигантский подвал{desc}Ещё больше подвала, чем было до этого.
homeBasement5	home_upgrade	1		Basement Triple Extra Expanded{desc}Most Basement.	Quatrième extension du sous-sol{desc}Le sous-sol ultime.	Dreifache zusätzliche Kellererweiterung{desc}Noch größer geht nicht.	Sótano hiperampliado{desc}El sótano más grande que existe.	Porão Extra Triplo Ampliado{desc}Porão ao máximo.	三倍额外扩建地下室{desc}最大的地下室。	地下追加拡張3{desc}最高の地下。	Исполинский подвал{desc}Максимум подвала.
											
greenhouseUpgrade1	greenhouse_upgrade	1		Greenhouse Upgrade{desc}Adds additional plots for growing seeds and a water feature for growing water seeds.	Première amélioration de la serre{desc}Ajoute de nouvelles parcelles pour y faire pousser des graines ainsi qu'un plan d'eau pour les cultures aquatiques.	Gewächshausverbesserung{desc}Fügt zusätzliche Plätze für Samen und eine Wasserfläche hinzu, die das Züchten von Wasserpflanzen ermöglicht.	Mejora de invernadero{desc}Añade más parcelas para plantar semillas y un estanque para cultivar plantas acuáticas.	Melhoramento da Estufa{desc}Acrescenta lotes adicionais para cultivar sementes e um recurso hídrico para cultivar sementes da Água.	温室升级{desc}增加用于种植种子的地块，新添一处用于种植水种子的水培区。	温室アップグレード{desc}種を育てる区画が追加され、水生植物の種も育てられるようになる。	Улучшение теплицы{desc}Добавляет дополнительные грядки и водоём для выращивания водных растений.
greenhouseUpgrade2	greenhouse_upgrade	1		Greenhouse Double Upgrade{desc}Adds even more plots for growing seeds and a second water feature for growing water seeds.	Deuxième amélioration de la serre{desc}Ajoute encore plus de parcelles pour y faire pousser des graines ainsi qu'un second plan d'eau pour les cultures aquatiques.	Doppelte Gewächshausverbesserung{desc}Fügt noch mehr zusätzliche Plätze für Samen und eine zweite Wasserfläche hinzu, die das Züchten von Wasserpflanzen ermöglicht.	Mejora de invernadero doble{desc}Añade aún más parcelas para plantar semillas y un segundo estanque para cultivar plantas acuáticas.	Melhoramento Duplo da Estufa{desc}Acrescenta ainda mais lotes para cultivar sementes e um segundo recurso hídrico para cultivar sementes da Água.	温室双倍升级{desc}增加更多用于种植种子的地块，再新添一处用于种植水种子的水培区。	温室アップグレード2{desc}種を育てる区画がさらに追加され、育てられる水生植物の数が増える。	Двойное улучшение теплицы{desc}Добавляет ещё больше грядок и второй водоём для выращивания водных растений.
greenhouseUpgrade3	greenhouse_upgrade	1		Greenhouse Triple Upgrade{desc}Double the size of the Double Upgraded Greenhouse. This thing is BIG.	Troisième amélioration de la serre{desc}Double la taille de la deuxième amélioration de la serre. Idéale pour voir les choses en grand.	Gewächshaus-Dreifachverbesserung{desc}Verdoppelt die Größe des doppelt verbesserten Gewächshauses. Dieses Ding ist GROSS!	Mejora triple para el invernadero{desc}Duplica el tamaño del invernadero doble. Esta cosa es enorme.	Melhoria Tripla de Estufa{desc}Dobra o tamanho da Estufa Duplamente Melhorada. Essa coisa é ENORME.	温室三倍升级{desc}将双倍升级过的温室大小再扩大一倍。太宽敞啦。	温室アップグレード3{desc}温室アップグレード2の2倍の大きさ。これはスゴイ。	Тройное улучшение теплицы{desc}Вдвое больше, чем двойная улучшенная теплица. Иными словами, она ОГРОМНАЯ.
											
barnUpgrade1	barn_upgrade	1		Big Spirit Barn{desc}Allows you to keep up to 80 Spirits.	Grand abri à esprits{desc}Permet d'accueillir jusqu'à 80 esprits.	Große Geisterscheune{desc}Bietet Platz für bis zu 80 Geister.	Establo para espíritus grande{desc}Permite guardar hasta 80 espíritus.	Morada dos Espíritos Grande{desc}Permite manter até 80 Espíritos.	大精灵棚{desc}可存放多达 80 个精灵。	精霊の小屋（大）{desc}精霊を最大80体まで保持できる。	Большой амбар для духов{desc}Позволяет содержать до 80 духов.
barnUpgrade2	barn_upgrade	1		Huge Spirit Barn{desc}Allows you to keep up to 120 Spirits.	Énorme abri à esprits{desc}Permet d'accueillir jusqu'à 120 esprits.	Riesige Geisterscheune{desc}Bietet Platz für bis zu 120 Geister.	Establo para espíritus enorme{desc}Permite guardar hasta 120 espíritus.	Morada dos Espíritos Enorme{desc}Permite manter até 120 Espíritos.	巨型精灵棚{desc}可存放多达 120 个精灵。	精霊の小屋（巨大）{desc}精霊を最大120体まで保持できる。	Огромный амбар для духов{desc}Позволяет содержать до 120 духов.
barnUpgrade3	barn_upgrade	1		Massive Spirit Barn{desc}Allows you to keep up to 240 Spirits.	Gigantesque abri à esprits{desc}Permet d'accueillir jusqu'à 240 esprits.	Enorme Geisterscheune{desc}Bietet Platz für bis zu 240 Geister.	Establo para espíritus gigante{desc}Permite guardar hasta 240 espíritus.	Morada dos Espíritos Gigante{desc}Permite manter até 240 Espíritos.	特大型精灵棚{desc}可存放多达 240 个精灵。	巨大な精霊の小屋{desc}精霊を最大240体まで住まわせることができる。	Гигантский амбар для духов{desc}Позволяет содержать до 240 духов.
											
											
coin	fake_item	1		Gold	Or	Gold	Oro	Ouro	金币	ゴールド	Золото
craftingRecipe	fake_item	1		Crafting recipe{desc}Learn a recipe to craft a random item.	Plan{desc}Te permet d'apprendre à fabriquer un objet aléatoire.	Herstellungsrezept{desc}Lerne ein Rezept, um einen zufälligen Gegenstand herzustellen.	Diseño de fabricación{desc}Aprende a fabricar un objeto al azar.	Receita de Criação{desc}Aprenda uma receita para criar um item aleatório.	制作配方{desc}学习制作配方，随机制作一件物品。	クラフトレシピ{desc}ランダムなアイテムのクラフトレシピを学ぶ。	Схема крафта{desc}Изучите схему для изготовления нового предмета.
randomCraftingRecipe	fake_item	1		Random crafting recipe{desc}Learn a recipe to craft a random item.	Un plan aléatoire.{desc}Te permet d'apprendre à fabriquer un objet aléatoire.	Ein zufälliges Herstellungsrezept{desc}Lerne ein Rezept, um einen zufälligen Gegenstand herzustellen.	Un diseño de fabricación al azar.{desc}Aprende a fabricar un objeto al azar.	Uma receita de criação aleatória{desc}Aprenda uma receita para criar um item aleatório.	一份随机制作配方{desc}学习制作配方，随机制作一件物品。	クラフトレシピ{desc}ランダムなアイテムのクラフトレシピを学ぶ。	Схема крафта{desc}Изучите схему для изготовления нового предмета.
											
											
magicalSeal1	quest	1		Earth Seal{desc}A Magical Seal used in ancient times to seal an interdimensional rift. Smells like dirt.	Sceau de la terre{desc}Un sceau magique qui permettait autrefois de fermer une faille interdimensionnelle. Sent la terre.	Erdsiegel{desc}Ein Magisches Siegel, mit dem vor langer Zeit ein Dimensionsriss versiegelt wurde. Riecht nach Erde.	Sello Terrenal{desc}Un sello mágico que se usaba antaño para sellar una grieta interdimensional. Huele a tierra.	Selo da Terra{desc}Um selo mágico usado nos tempos antigos para selar uma fenda interdimensional. Tem cheiro de terra.	土之封印{desc}一个魔法封印，在古代用于封印一处跨维度的裂缝。闻起来像泥土。	土の封印{desc}古代に使われていた、次元間の裂け目をふさぐ魔法の封印。土のようなにおいがする。	Знак Земли{desc}Волшебная печать, использовалась в древние времена для запечатывания межпространственного Разлома. Пахнет землей.
magicalSeal2	quest	1		Water Seal{desc}A Magical Seal used in ancient times to seal an interdimensional rift. Feels cold to the touch.	Sceau de l'eau{desc}Un sceau magique qui permettait autrefois de fermer une faille interdimensionnelle. Froid au toucher.	Wassersiegel{desc}Ein Magisches Siegel, mit dem vor langer Zeit ein Dimensionsriss versiegelt wurde. Fühlt sich kalt an.	Sello Acuático{desc}Un sello mágico que se usaba antaño para sellar una grieta interdimensional. Está frío al tacto.	Selo da Água{desc}Um selo mágico usado nos tempos antigos para selar uma fenda interdimensional. É frio ao toque.	水之封印{desc}一个魔法封印，在古代用于封印一处跨维度的裂缝。触摸时有冰凉感。	水の封印{desc}古代に使われていた、次元間の裂け目をふさぐ魔法の封印。触ると冷たく感じる。	Знак Воды{desc}Волшебная печать, использовалась в древние времена для запечатывания межпространственного Разлома. Холодная на ощупь.
magicalSeal3	quest	1		Poison Seal{desc}A Magical Seal used in ancient times to seal an interdimensional rift. Do not lick.	Sceau du poison{desc}Un sceau magique qui permettait autrefois de fermer une faille interdimensionnelle. Ne pas lécher.	Giftsiegel{desc}Ein Magisches Siegel, mit dem vor langer Zeit ein Dimensionsriss versiegelt wurde. Nicht daran lecken.	Sello Venenoso{desc}Un sello mágico que se usaba antaño para sellar una grieta interdimensional. No lo chupes.	Selo do Veneno{desc}Um selo mágico usado nos tempos antigos para selar uma fenda interdimensional. Não pode lamber.	毒之封印{desc}一个魔法封印，在古代用于封印一处跨维度的裂缝。不要舔。	毒の封印{desc}古代に使われていた、次元間の裂け目をふさぐ魔法の封印。舐めちゃダメ。	Знак Яда{desc}Волшебная печать, использовалась в древние времена для запечатывания межпространственного Разлома. Не облизывайте.
magicalSeal4	quest	1		Electric Seal{desc}A Magical Seal used in ancient times to seal an interdimensional rift. Makes your fingers tingle.	Sceau de l'électricité{desc}Un sceau magique qui permettait autrefois de fermer une faille interdimensionnelle. Fait de petits picotements aux doigts.	Elektrosiegel{desc}Ein Magisches Siegel, mit dem vor langer Zeit ein Dimensionsriss versiegelt wurde. Lässt die Finger kribbeln.	Sello Eléctrico{desc}Un sello mágico que se usaba antaño para sellar una grieta interdimensional. Hace cosquillitas en los dedos.	Selo Elétrico{desc}Um selo mágico usado nos tempos antigos para selar uma fenda interdimensional. Faz os dedos formigarem.	电之封印{desc}一个魔法封印，在古代用于封印一处跨维度的裂缝。会让你的手指发麻。	雷の封印{desc}古代に使われていた、次元間の裂け目をふさぐ魔法の封印。指がピリピリする。	Знак Электричества{desc}Волшебная печать, использовалась в древние времена для запечатывания межпространственного Разлом. Слегка покалывает пальцы.
mirrorShard	quest	15		Memory Shard{desc}A piece of the Magic Man's memory mirror. I should return this to him...	Fragment de mémoire{desc}Morceau du miroir renfermant la mémoire du mage. Je ferais mieux de le lui rapporter...	Erinnerungssplitter{desc}Ein Stück des Erinnerungsspiegels des Magiers. Ich sollte es ihm zurückgeben ...	Fragmento de memoria{desc}Un pedazo del espejo donde el mago guardó su memoria. Debería devolvérselo...	Fragmento de Memória{desc}Um pedaço das memórias do espelho do Homem Mágico. Preciso devolver pra ele...	记忆碎片{desc}魔术师的记忆之镜的碎片。我应该把这碎片还给他……	記憶のカケラ{desc}魔法使いの記憶の鏡の一部。持ち主に返さないと…	Осколок памяти{desc}Кусочек зеркала памяти Волшебника. Мне следует вернуть его ему...
											
											
gemGreen	valuable	100	5	Green Gemstone{desc}A shiny thing that exists purely to be sold for coins.	Gemme verte{desc}Objet brillant dont la seule utilité est d'être vendu.	Grüner Edelstein{desc}Ein glitzernder Stein, der nur dazu da ist, um ihn für Geld zu verkaufen.	Gema verde{desc}Artículo brillante que existe únicamente para venderla a cambio de monedas.	Gema Verde{desc}Uma coisa brilhante que existe simplesmente para ser vendida por moedas.	绿色宝石{desc}一块闪闪发光的东西，除了用来换取钱币一无是处。	緑の宝石{desc}売るとお金になるキラキラ。他の用途はない。	Зеленый самоцвет{desc}Блестящая безделушка, которую можно продать за монеты.
gemBlue	valuable	100	10	Blue Gemstone{desc}A shiny thing that exists purely to be sold for coins.	Gemme bleue{desc}Objet brillant dont la seule utilité est d'être vendu.	Blauer Edelstein{desc}Ein glitzernder Stein, der nur dazu da ist, um ihn für Geld zu verkaufen.	Gema azul{desc}Artículo brillante que existe únicamente para venderla a cambio de monedas.	Gema Azul{desc}Uma coisa brilhante que existe simplesmente para ser vendida por moedas.	蓝色宝石{desc}一块闪闪发光的东西，除了用来换取钱币一无是处。	青の宝石{desc}売るとお金になるキラキラ。他の用途はない。	Синий самоцвет{desc}Блестящая безделушка, которую можно продать за монеты.
gemYellow	valuable	100	20	Yellow Gemstone{desc}A shiny thing that exists purely to be sold for coins.	Gemme jaune{desc}Objet brillant dont la seule utilité est d'être vendu.	Gelber Edelstein{desc}Ein glitzernder Stein, der nur dazu da ist, um ihn für Geld zu verkaufen.	Gema amarilla{desc}Artículo brillante que existe únicamente para venderla a cambio de monedas.	Gema Amarela{desc}Uma coisa brilhante que existe simplesmente para ser vendida por moedas.	黄色宝石{desc}一块闪闪发光的东西，除了用来换取钱币一无是处。	黄の宝石{desc}売るとお金になるキラキラ。他の用途はない。	Желтый самоцвет{desc}Блестящая безделушка, которую можно продать за монеты.
gemRed	valuable	100	50	Red Gemstone{desc}A shiny thing that exists purely to be sold for coins.	Gemme rouge{desc}Objet brillant dont la seule utilité est d'être vendu.	Roter Edelstein{desc}Ein glitzernder Stein, der nur dazu da ist, um ihn für Geld zu verkaufen.	Gema roja{desc}Artículo brillante que existe únicamente para venderla a cambio de monedas.	Gema Vermelha{desc}Uma coisa brilhante que existe simplesmente para ser vendida por moedas.	红色宝石{desc}一块闪闪发光的东西，除了用来换取钱币一无是处。	赤の宝石{desc}売るとお金になるキラキラ。他の用途はない。	Красный самоцвет{desc}Блестящая безделушка, которую можно продать за монеты.
gemPurple	valuable	100	100	Purple Gemstone{desc}A shiny thing that exists purely to be sold for coins.	Gemme violette{desc}Objet brillant dont la seule utilité est d'être vendu.	Violetter Edelstein{desc}Ein glitzernder Stein, der nur dazu da ist, um ihn für Geld zu verkaufen.	Gema violeta{desc}Artículo brillante que existe únicamente para venderla a cambio de monedas.	Gema Roxa{desc}Uma coisa brilhante que existe simplesmente para ser vendida por moedas.	紫色宝石{desc}一块闪闪发光的东西，除了用来换取钱币一无是处。	紫の宝石{desc}売るとお金になるキラキラ。他の用途はない。	Фиолетовый самоцвет{desc}Блестящая безделушка, которую можно продать за монеты.
gemSilver	valuable	100	250	Silver Gemstone{desc}A shiny thing that exists purely to be sold for coins.	Gemme argentée{desc}Objet brillant dont la seule utilité est d'être vendu.	Silberner Edelstein{desc}Ein glitzernder Stein, der nur dazu da ist, um ihn für Geld zu verkaufen.	Gema plateada{desc}Artículo brillante que existe únicamente para venderla a cambio de monedas.	Gema Prata{desc}Uma coisa brilhante que existe simplesmente para ser vendida por moedas.	银色宝石{desc}一块闪闪发光的东西，除了用来换取钱币一无是处。	銀の宝石{desc}売るとお金になるキラキラ。他の用途はない。	Серебряный самоцвет{desc}Блестящая безделушка, которую можно продать за монеты.
											
											
											
											
											
											
											
											
											
											
											
											
											
											
											
											
											
											
											
											
											
											
											
											
											
											
											
											
											
											
											
											
											
											
											
											
											
											
											
											
											
											
											
											
											
											
											
											
											
											
											
											
											
											
											
											
											
											
											
											
											
											
											
											
											
											
											
											
											
											
											
											
											
											
											
											
											
											
											
											
											
											
											
											
											
											
											
											
											
											
											
											
											
											
											
											
											
											
											
											
											
											
											
											
											
											
											
											
											
											
											
											
											
											
											
											
											
											
											
											
											
											
											
											
											
											
											
											
											
											
											
											
											
											
											
											
											
											
											
											
											
											
											
											
											
											
											
											
											
											
											
											
											
											
											
											
											
											
											
											
											
											
											
											
											
											
											
											
											
											
											
											
											
											
											
											
											
											
											
											
											
											
											
											
											
											
											
											
											
											
											
											
											
											
											
											
											
											
											
											
											
											
											
											
											
											
											
											
											
											
											
											
											
											
											
											
											
											
											
											
											
											
											
											
											
											
											
											
											
											
											
											
											
											
											
											
											
											
											
											
											
											
											
											
											
											
											
											
											
											
											
											
											
											
											
											
											
											
											
											
											
											
											
											
											
											
											
											
											
											
											
											
											
											
											
											
											
											
											
											
											
											
											
											
											
											
											
											
											
											
											
											
											
											
											
											
											
											
											
											

COOKING	type	stackSize	price	EN	FR	DE	ES	BR	CN	JP	RU
											
flour	material	100	10	Flour{desc}A sort of fluffy bread-powder.	Farine{desc}Poudre indispensable pour préparer du pain.	Mehl{desc}Ein fluffiges Brotpulver.	Harina{desc}Polvitos para un pan esponjoso.	Farinha{desc}Um tipo de pó para fazer pão.	面粉{desc}松软的面包粉。	小麦粉{desc}フワフワのパン粉のようなもの。	Мука{desc}Хлебный порошок.
rice	material	100	10	Rice{desc}A versatile grain.	Riz{desc}Céréale aux multiples usages.	Reis{desc}Ein vielseitiges Getreide.	Arroz{desc}Un cereal muy versátil.	Arroz{desc}Um grão versátil.	大米{desc}用途广泛的谷物。	米{desc}万能な穀物。	Рис{desc}Универсальное зерно.
sugar	material	100	10	Sugar{desc}The sweetest stuff.	Sucre{desc}Cristaux de gourmandise.	Zucker{desc}Süßer geht nicht.	Azúcar{desc}La cosa más dulce que hay.	Açúcar{desc}O ápice da doçura.	糖{desc}很甜的东西。	砂糖{desc}最高に甘い。	Сахар{desc}Самая сладкая штука.
dough	material	100	20	Dough{desc}A goo that becomes delicious when baked.	Pâte{desc}Révèle toutes ses saveurs une fois sortie du four.	Teig{desc}Eine Masse, die richtig lecker ist, wenn sie gebacken wird.	Masa{desc}Una mezcla viscosa que se vuelve deliciosa al hornearla.	Massa{desc}Uma goma que fica deliciosa após ser cozida.	面团{desc}烘烤后会变得美味的粘稠物。	生地{desc}焼くとおいしくなるネバネバ。	Тесто{desc}Липкая штука для выпечки.
noodles	material	100	20	Noodles{desc}Womr-shaped pasta.	Nouilles{desc}Pâtes en forme de vergala.	Nudeln{desc}Wurmförmige Pasta.	Fideos{desc}Pasta con forma de Womr.	Talharim{desc}Macarrão em formato de Mioca.	面条{desc}长条形的面食。	めん類{desc}イムシモ型のパスタ。	Лапша{desc}Извилистые макароны.
water	consumable	100	10	Water{desc}The wet stuff.	Eau{desc}Attention, ça mouille.	Wasser{desc}Das nasse Zeug.	Agua{desc}La cosa que moja.	Água{desc}Aquilo que molha.	水{desc}湿湿的东西。	水{desc}湿っている。	Вода{desc}Мокрая и жидкая.
											
mealSpiritSoup	meal	100	100	Spirit Scented-soup{desc}Eat to increase spawn rate of Spirits for 1 day	Soupe spirituelle{desc}Manges-en pour augmenter le taux d'apparition des esprits pendant 1 jour.	Geistersuppe{desc}Diese Mahlzeit erhöht die Geisterrate für 1 Tag.	Sopa con aroma a espíritu{desc}Tómala para aumentar la tasa de aparición de espíritus durante un día.	Sopa com Aroma de Espírito{desc}Consuma-a para aumentar a taxa de aparição de Espíritos por 1 dia.	精灵味增汤{desc}食用后，可在1天内增加精灵的生成率。	精霊の香り高いスープ{desc}食べると精霊の出現率が上がる（効果は1日）。	Душистый суп{desc}Съешьте, чтобы увеличить скорость появления духов на 1 день.
mealBirthdayCake	meal	100	100	Birthday Cake{desc}A traditional gift to give on someone's birthday (especially if you don't know what they like!)	Gâteau d'anniversaire{desc}Cadeau traditionnel à offrir pour l'anniversaire de quelqu'un (surtout quand on ne connaît pas les goûts de cette personne).	Geburtstagskuchen{desc}Ein traditionelles Geschenk zum Geburtstag (besonders dann, einem dir nichts Besseres einfällt!).	Tarta de cumpleaños{desc}Típico regalo que se le hace a alguien el día de su cumpleaños (¡sobre todo si no sabes qué cosas le gustan!).	Bolo de Aniversário{desc}Um presente tradicional para o aniversário de alguém (principalmente se você não souber do que a pessoa gosta).	生日蛋糕{desc}在别人过生日时送的传统礼物（特别是你不知道他们喜欢什么的话！）	バースデーケーキ{desc}誕生日の人にあげる、伝統的なプレゼント（相手の好きなものがわからないときにピッタリ！）。	Торт на день рождения{desc}Традиционный подарок на день рождения. (если вы не знаете, что подарить)
mealDubiousDish	meal	100	1	Dubious Dish{desc}Maybe you shouldn't eat this... (produced if ingredients are incorrect)	Plat suspect{desc}Il vaudrait mieux éviter de le manger... (obtenu si les ingrédients sont incorrects)	Dubioses Gericht{desc}Vielleicht lieber nicht essen ... (entsteht bei falschen Zutaten).	Plato sospechoso{desc}Quizá no deberías comértelo... (Se obtiene al no usar los ingredientes correctos).	Comida Suspeita{desc}É melhor você não comer isso... (produzida ao usar os ingredientes errados).	可疑的菜肴{desc}也许你不该吃这个……（食材错误时产生）	怪しい料理{desc}食べない方がいいかも…（材料が正しくない場合に生産）	Сомнительное блюдо{desc}Пожалуй, не стоит это есть... (приготовлено из неверных ингредиентов)
mealBurntFood	meal	100	1	Burnt Food{desc}Definitely don't eat this... (produced if food sits for too long in the Stove)	Plat carbonisé{desc}À ne manger sous aucun prétexte... (obtenu si la nourriture reste trop longtemps sur la cuisinière)	Verbranntes Gericht{desc}Auf keinen Fall essen ... (entsteht, wenn das Essen zu lange auf dem Herd bleibt).	Comida quemada{desc}Esto sí que no deberías comértelo... (Se obtiene al dejar la comida demasiado tiempo en la mesa de preparación).	Comida Queimada{desc}Não coma de jeito nenhum... (produzida ao deixar a comida sendo preparada por muito tempo).	烧焦的食物{desc}绝对不要吃这个……（食物在烹饪站放置过久时产生）	焦げた食べ物{desc}絶対に食べちゃダメ…（調理時間が長すぎる場合に生産）	Пригоревшее блюдо{desc}Определенно не надо это есть... (получается, когда еда слишком долго стоит на плите)
											
mealStonefruitDonuts	meal	100	90	Stonefruit Donuts{desc}Rowan's favorite.	Donuts à la caillebasse{desc}Rowan en raffole.	Steinfrucht-Donuts{desc}Rowans Leibgericht.	Dónuts de frutipiedra{desc}Los favoritos de Rowan.	Donuts de Nectarina{desc}Os preferidos de Rowan.	核果甜甜圈{desc}罗文的最爱。	イシノミドーナツ{desc}ローワンの好物。	Пончики из камнеплода{desc}Любимое блюдо Роуэна.
mealNightshadeNoodles	meal	100	150	Nightshade Noodles{desc}	Nouilles à la solanacée{desc}	Tollkirschennudeln{desc}	Fideos de belladona{desc}	Talharim de Beladona{desc}	夜影拉面{desc}	イヌホウズキヌードル{desc}	Лапша с белладонной{desc}
mealHotPepperPasta	meal	100	225	Hot Pepper Pasta{desc}Quill's favorite.	Pâtes au piment{desc}Quill en raffole.	Chili-Pasta{desc}Quills Leibgericht.	Pasta de chile picante{desc}La favorita de Púo.	Macarrão de Pimenta{desc}O preferido de Quill.	辣椒意面{desc}奎尔的最爱。	トウガラシパスタ{desc}クイルの好物。	Спагетти с острым перцем{desc}Любимое блюдо Квилла.
mealSpiritbaneSoup	meal	100	300	Spiritbane Soup{desc}Feed to a spirit for a permanent +1 to Power (can only be fed once)	Soupe à l'aconit tue-esprit{desc}Donnes-en à un esprit pour augmenter sa puissance de 1 de façon permanente (ne peut être donnée qu'une seule fois).	Geisterbannsuppe{desc}Füttere einen Geist damit, um permanent +1 auf Kraft zu erhalten (nur einmal möglich).	Sopa de espiricónito{desc}Dásela a un espíritu para aumentar 1 punto su Vigor de forma permanente (solo se puede usar una vez).	Sopa de Flor de Acônito{desc}Dê a um Espírito para ganhar +1 de Poder permanentemente (uso único).	灵厄草汤{desc}喂给精灵后，可永久增加其1点能量（仅可喂食一次）	セイレイドクのスープ{desc}精霊に与えると、パワーが永久的に+1（与えられるのは一度のみ）。	Суп из духогона{desc}Скормите духу для постоянного увеличения Силы на +1. (можно покормить только один раз)
											
mealPopsiplantPudding	meal	100	100	Popsiplant Pudding{desc}	Pudding à la plantiglace{desc}	Stieleispflanzen-Pudding{desc}	Pudin de polorífera{desc}	Pudim de Papoula{desc}	泡泡植布丁{desc}	キャンディソウプディング{desc}	Пудинг "Леденцовый цвет"{desc}
mealPinwheelCake	meal	100	90	Pinwheel Cake{desc}Cleo's favorite.	Gâteau à la girafleur{desc}Cléo en raffole.	Windradblumenkuchen{desc}Cleos Leibgericht.	Tarta de jazmín crespón{desc}La favorita de Cleo.	Bolo de Jasmim Cata-Vento{desc}O preferido de Cléo.	风车花蛋糕{desc}克莉奥的最爱。	フウシャバナのケーキ{desc}クレオの好物。	Торт "Вертушка"{desc}Любимый торт Клео.
mealZaplantRamen	meal	100	150	Zaplant Ramen{desc}Gaiana's favorite. Feed to a spirit for a permanent +1 to Speed (can only be fed once)	Ramens au tonnercule{desc}Gaïana en raffole. Donnes-en à un esprit pour augmenter sa vitesse de +1 de façon permanente (ne peuvent être donnés qu'une seule fois).	Zapperpflanzen-Ramen{desc}Gaianas Leibgericht. Füttere einen Geist damit, um permanent +1 auf Tempo zu erhalten (nur einmal möglich).	Ramen de calambrífera{desc}El favorito de Gaiana. Dáselo a un espíritu para aumentar 1 punto su Velocidad de forma permanente (solo se puede usar una vez).	Ramen de Eletroplanta{desc}O preferido de Gaiana. Dê a um Espírito para ganhar +1 de Velocidade permanentemente (uso único).	光击植拉面{desc}盖娅娜的最爱。喂给精灵后，可永久增加其+1点速度（仅可喂食一次）	カツリョクソウラーメン{desc}ガイアナの好物。精霊に与えると、スピードが永久的に+1（与えられるのは一度のみ）。	Рамен с искровиком{desc}Любимое блюдо Гайаны.^Скормите духу для постоянного увеличения Скорости на +1. (можно покормить только один раз)
mealTinyFlowerTart	meal	100	230	Tiny Flower Tart{desc}	Tarte à la microfleur{desc}	Zwergblumentorte{desc}	Tartaleta de miniflor{desc}	Tortelete de Miniflor{desc}	小小花馅饼{desc}	ミニバナタルト{desc}	Цветочная тарталетка{desc}
											
mealSquishSoup	meal	100	110	Squish Soup{desc}Ferra's favorite.	Soupe à la courge plate{desc}Ferra en raffole.	Plattbissuppe{desc}Ferras Leibgericht.	Sopa de chafalabaza{desc}La favorita de Ferra.	Sopa de Moganga{desc}A preferida de Ferra.	嘎吱菜汤{desc}费拉的最爱。	ガボチャスープ{desc}フェラーの好物。	Патиссончиковый суп{desc}Любимый суп Ферры.
mealFlagFlan	meal	100	150	Flag Flan{desc}	Flan au coqualicot{desc}	Flaggen-Flan{desc}	Flan bandera{desc}	Flan de Bandeira{desc}	旗花蛋奶挞{desc}	ハタフラン{desc}	Пудинг из флагоцвета{desc}
mealGrumpkinPie	meal	100	135	Traditional Fall Pie{desc}Paolo's favorite.	Tarte d'automne{desc}Paolo en raffole.	Traditioneller Herbst-Pie{desc}Paolos Leibgericht.	Pastel de otoño tradicional{desc}El favorito de Paolo.	Torta de Outono Tradicional{desc}A preferida de Paolo.	秋季传统馅饼{desc}保罗的最爱。	伝統的な秋のパイ{desc}パオロの好物。	Традиционный осенний пирог{desc}Любимый пирог Паоло.
mealColberryLasagna	meal	100	500	Colberry Lasagna{desc}Feed to a spirit for a permanent +1 to Vitality (can only be fed once)	Lasagnes à la carbonibaie{desc}Donnes-en à un esprit pour augmenter sa vigueur de 1 de façon permanente (ne peuvent être données qu'une seule fois).	Kaltbeeren-Lasagne{desc}Füttere einen Geist damit, um permanent +1 auf Vitalität zu erhalten (nur einmal möglich).	Lasaña de fresquibaya{desc}Dásela a un espíritu para aumentar 1 punto su Vitalidad de forma permanente (solo se puede usar una vez).	Lasanha de Gelanga{desc}Dê a um Espírito para ganhar +1 de Vitalidade permanentemente (uso único).	科尔莓千层面{desc}喂给精灵后，可永久增加其+1点活力（仅可喂食一次）	セキタンベリーのラザニア{desc}精霊に与えると、バイタリティが永久的に+1（与えられるのは一度のみ）。	Лазанья с синягодой{desc}Скормите духу для постоянного увеличения Живучести на +1. (можно покормить только один раз)
											
mealSnowmanBread	meal	100	140	Snowman Bread{desc}Ofelia's favorite.	Pain au bonhomme de neige{desc}Ofélia en raffole.	Schneemannbrot{desc}Ofelias Leibgericht.	Pan de nieviplanta{desc}El favorito de Ofelia.	Pão de Fidalguinhos{desc}O preferido de Ofélia.	雪人面包{desc}奥菲莉娅的最爱。	ユキダルマソウのパン{desc}オフェーリアの好物。	Снеговичниковый хлеб{desc}Любимый хлеб Офелии.
mealChillyBerrySherbet	meal	100	140	Chilly Berry Sherbet{desc}	Sorbet à la frigibaie{desc}	Frostbeeren-Sorbet{desc}	Sorbete de hielibaya{desc}	Sherbet de Amora Gelada{desc}	寒莓果露{desc}	ヒンヤリベリーのシャーベット{desc}	Шербет из ледяной ягоды{desc}
mealSweaterCookies	meal	100	600	Sweater Cookies{desc}Feed to a spirit for a permanent +1 to Armor (can only be fed once)	Cookies à la pulloverdure{desc}Donnes-en à un esprit pour augmenter son armure de 1 de façon permanente (ne peuvent être donnés qu'une seule fois).	Pullipflanzen-Cookies{desc}Füttere einen Geist damit, um permanent +1 auf Rüstung zu erhalten (nur einmal möglich).	Galletas de jersey{desc}Dáselas a un espíritu para aumentar 1 punto su Armadura de forma permanente (solo se puede usar una vez).	Biscoitos de Suéter{desc}Dê a um Espírito para ganhar +1 de Armadura permanentemente (uso único).	毛衣曲奇{desc}喂给精灵后，可永久增加其+1点防御（仅可喂食一次）	セータークッキー{desc}精霊に与えると、アーマーが永久的に+1（与えられるのは一度のみ）。	Печенье из травянного свитерка{desc}Скормите духу для постоянного увеличения Брони на +1. (можно покормить только один раз)
mealIcicleIceCream	meal	100	550	Icicle Ice Cream{desc}Waldo's favorite.	Glace au givracine{desc}Waldo en raffole.	Eiszapfen-Eiscreme{desc}Waldos Leibgericht.	Helado de témpano{desc}El favorito de Waldo.	Sorvete de Sincelo{desc}O preferido de Waldo.	冰柱冰淇淋{desc}沃尔多的最爱。	ツララアイスクリーム{desc}ウォルドの好物。	Мороженое из Сосульного корня{desc}Любимое мороженое Валдо.
											
mealSisyphishFriedRice	meal	100	320	Sisyphish Fried Rice{desc}Feed to a Spirit to instantly gain 1 level (can only be fed once)	Riz frit au poissisyphe{desc}Donnes-en à un esprit pour lui faire gagner instantanément 1 niveau (ne peut être donné qu'une seule fois).	Sisyfisch-Bratreis{desc}Füttere einen Geist damit, um permanent 1 Stufe zu erhalten (nur einmal möglich).	Arroz frito con sísipez{desc}Dáselo a un espíritu para que suba 1 nivel al instante (solo se puede usar una vez).	Arroz Frito de Sísifeixe{desc}Dê a um Espírito para ganhar 1 nível instantaneamente (uso único).	西西弗鱼炒饭{desc}喂给精灵后，可立即提升1级（仅可喂食一次）	シーシュポギョチャーハン{desc}精霊に与えると、即座に1レベルアップ（与えられるのは一度のみ）。	Сизифорель с жареным рисом{desc}Скормите духу, чтобы повысить его уровень на +1. (можно покормить только один раз)
mealBunnyfishDumplings	meal	100	400	Bunnyfish Dumplings{desc}Feed to a Spirit to instantly gain 2 levels (can only be fed once)	Raviolis au poisson-lapin{desc}Donnes-en à un esprit pour lui faire gagner instantanément 2 niveaux (ne peut être donné qu'une seule fois).	Hasenfisch-Teigtaschen{desc}Füttere einen Geist damit, um permanent 2 Stufen zu erhalten (nur einmal möglich).	Dumplings de pez conejo{desc}Dáselos a un espíritu para que suba 2 niveles al instante (solo se puede usar una vez).	Guiozas de Peixe-Coelho{desc}Dê a um Espírito para ganhar 2 níveis instantaneamente (uso único).	兔鱼饺子{desc}喂给精灵后，可立即提升2级（仅可喂食一次）	ウサギザカナのダンプリング{desc}精霊に与えると、即座に2レベルアップ（与えられるのは一度のみ）。	Пельмени с кролещом{desc}Скормите духу, чтобы повысить его уровень на +2. (можно покормить только один раз)
mealPizzafishPie	meal	100	600	Pizzafish Pie{desc}Zed's favorite. Feed to a Spirit to instantly gain 3 levels (can only be fed once)	Tarte à la pizzablette{desc}Zed en raffole. Donnes-en à un esprit pour lui faire gagner instantanément 3 niveaux (ne peut être donnée qu'une seule fois).	Pizzafisch-Pie{desc}Zeds Leibgericht. Füttere einen Geist damit, um permanent 3 Stufen zu erhalten (nur einmal möglich).	Pastel de pizzcado{desc}El favorito de Zed. Dáselo a un espíritu para que suba 3 niveles al instante (solo se puede usar una vez).	Torta de Peixe-Pizza{desc}A preferida de Zed. Dê a um Espírito para ganhar 3 níveis instantaneamente (uso único).	披萨鱼馅饼{desc}泽德的最爱。喂给精灵后，可立即提升3级（仅可喂食一次）	ピザカナのパイ{desc}ゼッドの好物。精霊に与えると、即座に3レベルアップ（与えられるのは一度のみ）。	Пирог из камбалапиццы{desc}Любимый пирог Зетта. Скормите духу, чтобы повысить его уровень на +3. (можно покормить только один раз)
mealMoonfishTacos	meal	100	600	Moonfish Tacos{desc}Feed to a Spirit to instantly gain 4 levels (can only be fed once)	Tacos au poisson-lune{desc}Donnes-en à un esprit pour lui faire gagner instantanément 4 niveaux (ne peuvent être donnés qu'une seule fois).	Mondfisch-Tacos{desc}Füttere einen Geist damit, um permanent 4 Stufen zu erhalten (nur einmal möglich).	Tacos de pez luna{desc}Dáselos a un espíritu para que suba 4 niveles al instante (solo se puede usar una vez).	Gyozas de Peixe-Lua{desc}Dê a um Espírito para ganhar 4 níveis instantaneamente (uso único).	月鱼塔可饼{desc}喂给精灵后，可立即提升4级（仅可喂食一次）	ツキザカナのタコス{desc}精霊に与えると、即座に4レベルアップ（与えられるのは一度のみ）。	Тако с лунной рыбой{desc}Скормите духу, чтобы повысить его уровень на +4. (можно покормить только один раз)
mealLightningEelSushi	meal	100	540	Lightning Eel Sushi{desc}Feed to a Spirit to instantly gain 5 levels (can only be fed once)	Sushis à l'anguille électrique{desc}Donnes-en à un esprit pour lui faire gagner instantanément 5 niveaux (ne peut être donné qu'une seule fois).	Zitteraal-Sushi{desc}Füttere einen Geist damit, um permanent 5 Stufen zu erhalten (nur einmal möglich).	Sushi de anguila eléctrica{desc}Dáselo a un espíritu para que suba 5 niveles al instante (solo se puede usar una vez).	Sushi de Enguia Elétrica{desc}Dê a um Espírito para ganhar 5 níveis instantaneamente (uso único).	闪电鳗鱼寿司{desc}喂给精灵后，可立即提升5级（仅可喂食一次）	カミナリウナギの寿司{desc}精霊に与えると、即座に5レベルアップ（与えられるのは一度のみ）。	Суши с электроугрём{desc}Скормите духу, чтобы повысить его уровень на +5. (можно покормить только один раз)
mealSweetSourSpinefish	meal	100	630	Spinefish Salad{desc}Spirits of any level run away from you for 1 day	Salade au poisson-hérisson{desc}Les esprits ne s'approchent pas de toi pendant 1 jour.	Dornenfisch-Salat{desc}Geister beliebiger Stufe laufen 1 Tag lang vor dir davon.	Ensalada de pez espinoso{desc}Los espíritus de todos los niveles huyen de ti durante un día.	Salada de Peixe-Espinho{desc}Espíritos de qualquer nível fogem de você por 1 dia.	刺鱼沙拉{desc}任意等级的精灵将在1天内逃离你。	トゲザカナサラダ{desc}あらゆるレベルの精霊が逃げ出す（効果は1日）。	Салат из йорша{desc}Духи любого уровня убегают от вас. (действует 1 день)
mealTigerfishandChips	meal	100	600	Tigerfish and Chips{desc}Tobin's favorite. Fish bite faster for 1 day.	Poisson-tigre au four{desc}Tobin en raffole. Les poissons mordent plus rapidement pendant 1 jour.	Tigerfisch 'n' Chips{desc}Tobins Leibgericht. Fische beißen 1 Tag lang schneller an.	Pez tigre con patatas{desc}El favorito de Tobin. Los peces picarán más rápido durante un día.	Peixe-Tigre com Fritas{desc}O preferido de Tobin. Peixes mordem a isca mais rápido por 1 dia.	虎鱼薯条{desc}托宾的最爱。1天内，加快鱼类咬钩速度。	トラザカナのフィッシュ＆チップス{desc}トービンの好物。サカナの食いつきが早くなる（効果は1日）。	Тигрокунь с чипсами{desc}Любимое блюдо Тобина.^Рыба клюет быстрее. (действует 1 день)
mealVoidfishPaella	meal	100	1000	Voidfish Paella{desc}Skips fishing minigame for 1 day.	Paella au poisson-néant{desc}Te permet de passer le mini-jeu de pêche pendant un jour.	Leerenfisch-Paella{desc}Überspringt das Angeln-Minispiel 1 Tag lang.	Paella de pez de fase{desc}Te permite omitir el minijuego de pesca durante un día.	Paella de Peixe do Vazio{desc}Pula o minijogo de pescaria por 1 dia.	真空鱼焗饭{desc}跳过1天内的钓鱼小游戏。	クウギョのパエリア{desc}釣りのミニゲームをスキップできる（効果は1日）。	Паэлья из пустосельди{desc}Отключает мини-игру при ловле рыбы. (действует 1 день)
											
cookbook	placeable	100	100	Cookbook{desc}Full of recipes and their required ingredients.	Livre de recettes{desc}Tu y trouveras plein de recettes et la liste des ingrédients pour les préparer.	Kochbuch{desc}Voller Rezepte und ihrer benötigten Zutaten.	Recetario{desc}Lleno de recetas y sus ingredientes.	Livro de Receitas{desc}Cheio de receitas e de seus respectivos ingredientes.	食谱{desc}记满了各色美食配方和所需食材。	レシピ本{desc}たくさんのレシピと必要な材料が載っている。	Кулинарная книга{desc}Полна рецептов и необходимых ингредиентов.
cookingPrepStation	placeable	100	100	Prep station{desc}Used to craft flour, sugar, dough and noodles.	Table de préparation{desc}Sert à préparer de la farine, du sucre, de la pâte et des nouilles.	Arbeitstisch{desc}Wird benutzt, um Mehl, Zucker, Teig und Nudeln herzustellen.	Mesa de preparación{desc}Se usa para hacer harina, azúcar, masa y pasta.	Mesa de Preparo{desc}Use-a para produzir farinha, açúcar, massas e talharim.	备料台{desc}用于制作面粉、糖、面团和面条。	下準備コーナー{desc}小麦粉、砂糖、生地、めん類を作るのに使う。	Кулинарная станция{desc}Используется для изготовления муки, сахара, теста и лапши.
stove	placeable	100	50	Stove{desc}Used to craft meals.	Cuisinière{desc}Attention, ça brûle !	Herd{desc}Achtung, heiß!	Cocina{desc}¡Está que arde!	Fogão{desc}Para coisas quentes!	炉灶{desc}用于制作食物。	コンロ{desc}料理を作るのに使う。	Кухонная плита{desc}Используется для приготовления еды.
											
											
coffee	beverage	100	1	Coffee{desc}That classic bean juice. Increase your speed by 10% for one day. Doesn't stack.	Café{desc}Jus de graines torréfiées et moulues. Augmente la vitesse de déplacement de 10 % pendant un jour. Son effet ne se cumule pas.	Kaffee{desc}Dieser klassische Bohnensaft. Erhöht dein Tempo für einen Tag um 10%. Nicht stapelbar.	Café{desc}Clásico néctar de los granos de café. Aumenta un 10 % tu velocidad durante un día. No se acumula.	Café{desc}Aquele cafezinho clássico. Aumenta a sua Velocidade em 10% por um dia. Não acumula.	咖啡{desc}来自经典咖啡豆。使你的速度提升 10%，持续一天。不可叠加。	コーヒー{desc}昔ながらの豆の絞り汁。スピードが10%速くなる。効果は1日。重ねがけはできない。	Кофе{desc}Классический напиток из кофейных зёрен. Увеличивает вашу скорость передвижения на 10% на один день. Не суммируется.
dishOfTheDay	meal	1	1	Ossono’s Dish of the Day{desc}Whatever Ossono feels like making today! Effects may vary.	Plat du jour d'Ossono{desc}Dépend de l'humeur d'Ossono. Ses effets peuvent varier.	Ossonos Tagesgericht{desc}Worauf Ossono auch immer heute Lust hat! Die Effekte können variieren.	Plato del día de Ossono{desc}¡El plato que se le antoje hacer a Ossono! Los efectos pueden variar.	Prato do Dia da Ossono{desc}Qualquer coisa que a Ossono decidir fazer hoje! Os efeitos podem variar.	奥索诺的特色菜肴{desc}奥索诺今天想做什么就做什么！效果可能有所不同。	オソーノの今日の料理{desc}オソーノがその日の気分で作った料理。効果は変動する。	Блюдо дня от Оссоно{desc}Кулинарный эксперимент от Оссоно! Эффекты могут варьироваться.
wine	beverage	100	1	Wine{desc}Fancy grape juice. Decreases walk speed by 10%.	Vin{desc}Jus de raisin fermenté. Réduit la vitesse de déplacement de 10 %.	Wein{desc}Köstlicher Traubensaft. Senkt dein Gehtempo um 10%.	Vino{desc}Zumo de uva fino. Reduce un 10 % la velocidad de desplazamiento.	Vinho{desc}Suco de uva sofisticado. Diminui a Velocidade dos Passos em 10%.	葡萄酒{desc}高级葡萄汁。使行走速度减慢 10%。	ワイン{desc}極上のブドウジュース。歩くスピードが10%遅くなる。	Вино{desc}Изысканный сок из винограда. Снижает скорость передвижения на 10%.
beer	beverage	100	1	Beer{desc}A frosty pint of locally-brewed beer. Decreases walk speed by 10%.	Bière{desc}Pinte bien fraîche de bière brassée localement. Réduit la vitesse de déplacement de 10 %.	Bier{desc}Ein Glas mit kühlem, lokal gebrautem Bier. Senkt dein Gehtempo um 10%.	Cerveza{desc}Pinta de cerveza artesanal bien fría. Reduce un 10 % la velocidad de desplazamiento.	Cerveja{desc}Um copo gelado de cerveja artesanal local. Diminui a Velocidade dos Passos em 10%.	啤酒{desc}冰镇的本地酿造啤酒。使行走速度减慢 10%。	ビール{desc}霜の降りた地ビール1パイント。歩くスピードが10%遅くなる。	Пиво{desc}Холодная кружка местного пива. Снижает скорость передвижения на 10%.
											
// wineRose	beverage	100	20	Rosé Wine{desc}Beautiful colour.	Vin rosé{desc}Une couleur magnifique.	Roséwein{desc}Wunderschöne Farbe.	Vino rosado{desc}Un color precioso.	Vinho Rosé{desc}Tem uma cor linda.	玫瑰红葡萄酒{desc}多么美丽的颜色。	ローズワイン{desc}きれいな色だ。	Розовое вино{desc}Красивого цвета.
// wineOrange	beverage	100	20	Orange Wine{desc}Natural. Trendy.	Vin orange{desc}Naturel et très tendance.	Orangenwein{desc}Natürlich. Im Trend.	Vino naranja{desc}Natural. A la moda.	Vinho Laranja{desc}Natural e em alta!	柳橙酒{desc}纯天然，最新潮。	オレンジワイン{desc}自然で最先端。	Апельсиновое вино{desc}Натуральное. Модное.
// wineRed	beverage	100	20	Red Wine{desc}A classic.	Vin rouge{desc}Un grand classique.	Rotwein{desc}Ein Klassiker.	Vino tinto{desc}Todo un clásico.	Vinho Tinto{desc}Um clássico.	红酒{desc}经典款。	赤ワイン{desc}昔ながら。	Красное вино{desc}Классика.
// wineDessert	beverage	100	20	Dessert Wine{desc}Not too sweet.	Vin de dessert{desc}Légèrement sucré.	Wüstenwein{desc}Nicht zu süß.	Vino dulce{desc}Nunca es demasiado dulce.	Vinho de Sobremesa{desc}Não é muito doce.	甜酒{desc}不要太甜。	デザートワイン{desc}甘すぎない。	Десертное вино{desc}Не слишком сладкое.
											
// beerPilsner	beverage	100	20	Pilsner{desc}Light and crisp.	Bière blonde{desc}Légère et désaltérante.	Pils{desc}Leicht und herb.	Pilsner{desc}Suave y refrescante.	Pilsner{desc}Leve e fresca.	皮尔森啤酒{desc}清新又爽口。	ピルスナー{desc}軽くてさわやか。	Пилснер{desc}Легкий и свежий.
// beerCerveza	beverage	100	20	Cerveza{desc}Cold and clean.	Bière blanche{desc}Fraîche et délicate.	Cerveza{desc}Kalt und klar.	Cerveza{desc}Fría y sin adulterar.	Cerveza{desc}Geladinha e simples.	啤酒{desc}透心凉。	セルベッサ{desc}冷たくてスッキリ。	Сервеза{desc}Холодное и чистое.
// beerIPA	beverage	100	20	IPA{desc}Hazy and hip.	IPA{desc}Intense et branchée.	IPA{desc}Trübe und angesagt.	IPA{desc}Espumosa y a la moda.	IPA{desc}Densa e moderna.	IPA啤酒{desc}朦胧而时尚。	IPA{desc}今風で苦味が強め。	Пейл-эль{desc}Дымчатый и модный.
// beerStout	beverage	100	20	Stout{desc}Dark and chocolatey.	Bière brune{desc}Sombre et chocolatée.	Stout{desc}Dunkel und schokoladig.	Cerveza negra{desc}Oscura y con sabor a chocolate.	Stout{desc}Escura e chocolatuda.	黑啤{desc}浓厚的巧克力味。	スタウト{desc}暗めの色でチョコレートのような風味。	Стаут{desc}Темный и шоколадный.
											
juiceYarrow	beverage	100	20	Yarrow Juice{desc}Increases all relationship points gain for 1 day.	Jus d'achillée{desc}Augmente le gain de points de relation pendant 1 jour.	Schafgarbensaft{desc}Erhöht alle erhaltenen Beziehungspunkte für 1 Tag.	Zumo de milenrama{desc}Aumenta el número de puntos de relación que puedes ganar en un día.	Suco de Milefólio{desc}Aumenta o ganho de pontos de relacionamento por 1 dia.	亚罗花汁液{desc}可以提升所有的友情值增益，持续一天。	ノコギリソウのジュース{desc}手段を問わず、好感度の上昇値が増える（効果は1日）。	Сок Тысячелистника{desc}Увеличивает количество очков отношений до конца дня.
juiceTinyFlower	beverage	100	20	Tiny Flower Juice{desc}Increases chances of successfully chatting, joking and flirting by 10% for 1 day.	Jus de microfleur{desc}Augmente de 10 % les chances de discuter, plaisanter et draguer avec succès pendant 1 jour.	Zwergblumensaft{desc}Erhöht die Chance auf erfolgreiche Unterhaltung, Scherze und Flirten für 1 Tag um 10%.	Zumo de miniflor{desc}Aumenta un 10 % la probabilidad de conversar, bromear y flirtear con éxito durante un día.	Suco de Miniflor{desc}Aumenta as chances de sucesso ao papear, fazer piada e flertar em 10% por 1 dia	小小花汁液{desc}闲聊、玩笑、调情成功的几率增加10%，持续一天。	ミニバナのジュース{desc}会話、口説く、冗談の成功率が10%上がる（効果は1日）。	Сок Маленького Цветочка{desc}Повышает вероятность успешного общения, шуток и флирта на 10% на 1 день.
juiceGhostshroom	beverage	100	20	Ghostshroom Juice{desc}Increases chances of successfully asking on a date by 10%.	Jus d'ectofongus{desc}Augmente de 10 % les chances de réussite lorsque tu proposes un rendez-vous à quelqu'un.	Geisterpilzsaft{desc}Erhöht die Chance, erfolgreich um ein Date zu bitten, um 10%.	Zumo de fantaseta{desc}Aumenta un 10 % la probabilidad de que acepten salir contigo.	Suco de Fantasgumelo{desc}Aumenta as chances de aceitarem ir a um encontro em 10%.	幽灵蘑菇汁液{desc}约会成功的几率的提升10%。	ユウレイキノコのジュース{desc}デートに誘ったときの成功率が10%上がる。	Сок Призрачного Гриба{desc}Повышает вероятность успешного приглашения на свидание на 10%.
juiceSnowdrop	beverage	100	20	Snowdrop Juice{desc}Reduces odds of chatting, joking, and flirting, but increases relationship point gain from them.	Jus de perce-neige{desc}Réduit les chances de discuter, plaisanter et draguer, mais augmente le gain de points de relation."	Schneeglöckchensaft{desc}Senkt die Chancen auf Unterhaltung, Scherze und Flirten, aber erhöht die durch sie erhaltene Menge an Beziehungspunkten.	Zumo de campanilla de invierno{desc}Reduce las probabilidades de conversar, bromear y flirtear pero aumenta los puntos de relación que puedes ganar.	Suco de Galanthus{desc}Reduz as chances de sucesso ao papear, fazer piada e flertar, mas aumenta o ganho de pontos de relacionamento ao fazê-los.	落雪花汁液{desc}减少闲谈、玩笑跟打情骂俏的几率，但是仍从中可获得友情值增益。	スノードロップのジュース{desc}会話、口説く、冗談の成功率が下がるが、好感度の上昇値が増える。	Сок Подснежника{desc}Снижает вероятность успешного общения, шуток и флирта, но увеличивает количество очков отношений, получаемых за них.
											
											
											
											
											
											
											
											
											
											
											
											
											
											
											
											
											
											
											
											
											
											
											
											
											
											
											
											
											
											
											
											
											
											
											
											
											
											
											
											
											
											
											
											
											
											
											
											
											
											
											
											
											
											
											
											
											
											
											
											
											
											
											
											
											
											
											
											
											
											
											
											
											
											
											
											
											
											
											
											
											
											
											
											
											
											
											
											
											
											
											
											
											
											
											
											
											
											
											
											
											
											
											
											
											
											
											
											
											
											
											
											
											
											
											
											
											
											
											
											
											
											
											
											
											
											
											
											
											
											
											
											
											
											
											
											
											
											
											
											
											
											
											
											
											
											
											
											
											
											
											
											
											
											
											
											
											
											
											
											
											
											
											
											
											
											
											
											
											
											
											
											
											
											
											
											
											
											
											
											
											
											
											
											
											
											
											
											
											
											
											
											
											
											
											
											
											
											
											
											
											
											
											
											
											
											
											
											
											
											
											
											
											
											
											
											
											
											
											
											
											
											
											
											
											
											
											
											
											
											
											
											
											
											
											
											
											
											
											
											
											
											
											
											
											
											
											
											
											
											
											
											
											
											
											
											
											
											
											
											
											
											
											
											
											
											
											
											
											
											
											
											
											
											
											
											
											
											
											
											
											
											
											
											
											
											
											
											
											
											
											
											
											
											
											
											
											
											
											
											
											
											
											
											
											
											
											
											
											
											
											
											
											
											
											
											
											
											

