Code	Objectives	EN	OBJ_EN	FR	FR_OBJ	DE	DE_OBJ	ES	ES_OBJ	BR	BR_OBJ	CN	CN_OBJ	JP	OBJ_JP	RU	RU_OBJ
tutorial1	crops;seeds;plant;water	Time to Grow{desc}The final stretch of my Alchemy training begins tonight. I'd better finish up my chores before I go.	Harvest 5 crops;Harvest seeds;Dig a hole and plant seeds;Water the seeds	Prendre son envol{desc}La dernière ligne droite de ma formation d'alchimiste commence ce soir. Je ferais mieux de finir ce que j'ai à faire avant d'y aller.	Récolter 5 cultures;Récolter les graines;Creuser un trou et y planter des graines;Arroser les graines	Kein Kind mehr{desc}Heute Abend beginnt mein letztes Alchemietraining. Ich sollte vorher noch meine Arbeit erledigen.	Ernte 5 Pflanzen;Ernte Samen;Grabe ein Loch und pflanze Samen;Bewässere die Samen	Abandonar el nido{desc}La recta final de mi formación como alquimista comienza esta noche. Será mejor que termine mis tareas antes de irme.	Cosecha 5 cultivos;Recoge semillas;Haz un agujero y planta las semillas;Riega las semillas	Hora de Cultivar{desc}A reta final do meu treinamento de Alquimista começa hoje à noite. É melhor eu terminar minhas tarefas antes de partir.	Fazer 5 colheitas;Colher sementes;Cavar um buraco e plantar sementes;Regar as sementes	该出师了{desc}今晚将开启我的魔法训练的最后阶段。我最好在出发前把我的杂务做完。	收割 5 种作物;收割种子;挖个洞并种下种子;给种子浇水	成長の時{desc}今夜から、長い錬金術の修業が始まる。出発する前に雑用を終わらせた方がよさそう。	作物を5つ収穫する;種を収穫する;穴を掘って種を植える;種に水をやる	Время пустить корни{desc}Сегодня вечером начинается последний этап моего обучения алхимии. Надо бы закончить все дела до ухода.	Собери 5 плодов; Собери семена; Выкопай лунку и посади семена; Полей семена
tutorial2	pick;win	Spirit Strength{desc}I should show Dad how good I've gotten at Spirit training so he knows I'll be safe.	Choose a spirit to take on my adventure;Banish the wild spirit in the garden	Mise à l'épreuve{desc}Je vais montrer à papa comment je me débrouille avec les esprits. Comme ça, il saura que je ne risque rien.	Choisir l'esprit qui m'accompagnera dans mon aventure;Bannir l'esprit sauvage dans le jardin	Geisterkraft{desc}Ich sollte Papa zeigen, wie gut ich mit Geistern umgehen kann, damit er weiß, dass mir nichts passieren kann.	Wähle einen Geist für mein Abenteuer;Banne den wilden Geist im Garten	Fuerza espiritual{desc}Debería enseñarle a papá lo bien que se me da entrenar a los espíritus para que sepa que no me va a pasar nada.	Escoge un espíritu para que te acompañe en tu aventura;Destierra al espíritu silvestre que hay en el jardín	Espírito Forte{desc}Preciso mostrar ao meu pai quão bem eu me saí no treinamento dos Espíritos, pra ele saber que estarei segure.	Escolher um Espírito para começar minha aventura;Banir o Espírito selvagem no jardim	精灵力量{desc}我应该向爸爸展示我在精灵相关训练上的进步，让他知道我不会有危险的。	选择一个精灵陪我冒险;驱逐花园里的野生精灵	精霊の力{desc}精霊の訓練がどれだけうまくなったかパパに見せよう。そうしたら、わたしは大丈夫だってわかる。	冒険に連れて行く精霊をえらぶ;庭にいる野生の精霊を撃退する	Сила Духа{desc}Пора показать папе, насколько я продвинулся в тренировках Духов, чтобы он не беспокоился за мою безопасность.	Выбери Дух, чтобы взять с собой; Победи дикого Духа в саду
tutorial3	eat;medallion;feed	Take Care{desc}Restore your Stamina and feed your Spirit.	Eat a Stonefruit;Open your medallion;Feed a Nimbus Plant to your spirit	Prudence est mère de sûreté{desc}Restaure ton endurance et nourris ton esprit.	Manger une caillebasse;Ouvrir ton médaillon;Donner une cotonnille à ton esprit	Fütterung{desc}Stelle deine Ausdauer wieder her und füttere deinen Geist.	Iss eine Steinfrucht;Öffne dein Medaillon;Verfüttere eine Nimbuspflanze an deinen Geist	Cuídate{desc}Recupera la resistencia y da de comer a tu espíritu.	Come una frutipiedra;Abre el medallón;Dale una planta nimbo a tu espíritu	Autocuidado{desc}Restaure a sua Resistência e alimente o seu Espírito.	Comer uma Nectarina;Abrir o seu medalhão;Alimentar o seu Espírito com uma Planta Nimbo.	休养生息{desc}恢复你的耐力并喂养你的精灵。	吃一个核果;打开你的徽章;给你的精灵喂一个灵气植	体を大事に{desc}スタミナを回復して精霊にエサをやろう。	イシノミを食べる;メダルを開く;精霊にゴコウソウを与える	Забота о себе{desc}Восстанови свою выносливость и покорми своего Духа.	Съешь Камнеплод; Открой медальон; Дай своему Духу Облачный Цветок
year_away	year	Spend a Year Away From Home{desc}To complete my Alchemy training, I have to spend a year away from home and embed myself into a community of my choosing. I guess this quest is going to stay on my to-do list for a while...	Spend a year away from home	Un an loin de chez soi{desc}Pour terminer ma formation d'alchimiste, je dois passer un an loin de chez moi et m'intégrer à la communauté de mon choix. Je pense que cette quête va rester longtemps sur ma liste...	Passer un an loin de chez soi	Verbringe ein Jahr fern von zu Hause{desc}Um mein Alchemietraining abzuschließen, muss ich weggehen, ein Jahr lang auf mich allein gestellt leben und mich einer anderen Gemeinschaft anschließen. Diese Aufgabe wird wohl noch eine ganze Weile auf meiner Liste stehen ...	Verbringe ein Jahr fern von zu Hause	Un año fuera de casa{desc}Para completar mi formación como alquimista, tengo que pasar un año fuera de casa e integrarme en la comunidad que yo elija. Creo que esta misión se va a pasar una buena temporada en la lista de tareas pendientes...	Pasa un año fuera de casa	Um ano longe de casa{desc}Para completar o meu treinamento Alquimista, preciso passar um ano longe de casa e me integrar em uma comunidade de minha escolha. Acho que essa missão ficará na minha lista de tarefas por um bom tempo...	Passar um ano longe de casa	离家一年{desc}为了完成我的魔法训练，我必须离家一年并融入我选择的社区。我估计这个任务会在我的待办事项上停留蛮久的……	离家一年	故郷と1年間のお別れ{desc}錬金術の修業を終わらせるには、1年間故郷をはなれて、自分でえらんだコミュニティに溶け込まなくちゃいけない。このクエストはしばらく、わたしのやることリストに残るだろうな…	故郷からはなれて1年を過ごす	Год вдали от дома{desc}Чтобы завершить мое обучение алхимии, я должен провести год вдали от дома, в любом месте, на мой выбор. Похоже, этот квест ещё долго будет в моем журнале...	Проведи год вдали от дома
moonstone	tent;moonstone	Settling In{desc}I should use my tools to clear a spot and set up my tent, then explore the island and see if I can find any Moonstones.^^Mom told me they glow at night, and there is usually just one stone on any given island.	Place tent;Find a Moonstone	Installation{desc}Je ferais bien d'utiliser mes outils pour aménager un endroit et y planter ma tente. Ensuite, j'explorerai l'île pour voir si j'y trouve des pierres de lune.^^Maman m'a dit qu'elles brillaient la nuit, et en principe, il n'y en a qu'une seule sur chaque île.	Planter sa tente;Trouver une pierre de lune	Einleben{desc}Ich sollte mein Werkzeug benutzen, um Platz für mein Zelt zu schaffen, und es dann aufbauen. Dann kann ich die Insel erkunden und mich nach Mondsteinen umsehen.^^Mama hat mir erzählt, dass die Steine nachts leuchten und normalerweise nur einer je Insel zu finden ist.	Platziere dein Zelt;Finde einen Mondstein	Nuevo hogar{desc}Debería usar las herramientas para limpiar una zona y montar ahí mi tienda. Luego podría explorar la isla, a ver si encuentro alguna piedra lunar.^^Mamá me dijo que brillan en la noche y que solo suele haber una por isla.	Coloca la tienda;Encuentra una piedra lunar	Acomodando-se{desc}Eu devo usar as minhas ferramentas para limpar um lugar e montar a minha barraca, e depois explorar a ilha pra ver se encontro algumas Selenitas.^^A minha mãe disse que elas brilham à noite e que geralmente só tem uma pedra em qualquer ilha.	Montar a barraca;Encontrar uma Selenita	安顿下来{desc}我应该用工具清理出一块地，搭起我的帐篷，然后探索岛屿，看看能不能找到月石。^^妈妈告诉我，它们在晚上会发光，而且通常来说，一个岛上只有一块月石。	放置帐篷;找到一块月石	定住{desc}道具を使って片付けた場所にテントを建てたら、島を探索してムーンストーンを探そう。^^ムーンストーンは夜に光るもので、普通はどの島にも1つしかないってママが言っていた。	テントを設置する;ムーンストーンを見つける	Обживайся{desc}У меня есть все нужные инструменты, чтобы очистить место и установить шатёр, а затем исследовать остров и поискать Лунные камни.^^Мама сказала, что они светятся ночью, и на каждом острове обычно бывает только один камень.	Размести шатёр; Найди Лунный камень
																	
balloon	grass;cloth:3;balloon;fly	Craft a Balloon{desc}I’d better craft a balloon so I can explore the outer islands.	Cut grass to collect fibre;Craft Cloth;Craft a balloon;Fly off island with balloon	Fabriquer un ballon{desc}Je ferais mieux de fabriquer un ballon si je veux pouvoir explorer les autres îles.	Couper de l'herbe pour obtenir de la fibre;Fabriquer du tissu;Fabriquer un ballon;Quitter l'île en ballon	Ballonbau für Anfänger{desc}Ich sollte mir einen Ballon bauen, damit ich die äußeren Inseln erkunden kann.	Schneide Gras, um Fasern zu sammeln;Stelle Stoff her;Stelle einen Ballon her;Fliege mit einem Ballon von der Insel fort	Fabrica un globo{desc}Será mejor que fabrique un globo para poder explorar las islas exteriores.	Corta la hierba para conseguir fibra;Confecciona un trapo;Fabrica un globo;Sal volando de la isla en globo	Criar um balão{desc}É melhor eu criar um balão, assim posso explorar as outras ilhas.	Cortar a grama para coletar capim;Criar tecido;Criar um balão;Sair da ilha usando o balão	制作气球{desc}我最好能制作一个气球，这样我就可以探索外岛了。	剪草以收集纤维;制作布料;制作气球;乘气球离开岛屿	風船作成{desc}風船を作ろう。そうしたら外の島を探索できる。	草を切って繊維を集める;布を作る;風船を作る;風船で島を飛び立つ	Воздушный шар{desc}Мне нужно смастерить воздушный шар, чтобы исследовать дальние острова.	Срежь траву для сбора волокна;Смастери ткань;Смастери воздушный шар;Долети до другого острова на воздушном шаре
broom	ingotMoonstone;enchanter;broom	Craft a New Broom{desc}My balloon is okay, but it's so SLOW! I’m going to need to craft a new broom.^^To start, maybe I should speak to the Blacksmith! She might know how I can make the right materials.	Craft a Moonstone ingot;Craft Moonstone Enchanter;Use it to craft a Broom	Fabriquer un nouveau balai{desc}Mon ballon est bien, mais il est tellement lent ! Je vais devoir fabriquer un nouveau balai.^^Je devrais peut-être commencer par aller voir la forgeronne. Elle sait sûrement comment on peut se procurer les matériaux nécessaires.	Fabriquer un lingot de pierre de lune;Fabriquer un enchanteur de pierres de lune;L'utiliser pour fabriquer un balai	Neue Besen kehren gut{desc}Mein Ballon ist okay, aber auch sehr LANGSAM! Ich muss mir einen neuen Besen bauen.^^Vielleicht sollte ich zuerst mit der Schmiedin reden. Sie weiß vielleicht, wie ich die richtigen Materialien herstelle.	Stelle einen Mondsteinbarren her;Stelle einen Mondsteinverzauberer her;Stelle damit einen Besen her	Fabrica una escoba nueva{desc}El globo no está mal, ¡pero es muy lento! Tendré que fabricar una escoba nueva.^^Creo que, antes de nada, debería hablar con la herrera. Quizá ella sepa cómo conseguir los materiales que necesito.	Fabrica un lingote de piedra lunar;Crea un encantador de piedra lunar;Úsalo para hacer una escoba	Criar uma vassoura nova{desc}Meu balão está funcionando, mas é muito LENTO! Vou ter que criar uma vassoura nova.^^Pra começar, talvez eu deva falar com a ferreira! Ela deve saber os materiais certos.	Criar uma Barra de Selenita;Criar um Encantador de Selenita;Usá-los para criar uma vassoura	制作新的飞天扫帚{desc}我的气球还行，但是它太慢了！我需要制作一把新的飞天扫帚。^^首先，我也许该去找铁匠问问！她也许知道我用的材料是不是正确的。	制作一块月石锭;制作月石魔法台;用月石魔法台来制作一把飞天扫帚	新しいホウキの作成{desc}風船は問題ないけれど、かなり遅い！ 新しいホウキを作らなくちゃいけなさそう。^^まず鍛冶屋さんと話してみよう！ 彼女なら正しい素材を作る方法を知っているかも。	ムーンストーンのインゴットを作る;ムーンストーンエンチャンターを作る;エンチャンターでホウキを作る	Новая метла{desc}Я люблю свой воздушный шар, но он такой медленный! Мне нужна новая метла.^^Для начала, пожалуй, надо поговорить с кузнецом! Она подскажет, как мне добыть нужные материалы.	Выплавь слиток из Лунного камня; Смастери Лунный Зачаровыватель; Используй его для создания метлы
																	
tavernkeeper_stones	crate;stones:20	Stones for Ossono{desc}Ossono asked me to sell her 20 stones by putting them in the Sell Crate. She told me not to ask why...	Craft a Sell Crate;Sell stones	Des pierres pour Ossono{desc}Ossono m'a demandé de lui vendre 20 pierres en les plaçant dans la caisse de vente. C'est un peu bizarre, mais elle m'a dit de ne pas poser de questions...	Fabriquer une caisse de vente;Vendre des pierres	Steine für Ossono{desc}Ossono hat mich gebeten, ihr 20 Steine zu verkaufen und in die Verkaufskiste zu packen. Sie hat mich gebeten, nicht nach dem Warum zu fragen ...	Stelle eine Verkaufskiste her;Verkaufe Steine	Piedras para Ossono{desc}Ossono me ha pedido que meta 20 piedras en el cofre para vendérselas y que no hiciera preguntas...	Fabrica un cofre de ventas;Vende piedras	Pedras para Ossono{desc}A Ossono me pediu para vender 20 pedras pra ela e colocar na Caixa de Vendas. Ela me disse pra não perguntar o porquê...	Criar uma Caixa de Vendas;Vender as pedras	给奥索诺石头{desc}奥索诺叫我把 20 块石头放在售物箱里卖给她。她叫我不要问为什么……	制作一个售物箱;卖石头	オソーノ用の石{desc}オソーノに出荷箱に石を20個入れてほしいと頼まれた。理由は聞くなって…	出荷箱を作る;石を売る	Щебень для Оссоно{desc}Оссоно попросила меня продать ей 20 щебня, положив их в Торговый ящик. Она отказывается признаваться, зачем ей столько...	Создай Торговый ящик;Продай щебень
tavernkeeper_meet_locals	tavernkeeper;botanist;herbalist;blacksmith;artist;fisherman;shopkeeper;carpenter;professor;historian	Meet the Locals{desc}Ossono said I should introduce myself to all the villagers. The Tavern might be a good place to start, especially on a Friday!	Meet Ossono;Meet Ofelia;Meet Gaiana;Meet Ferra;Meet Quill;Meet Tobin;Meet Rowan;Meet Paolo;Meet Zed;Meet Cleo	Rencontrer les habitants{desc}Ossono m'a conseillé d'aller à la rencontre des habitants de l'île. La taverne me semble être un bon point de départ, surtout le vendredi !	Rencontrer Ossono;Rencontrer Ofélia;Rencontrer Gaïana;Rencontrer Ferra;Rencontrer Quill;Rencontrer Tobin;Rencontrer Rowan;Rencontrer Paolo;Rencontrer Zed;Rencontrer Cléo	Ein erstes Hallo{desc}Ossono hat gesagt, ich sollte mich den Dorfbewohnern vorstellen. Die Taverne ist möglicherweise der richtige Ort dafür, vor allem freitags.	Triff Ossono;Triff Ofelia;Triff Gaiana;Triff Ferra;Triff Quill;Triff Tobin;Triff Rowan;Triff Paolo;Triff Zed;Triff Cleo	Conoce a los lugareños{desc}Ossono dijo que debería presentarme a mis nuevos vecinos. La taberna no es mal sitio para empezar, sobre todo hoy, que es viernes.	Saluda a Ossono;Saluda a Ofelia;Saluda a Gaiana;Saluda a Ferra;Saluda a Púo;Saluda a Tobin;Saluda a Rowan;Saluda a Paolo;Saluda a Zed;Saluda a Cleo	Conhecendo os habitantes{desc}Ossono disse que eu deveria me apresentar para todas as pessoas. A Taverna deve ser um bom lugar para começar, especialmente em uma sexta-feira!	Conhecer Ossono;Conhecer Ofélia;Conhecer Gaiana;Conhecer Ferra;Conhecer Quill;Conhecer Tobin;Conhecer Rowan;Conhecer Paolo;Conhecer Zed;Conhecer Cléo	认识当地人{desc}奥索诺说我应该向所有的村民介绍自己。去酒馆也许是个不错的开始，特别是在周五！	认识奥索诺;认识奥菲莉娅;认识盖娅娜;认识费拉;认识奎尔;认识托宾;认识罗文;认识保罗;认识泽德;认识克莉奥	地元の人との対面{desc}オソーノに村の人みんなに自己紹介するべきだって言われた。酒場から始めるのがいいかもしれない。特に金曜日！	オソーノと会う;オフェーリアと会う;ガイアナと会う;フェラーと会う;クイルと会う;トービンと会う;ローワンと会う;パオロと会う;ゼッドと会う;クレオと会う	Знакомство с жителями{desc}Оссоно сказала, что мне следует познакомиться со всеми жителями города. Пожалуй, можно начать с посещения Таверны, скажем, в пятницу вечером!	Познакомься с Оссоно;Познакомься с Офелией;Познакомься с Гайаной;Познакомься с Феррой;Познакомься с Квиллом;Познакомься с Тобином;Познакомься с Роуэном;Познакомься с Паоло;Познакомься с Зеттом;Познакомься с Клео
tavernkeeper_dungeon	find;clear	Explore the Dungeon{desc}Ossono said there's a dungeon north-east of town, near the Hot Spring. She said there might be cool stuff in there. I love cool stuff!	Find the dungeon;Activate the Ando tree inside	Explorer le donjon{desc}Ossono m'a dit qu'il y avait un donjon au nord-est de l'île, près de la source chaude. Elle a ajouté que j'y trouverais peut-être des trucs intéressants. Ça tombe bien, j'adore les trucs intéressants !	Trouver le donjon;Activer l'arbre Ando à l'intérieur	Erkunde das Verlies{desc}Ossono hat gesagt, es gibt ein Verlies nordöstlich der Stadt in der Nähe der Heißquelle. Sie hat gesagt, dass es dort cooles Zeug geben könnte. Ich liebe cooles Zeug!	Finde das Verlies;Aktiviere den Andobaum darin	Explora la mazmorra{desc}Ossono dijo que hay una mazmorra al noreste del pueblo, cerca de las fuentes termales, y también mencionó que a lo mejor encontraba cosas chulas, ¡qué guay!	Encuentra la mazmorra;Activa el árbol Ando que hay dentro	Explorando a masmorra{desc}A Ossono disse que tem uma masmorra no nordeste da cidade, perto da fonte termal. Ela disse que deve ter umas coisas legais lá. Adoro coisas legais!	Encontrar a masmorra;Ativar a Árvore Anciã lá dentro	探索地下城{desc}奥索诺说镇上东北边的温泉附近有一个地下城。她说在那里好像可以找到很酷的东西。我喜欢很酷的东西！	找到地下城;激活里面的安藤树	ダンジョン探索{desc}オソーノが言うには、町の北東の温泉近くにダンジョンがあるらしい。中にはすごいものがあるかもしれないって。すごいものは大好き！	ダンジョンを見つける;中にあるアンドの木を起動する	Исследование подземелья{desc}Оссоно сказала, что на северо-восток от города, около Горячего Источника, есть подземелье. Там, по её словам, можно найти крутые штуки. Обожаю крутые штуки!	Найди подземелье;Активируй дерево Андо в подземелье
tavernkeeper_infinidungeon	enter	Under the Hatch{desc}Ossono told me of strange and dangerous things in the basement under the tavern. Should I open it and find out what's down there?	Open the basement hatch in the tavern next to the stage	Sous la trappe{desc}Ossono m'a raconté qu'il y avait des choses étranges et dangereuses dans le sous-sol de la taverne. Je devrais peut-être l'ouvrir pour voir ce qui s'y cache...	Ouvrir la trappe qui mène au sous-sol de la taverne, près de la scène	Unter der Luke{desc}Ossono hat von unheimlichen, gefährlichen Dingen erzählt, die im Keller unter der Taverne lauern sollen. Soll ich die Luke öffnen und nachsehen, was da unten ist?	Öffne die Kellerluke in der Taverne neben der Bühne.	Bajo la trampilla{desc}Ossono me ha hablado de las cosas extrañas y peligrosas que hay en el sótano bajo la taberna. ¿Debería abrir la trampilla y descubrir qué hay ahí abajo?	Abre la trampilla del sótano al lado del escenario de la taberna	Sob a Escotilha{desc}Ossono me contou sobre coisas estranhas e perigosas no porão sob a taverna. Devo abrir e descobrir o que há lá embaixo?	Abra a escotilha do porão ao lado do palco da taverna	地门之下{desc}奥索诺跟我说了酒馆的地下室里那个奇异又危险的东西。我该不该去打开看看那下面有什么？	打开位于酒馆内舞台旁边的地下室门	ハッチの下へ{desc}オソーノが言うには、酒場の地下には奇妙で危険なものがあるらしい。何があるのか、ハッチを開いて探しに行こうか？	酒場でステージの隣にある地下へのハッチを開く	Подполье{desc}Оссоно рассказала о странных и опасных вещах, творящихся в подвале под таверной. Стоит ли мне открыть его и узнать, что там внизу?	Открой люк в подвал в таверне, рядом со сценой
																	
professor_invitation	visit	Visit the Professor{desc}I should get to know the guy who runs the Science Center. I think his name was a letter of the alphabet?	Visit the professor	Aller voir le professeur{desc}Je dois faire connaissance avec le gars qui s'occupe du labo. Je crois que son nom se prononce comme une lettre de l'alphabet.	Aller voir le professeur	Besuche den Professor{desc}Ich sollte den Mann kennenlernen, der das Forschungszentrum leitet. Ich glaube, sein Name war ein Buchstabe aus dem Alphabet.	Besuche den Professor	Visita al profesor{desc}No estaría mal conocer a la persona que está al mando del centro científico. Creo que su nombre empezaba por la zeta...	Visita al profesor	Visite o Professor{desc}Eu deveria conhecer a pessoa que cuida do Centro de Ciências. Acho que o nome dele começava com uma das últimas letras do alfabeto.	Visitar o professor	拜访教授{desc}我应该去认识一下管理科学中心的那个人。他的名字好像是字母表的一个字母？	拜访教授	教授訪問{desc}科学センターを管理してる人と知り合いになった方がよさそう。彼の名前はアルファベットだった気がする…	教授を訪ねる	Визит к Профессору{desc}Мне надо бы познакомиться с парнем, который заведует Научным Центром. Кажется, у него имя, как одна из букв греческого алфавита?	Навести Профессора
professor_research1	tame_level_5;turn_in;letter	Spirit Research: Taming Spirits 101{desc}The Professor asked me to tame a Spirit of any level, and in return he'll give me the Spirit Barn blueprints.^^Taming Spirits is easy: I just have to feed them any crop that says it has the power to tame. Finding higher-level Spirits is harder, because I have to travel to islands that are a bit further away. Scary!	Tame a Spirit;Turn in research at the Science Center;Wait for a letter from Zed	Esprits : le b.a.-ba de l'apprivoisement{desc}Le professeur m'a demandé d'apprivoiser un esprit, quel que soit son niveau. En échange, il me donnera un plan pour construire un abri à esprits.^^Ce n'est pas très compliqué d'apprivoiser des esprits, je dois juste leur donner une culture dotée de la capacité à les apprivoiser. Là où ça se complique, c'est pour trouver des esprits de niveau plus élevé, parce que je dois me rendre sur des îles plus éloignées... Pas très rassurant !	Apprivoiser un esprit;Transmettre des données sur les esprits au labo;Attendre de recevoir du courrier de Zed	Geister: Geisterzähmen leicht gemacht{desc}Der Professor hat mich gebeten, einen Geist einer beliebigen Stufe zu zähmen, und er wird mir im Gegenzug die Baupläne für die Geisterscheune geben.^^Geister zu zähmen, ist leicht: Ich muss ihnen nur eine Pflanze zu fressen geben, die Geister zähmen kann. Höherstufige Geister sind da schon schwerer zu finden, denn ich muss zu Inseln reisen, die etwas weiter entfernt sind. Unheimlich!	Zähme einen Geist;Reiche deine Forschung beim Forschungszentrum ein;Warte auf einen Brief von Zed	Espíritu: doma{desc}El profesor me ha pedido que dome a un espíritu de cualquier nivel y, a cambio, me dará los planos para construir un establo para espíritus.^^Domar a un espíritu es fácil; solo hay que darle de comer cualquier cultivo que tenga el atributo de facilidad de doma. Otra cosa sería si quisiera encontrar espíritus de nivel alto, porque para ello tendría que viajar a alguna isla lejana. ¡Qué miedo!	Doma a un espíritu;Entrega el informe en el centro científico;Espera a recibir una carta de Zed	Espíritos: doma de Espírito 101{desc}O professor me pediu para domar um Espírito de qualquer nível, e em troca ele vai me dar projetos para a Morada dos Espíritos.^^Domar Espíritos é fácil: só preciso alimentá-los com qualquer colheita que tenha poder de doma. Encontrar Espíritos de nível alto é difícil, porque eu tenho que viajar entre as ilhas que são um pouco longe daqui. É assustador!	Domar um Espírito;Entregar a pesquisa no Centro de Ciências;Aguardar por uma carta de Zed	精灵研究：驯服精灵基础手册{desc}教授让我驯服一个任意等级的精灵，作为回报，他会给我精灵棚的蓝图。^^驯服精灵很简单：只需要给精灵喂食具有驯服力的作物就可以了。找到高级精灵比较困难，因为我必须去稍微远一点的岛屿。好可怕！	驯服一个精灵;在科学中心提交精灵以供研究;等待泽德的来信	精霊の研究：精霊の懐柔101{desc}どのレベルでもいいから精霊を手なづけるよう、教授に頼まれた。お礼に精霊の小屋の設計図をくれるらしい。^^精霊を手なづけるのは簡単。手なづける力を持つ作物を与えればいい。^レベルの高い精霊を見つけるのは、もっとむずかしい。少し遠くにある島へ行かなくちゃいけないから。怖いよ！	精霊を手なづける;科学センターで調査を提出する;ゼッドからの手紙を待つ	Наука о духах: Основы приручения{desc}Профессор попросил меня приручить Духа любого уровня, и взамен он даст мне чертежи Амбара для их содержания.^Приручить Духа несложно: просто надо покормить их любым растением, обладающим эффектом приручения. А вот если я захочу найти Духов более высокого уровня, мне придется отправиться на далекие острова. Жуть какая!	Приручи Духа;Сдай исследовательские данные в Научный Центр;Дождись письма от Зетта
professor_research2	spirits:10;turn_in;letter	Spirit Research: Spirit Basics{desc}The Professor asked me to discover at least ten Spirits for his research. As a reward, he's going to give me an item that lets me see a Spirit's level above its head when I'm out in the field!	Discover 10 different spirits;Turn in research at the Science Center;Wait for a letter from Zed	Esprits : apprentissage des bases{desc}Le professeur m'a demandé de découvrir au moins dix esprits pour ses recherches. En récompense, il me donnera un objet qui me permettra de voir le niveau d'un esprit quand j'explore !	Découvrir 10 esprits différents;Transmettre des données sur les esprits au labo;Attendre de recevoir du courrier de Zed	Geister: Geisterkunde{desc}Der Professor hat mich gebeten, mindestens 10 Geister für seine Forschung zu entdecken. Als Belohnung wird er mir einen Gegenstand geben, durch den die Stufe eines Geists über dessen Kopf erscheint, wenn ich im Einsatz bin.	Entdecke 10 verschiedene Geister;Reiche deine Forschung beim Forschungszentrum ein;Warte auf einen Brief von Zed	Espíritu: fundamentos{desc}El profesor me ha pedido que descubra al menos diez espíritus para su informe. Como recompensa, me dará un objeto con el que podré ver el nivel de un espíritu sobre su cabeza cuando esté ahí fuera.	Descubre 10 espíritus diferentes;Entrega el informe en el centro científico;Espera a recibir una carta de Zed	Espíritos: noções básicas{desc}O professor me pediu para descobrir ao menos dez Espíritos para a pesquisa dele. Como recompensa, ele me dará um item que me permite ver o nível de um Espírito acima da cabeça dele quando eu estiver no campo!	Descobrir 10 Espíritos diferentes;Entregar a pesquisa no Centro de Ciências;Aguardar por uma carta de Zed	精灵研究：精灵基础知识{desc}教授让我为他的研究至少找到 10 个精灵。作为奖励，他会送我一件物品，让我在野外时可以看到精灵头上显示的等级！	找到 10 个不同的精灵;在科学中心提交精灵以供研究;等待泽德的来信	精霊の研究：精霊の基本{desc}教授に研究のために10体以上の精霊を見つけるよう頼まれた。報酬に、フィールド上で精霊のレベルがその頭上に見えるようになるアイテムをくれるって！	異なる精霊を10体見つける;科学センターで調査を提出する;ゼッドからの手紙を待つ	Наука о духах: Основы духологии{desc}Профессор попросил меня собрать данные о как минимум десяти новых Духах для его исследований. В награду он даст мне предмет, показывающий уровень дикого Духа над его головой.	Найди 10 различных Духов;Сдай исследовательские данные в Научный Центр;Дождись письма от Зетта
professor_research3	tame_psychic;turn_in;letter	Spirit Research: Advanced Spiritology{desc}The Professor told me about rare Psychic Spirits that can be found inside storms, and asked me to tame one. These storms take place on one random island a night...	Tame a Psychic Spirit;Turn in research at the Science Center;Wait for a letter from Zed	Esprits : étude plus poussée{desc}Le professeur m'a parlé des esprits psychiques qui apparaissent lors de tempêtes et il m'a demandé d'en apprivoiser un. Ces tempêtes éclatent sur une île aléatoire chaque nuit...	Apprivoiser un esprit psychique;Transmettre des données sur les esprits au labo;Attendre de recevoir du courrier de Zed	Geister: Fortgeschrittene Geisterkunde{desc}Der Professor hat mir von seltenen Psychogeistern berichtet, die im Inneren von Stürmen leben, und er hat mich gebeten ein Exemplar zu zähmen. Diese Stürme toben immer nachts auf einer zufälligen Insel ...	Zähme einen Psychogeist;Reiche deine Forschung beim Forschungszentrum ein;Warte auf einen Brief von Zed	Espíritu: espiritología avanzada{desc}El profesor me ha hablado sobre los espíritus psíquicos poco comunes que aparecen en el interior de las tormentas y me ha pedido que dome a uno. Estas tormentas se producen cada noche en una isla al azar...	Doma a un espíritu psíquico;Entrega el informe en el centro científico;Espera a recibir una carta de Zed	Espíritos: espiritologia avançada{desc}O professor me contou sobre um tipo raro de Espírito Paranormal que pode ser encontrado dentro das tempestades, e me pediu para domar um para ele. Estas tempestades acontecem à noite em uma ilha aleatória...	Domar um Espírito Paranormal;Entregar a pesquisa no Centro de Ciências;Aguardar por uma carta de Zed	精灵研究：高级精灵学{desc}教授告诉我说，在风暴中可以找到稀有的通灵精灵，并叫我驯服一个通灵精灵。每晚都会在一个随机的岛屿上发生这种风暴……	驯服一个通灵精灵;在科学中心提交精灵以供研究;等待泽德的来信	精霊の研究：上級精霊学{desc}教授から、嵐のさいちゅうに見つかる珍しいエスパーの精霊について聞いた。1体を手なづけてほしいらしい。そういった嵐は、夜にランダムな島の1つで発生するとか…	エスパーの精霊を手なづける;科学センターで調査を提出する;ゼッドからの手紙を待つ	Наука о духах: Продвинутая духология{desc}Профессор рассказал мне о редких Магических Духах, которые можно найти во время магического шторма, и попросил меня приручить одного. Вроде бы эти шторма случаются на одном случайном острове каждую ночь...	Приручи магического Духа;Сдай исследовательские данные в Научный Центр;Дождись письма от Зетта
professor_research4	hatch;letter	Spirit Research: Intro to Egg{desc}Zed asked me to hatch a Spirit from an egg! Once I've built the Spirit Barn in the Moonstone Enchanter, I'll need to place a stall in the barn, then add a nest, then place an egg inside the nest... and wait for it to hatch!	Hatch a Spirit in a Spirit Barn;Wait for a letter from Zed	Esprits : place aux œufs{desc}Zed m'a demandé de faire éclore un œuf d'esprit ! Une fois que j'aurai construit l'abri à esprits grâce à l'enchanteur de pierres de lune, il faudra que j'y installe une mangeoire ainsi qu'un nid où je placerai ensuite un œuf. Après, il ne me restera plus qu'à attendre !	Faire éclore un œuf d'esprit dans l'abri à esprits;Attendre de recevoir du courrier de Zed	Geister: Eierkunde{desc}Zed hat mich gebeten, einen Geist aus einem Ei schlüpfen zu lassen. Wenn ich eine Geisterscheune mit dem Mondsteinverzauberer gebaut habe, muss ich eine Box in der Scheune einrichten, ihr ein Nest hinzufügen, ein Ei ins Nest legen ... und darauf warten, dass es schlüpft.	Brüte einen Geist in einer Geisterscheune aus;Warte auf einen Brief von Zed	Espíritu: huevos{desc}¡Zed me ha pedido que haga eclosionar un espíritu! En cuanto haya construido el establo para espíritus con el encantador de piedra lunar, tengo que montar un pesebre y añadir un nido. Después, coloco el huevo dentro... ¡y espero a que eclosione!	Haz que un espíritu eclosione en el establo;Espera a recibir una carta de Zed	Espíritos: introdução aos ovos{desc}O Zed me pediu para chocar um ovo de Espírito! Assim que eu criar a Morada dos Espíritos no Encantador de Selenita, vou precisar instalar um comedouro lá, depois um ninho, e então colocar o ovo dentro do ninho... e esperar ele ser chocado!	Chocar um Espírito na Morada dos Espíritos;Aguardar por uma carta de Zed	精灵研究：精灵蛋入门{desc}泽德叫我用精灵蛋孵化出一个精灵！我在月石魔法台中建造了精灵棚之后，需要在精灵棚中放置一个隔间，然后添加一个巢，然后在巢中放置一个蛋……然后等待它孵化！	在精灵棚中孵化一个精灵;等待泽德的来信	精霊の研究：タマゴ入門{desc}ゼッドに精霊のタマゴをふ化させるよう頼まれた！ ムーンストーンエンチャンターで精霊の小屋を建てたら、小屋の中に房を設置しなくちゃ。それから巣を追加して、そこにタマゴを置く… あとはふ化するのを待つだけ！	精霊の小屋で精霊をふ化させる;ゼッドからの手紙を待つ	Наука о духах: Высиживание яиц{desc}Зетт попросил меня вывести Духа из яйца! Как только я создам Амбар в Лунном Зачаровывателе, я смогу установить там стойло, в стойло поместить гнездо, а в гнездо положить яйцо... и останется лишь подождать, пока оно выведется!	Выведи Духа из яйца в Амбаре;Дождись письма от Зетта
professor_research5	banish_dark;turn_in;letter	Spirit Research: Final Exam{desc}Zed wants me to try banishing a Dark Spirit. They're super strong, and only on the most distant islands, so I have to be prepared.	Banish a Dark Spirit;Turn in research at the Science Center;Wait for a letter from Zed	Esprits : examen final{desc}Zed veut que j'essaie de bannir un esprit ténébreux. Ils sont très puissants et vivent uniquement sur les îles les plus lointaines, donc j'ai intérêt à me préparer comme il faut.	Bannir un esprit ténébreux;Transmettre des données sur les esprits au labo;Attendre de recevoir du courrier de Zed	Geister: Abschlussprüfung{desc}Zed will, dass ich einen Dunkelgeist banne. Diese Geister sind extrem stark und kommen nur auf den entferntesten Inseln vor, darum muss ich gut vorbereitet sein.	Banne einen Dunkelgeist;Reiche deine Forschung beim Forschungszentrum ein;Warte auf einen Brief von Zed	Espíritu: examen final{desc}Zed quiere que intente desterrar a un espíritu oscuro. Son superfuertes y solo aparecen en las islas más lejas, así que tengo que prepararme bien.	Destierra a un espíritu oscuro;Entrega el informe en el centro científico;Espera a recibir una carta de Zed	Espíritos: prova final{desc}O Zed quer que eu tente banir um Espírito Sombrio. Eles são muito fortes, e ficam nas ilhas mais distantes, então eu preciso estar preparade.	Banir um Espírito Sombrio;Entregar a pesquisa no Centro de Ciências;Aguardar por uma carta de Zed	精灵研究：期末考试{desc}泽德想让我试试驱逐黑暗精灵。这种精灵非常强大，只出没在最远的岛屿上，所以我必须做好万全准备。	驱逐一个黑暗精灵;在科学中心提交精灵以供研究;等待泽德的来信	精霊の研究：最終試験{desc}ゼッドが闇の精霊を撃退してほしがっている。超強い精霊で、一番遠くにある島にだけ生息しているから、しっかり準備しないと。	闇の精霊を撃退する;科学センターで調査を提出する;ゼッドからの手紙を待つ	Наука о духах: Итоговый экзамен{desc}Зетт хочет, чтобы я попытался победить в бою Темного Духа. Они очень сильные и водятся только на самых дальних островах, поэтому мне нужно тщательно подготовиться.	Победи Темного Духа;Сдай исследовательские данные в Научный Центр;Дождись письма от Зетта
professor_research6	spirits_all;turn_in;letter	Spirit Research: Extra Credit{desc}Professor Zed asked me to "catch them all" and then started singing a song about defending the world? I think this means that I have to discover one of every Spirit!	Discover all Spirits;Turn in research at the Science Center;Wait for a letter from Zed	Esprits : dernière mission{desc}Le professeur Zed m'a demandé de « tous les attraper », puis il a commencé à chanter une chanson dans laquelle il dit qu'un jour, il sera le meilleur dresseur... Si j'ai bien compris, ça veut dire que je dois découvrir chaque esprit qui existe.	Découvrir tous les esprits;Transmettre des données sur les esprits au labo;Attendre de recevoir du courrier de Zed	Geister: Bonusaufgabe{desc}Professor Zed hat mich gebeten, "sie alle zu fangen", und fing dann an, ein Lied über den Kampf um die Welt zu singen. Das bedeutet dann wohl, dass ich einen Geist jeder Art entdecken muss.	Entdecke alle Geister;Reiche deine Forschung beim Forschungszentrum ein;Warte auf einen Brief von Zed	Espíritu: puntos extra{desc}El profesor Zed me ha dicho: «¡Hazte con todos!» y luego ha empezado a cantar una canción sobre el destino y no sé qué de defender a mi amigo fiel... ¡Creo que quiere que descubra un ejemplar de cada espíritu!	Descubre a todos los espíritus;Entrega el informe en el centro científico;Espera a recibir una carta de Zed	Espíritos: trabalho extra{desc}O professor Zed me disse que "Temos que pegar" e depois começou a cantar uma música sobre defender o mundo. Acho que isso quer dizer que eu tenho que descobrir um Espírito de cada!	Descobrir todos os Espíritos;Entregar a pesquisa no Centro de Ciências;Aguardar por uma carta de Zed	精灵研究：额外学分{desc}泽德教授让我将它们“一网打尽”，然后开始唱一首关于保卫世界的歌？意思就是，我必须找出所有精灵吧！	找出所有精灵;在科学中心提交精灵以供研究;等待泽德的来信	精霊の研究：特別単位{desc}ゼッド教授に「ゲットだぜ」するよう頼まれた。その後、世界を守る歌を歌い始めたんだけど、何だったんだろう？ つまり精霊を全部見つけなくちゃいけないってことかな！	精霊をすべて見つける;科学センターで調査を提出する;ゼッドからの手紙を待つ	Наука о духах: Дополнительные баллы{desc}Профессор Зетт попросил меня "поймать их всех" и потом начал насвистывать какую-то песеснку. Я думаю, это значит, что мне нужно найти всех Духов!	Найди всех Духов;Сдай исследовательские данные в Научный Центр;Дождись письма от Зетта
professor_resources	enchanter;spiritBarn;clay;seaGlass;poison;sparks;fireball;darkMatter;dreamDrop;snowball	Spirit Research: Spirit Poop{desc}Professor Zed explained to me that if I craft a Spirit Barn and feed Fibre to the Spirits I keep in there, they will sometimes "drop" rare and powerful Spirit resources. He wants me to bring him one of each for his experiments.	Craft an Enchanter;Craft a Spirit Barn;Sell 1 Clay;Sell 1 Glass;Sell 1 Poison; Sell 1 Sparks;Sell 1 Fireball;Sell 1 Dark Matter;Sell 1 Dream Drop;Sell 1 Snowball	Esprits : ressources{desc}Le professeur Zed m'a expliqué que si je construisais un abri à esprits et que je donnais de la fibre aux esprits qui s'y trouvent, ils donneraient parfois de rares et puissantes ressources. Il veut que je lui apporte un exemplaire de chaque ressource pour ses expériences.	Fabriquer un enchanteur;Fabriquer un abri à esprits;Donner 1 boule d'argile;Donner 1 bout de verre de mer;Donner 1 goutte de poison;Donner 1 étincelle;Donner 1 boule de feu;Donner 1 boule de matière noire;Donner 1 goutte onirique;Donner 1 boule de neige	Geister: Hinterlassenschaften von Geistern{desc}Professor Zed hat mir erklärt, wenn ich eine Geisterscheune baue und die Geister, die ich dort halte, mit Fasern füttere, werden sie manchmal seltene und mächtige Geisterressourcen "hinterlassen". Er möchte, dass ich ihm je eine für seine Experimente vorbeibringe.	Stelle einen Verzauberer her;Stelle eine Geisterscheune her;Gib 1 Ton;Gib 1 Seeglas;Gib 1 Gift;Gib 1 Funken;Gib 1 Feuerball;Gib 1 Dunkle Materie;Gib 1 Traumtropfen;Gib 1 Schneeball	Espíritu: popó de espíritu{desc}El profesor Zed me explicó que, si construyo un establo para espíritus y les doy de comer fibras, a veces «sueltan» recursos inusuales y poderosos. Quiere que le lleve uno de cada para sus experimentos.	Fabrica un encantador;Construye un establo para espíritus;Entrega 1 de arcilla;Entrega 1 de cristal marino;Entrega 1 de veneno;Entrega 1 de chispas;Entrega 1 de bola de fuego;Entrega 1 de materia oscura;Entrega 1 de gota onírica;Entrega 1 de bola de nieve	Espíritos: fezes de Espíritos{desc}O professor Zed me explicou que se eu criar uma Morada dos Espíritos e alimentar com capim os Espíritos que eu colocar lá, eles vão "deixar cair" recursos raros e poderosos de vez em quando. Ele quer que eu leve um de cada para os experimentos dele.	Criar um Encantador;Criar uma Morada dos Espíritos;Dar 1 Argila;Dar 1 Vidro;Dar 1 Veneno;Dar 1 Faísca;Dar 1 Bola de Fogo;Dar 1 Matéria Obscura;Dar 1 Gota de Sonho;Dar 1 Bola de Neve	精灵研究：精灵粪便{desc}泽德教授向我解释了怎么获得精灵资源，只要制作一个精灵棚并向里面的精灵喂食纤维，它们有时就会“掉落”稀有且强大的精灵资源。他希望我把每一种资源都给他带一样，供他做实验。	制造一个魔法台;制造一个精灵棚;送出 1 份粘土;送出 1 份玻璃;送出 1 份毒药;送出 1 火花;送出 1 份火球;送出 1 份暗物质;送出 1 份梦露;送出 1 份雪球	精霊の研究：精霊の落としもの{desc}ゼッド教授が言うには、精霊の小屋を作って、その中の精霊に繊維をあげたら、ときどき貴重で強力な精霊の素材を「落とす」ことがあるって。それを実験用に1つ持って来てほしがっている。	エンチャンターを作る;精霊の小屋を作る;粘土を1つ渡す;シーグラスを1つ渡す;毒を1つ渡す;スパークを1つ渡す;火の玉を1つ渡す;ダークマターを1つ渡す;ドリームドロップを1つ渡す;雪玉を1つ渡す	Наука о духах: Духовые экскременты{desc}Профессор Зетт объяснил мне, что если содержать духов в Амбаре и кормить их сеном, они иногда будут.. эээ, "производить" редкие и ценные субстанции. Он хочет, чтобы я принес ему каждого по одной штучке для его экспериментов.	Создай Зачаровыватель;Построй Амбар;Продай 1 глину;Продай 1 морское стекло;Продай 1 яд; Продай 1 искры;Продай 1 огненный шар;Продай 1 темную материю;Продай 1 каплю мечты;Продай 1 снежок
																	
seeds_spring	nightShadeSeeds;mandrakeSeeds;nimbusPlantSeeds;boltSeeds;fireFlowerSeeds;hotPepperSeeds;spiritBaneSeeds;bloodRootSeeds;magicMushroomSeeds;yarrowSeeds	Spring Seed Seeker{desc}Ofelia and Gaiana want me to collect spring seeds from the outer islands so that they can propagate them.^^If I turn them in at the Conservatory, they will make them available for purchase at the General Store!	Sell Night Shade Seeds; Sell Mandrake Seeds; Sell Nimbus Plant Seeds; Sell Bolt Seeds; Sell Fire Flower Seeds; Sell Hot Pepper Seeds; Sell Spiritbane Seeds; Sell Bloodroot Seeds; Sell Magic Mushroom Seeds; Sell Yarrow Seeds	Chasse aux graines de printemps{desc}Ofélia et Gaïana veulent que je récupère des graines de printemps sur les autres îles afin qu'elles puissent les propager.^^Si je leur en apporte à la jardinerie, elles les mettront ensuite en vente à la supérette !	Vendre des graines de solanacée;Vendre des graines de mandragore;Vendre des graines de cotonnille;Vendre des graines de foudroyante;Vendre des graines de belle-de-feu;Vendre des graines de piment;Vendre des graines d'aconit tue-esprit;Vendre des graines de sanguinaire;Vendre des graines de champignon magique;Vendre des graines d'achillée	Frühlingssamensuche{desc}Ofelia und Gaiana bitten mich darum, Frühlingssamen auf den äußeren Inseln zu sammeln, um sie zu vermehren.^^Wenn ich sie beim Gewächshaus abgebe, werden sie im Krämerladen zum Verkauf angeboten.	Verkaufe Tollkirschensamen;Verkaufe Alraunensamen;Verkaufe Nimbuspflanzensamen;Verkaufe Blitzsamen;Verkaufe Feuerblumensamen;Verkaufe Chilisamen;Verkaufe Geisterbannsamen;Verkaufe Blutwurzsamen;Verkaufe Zauberpilzsamen;Verkaufe Schafgarbensamen	En busca de semillas de primavera{desc}Ofelia y Gaiana quieren que recoja algunas semillas de primavera en las islas exteriores para propagarlas.^^Si las entrego en el invernadero, ¡luego saldrán a la venta en la tienda!	Vende semillas de belladona;Vende semillas de mandrágora;Vende semillas de planta nimbo;Vende semillas de planta rayo;Vende semillas de flor de fuego;Vende semillas de chile picante;Vende semillas de espiricónito;Vende semillas de sanguinaria;Vende semillas de setas mágicas;Vende semillas de milenrama	Caça às sementes da primavera{desc}Ofélia e Gaiana querem que eu colete sementes da primavera das outras ilhas, pois assim podem propagá-las.^^Se eu as entregar no Conservatório, elas deixarão as sementes disponíveis para compra no Armazém Geral!	Vender sementes de Beladona;Vender sementes de Mandrágora;Vender sementes de Planta Nimbo;Vender sementes de Relampejo;Vender sementes de Flor de Fogo;Vender sementes de Pimenta;Vender sementes de Flor de Acônito;Vender sementes de Sanguinária;Vender sementes de Cogumelo Mágico;Vender sementes de Milefólio.	春季种子搜寻小能手{desc}奥菲莉娅和盖娅娜想让我去外岛搜集春季种子给她们用来繁殖植物。^^如果我去温室上交种子，她们会在杂货店出售这些种子！	出售夜影种子;出售曼德拉草种子;出售灵气植种子;出售霹雳种子;出售火焰花种子;出售辣椒种子;出售灵厄草种子;出售血根种子;出售魔法蘑菇种子;出售亚罗花种子	春の種探し{desc}オフェーリアとガイアナが外の島から春の種を集めてきてほしがっている。そうすれば繁殖させられるって。^^温室で渡した種は雑貨店で買えるようになるはず！	イヌホウズキの種を売る;マンドレイクの種を売る;ゴコウソウの種を売る;イナヅマの種を売る;ヒバナの種を売る;トウガラシの種を売る;セイレイドクの種を売る;アカネソウの種を売る;マホウキノコの種を売る;ノコギリソウの種を売る	Разведчик весенних семян{desc}Офелия и Гайана попросили меня собрать весенние семена с дальних островов для их разведения.^^Если я сдам семена в Оранжерею, я смогу потом покупать их в Лавке!	Продай семена Белладонны; Продай семена Мандрагоры; Продай семена Облачного Цветка; Продай семена Молниелиста; Продай семена Огнецвета; Продай семена Острого Перца; Продай семена Духогона; Продай семена Кровокорня; Продай семена Волшебного Грибочка; Продай семена Тысячелистника
seeds_summer	umbrellashroomSeeds;erdenleafSeeds;stunflowerSeeds;zaplantSeeds;hotairfruitSeeds;flamerootSeeds;pricklyplantSeeds;wingfruitSeeds;tinyflowerSeeds;eyeberrySeeds	Summer Seed Seeker{desc}Gaiana and Ofelia need me to collect summer seeds for them to propagate.^^If I turn them in at the Conservatory, Rowan will be able to sell them at the General Store!	Sell Umbrellashroom Seeds; Sell Erdenleaf Seeds; Sell Stun Flower Seeds; Sell Zaplant Seeds; Sell Hot Air Fruit Seeds; Sell Flameroot Seeds; Sell Prickly Plant Seeds; Sell Wingfruit Seeds; Sell Tiny Flower Seeds; Sell Eye Berry Seeds	Chasse aux graines d'été{desc}Gaïana et Ofélia aimeraient que je récupère des graines d'été pour qu'elles puissent les propager.^^Si je leur en apporte à la jardinerie, Rowan pourra les vendre à la supérette !	Vendre des graines de coulombrelle;Vendre des graines de floréale mundis;Vendre des graines de tournefoudre;Vendre des graines de tonnercule;Vendre des graines de flambricot;Vendre des graines de pyrofleur;Vendre des graines d'oponce;Vendre des graines de myrtaile;Vendre des graines de microfleur;Vendre des graines d'oculofruit	Sommersamensuche{desc}Ofelia und Gaiana bitten mich darum, Sommersamen zu sammeln, um sie zu vermehren.^^Wenn ich sie beim Gewächshaus abgebe, kann Rowan sie im Krämerladen verkaufen.	Verkaufe Regenschirmpilzsamen;Verkaufe Erdenblattsamen;Verkaufe Betäubungsblumensamen;Verkaufe Zapperpflanzensamen;Verkaufe Heißluftfruchtsamen;Verkaufe Feuerwurzsamen;Verkaufe Stachelpflanzensamen;Verkaufe Flügelfruchtsamen;Verkaufe Zwergblumensamen;Verkaufe Augenbeerensamen	En busca de semillas de verano{desc}Gaiana y Ofelia necesitan que recoja semillas de verano para propagarlas.^^Si las entrego en el invernadero, ¡Rowan podrá venderlas en la tienda!	Vende semillas de sombriseta;Vende semillas de hojáurea;Vende semillas de flor paralizante;Vende semillas de calambrífera;Vende semillas de fruta aerotérmica;Vende semillas de pirorraíz;Vende semillas de planta con espinas;Vende semillas de fruta alada;Vende semillas de miniflor;Vende semillas de ojibaya	Caça às sementes do verão{desc}Gaiana e Ofélia precisam que eu colete sementes do verão para propagarem.^^Se eu as entregar no Conservatório, Rowan poderá vendê-las no Armazém Geral!	Vender sementes de Sombramelo;Vender sementes Folha-da-Terra;Vender sementes Flor Paralisante;Vender sementes de Eletroplanta;Vender sementes de Aquecifruta;Vender sementes de Queimaíz;Vender sementes de Cacto;Vender sementes de Frutalada;Vender sementes de Miniflor;Vender sementes de Frutolho	夏季种子搜寻小能手{desc}奥菲莉娅和盖娅娜想让我去搜集夏季种子给她们用来繁殖植物。^^如果我去温室上交种子，罗文就可以在杂货店售卖这些种子！	出售雨伞蘑菇种子;出售埃尔登叶种子;出售眩晕花种子;出售光击植种子;出售热气果种子;出售火焰根种子;出售多刺植种子;出售翅果种子;出售小小花种子;出售眼果种子	夏の種探し{desc}ガイアナとオフェーリアが繁殖するために夏の種を集めてきてほしがっている。^^温室で渡した種はローワンが雑貨店で売ってくれるようになるはず！	カサキノコの種を売る;エルデンリーフの種を売る;スタンバナの種を売る;カツリョクソウの種を売る;ネッキノミの種を売る;カエンネッコの種を売る;トゲトゲソウの種を売る;ツバサノミの種を売る;ミニバナの種を売る;アイベリーの種を売る	Разведчик летних семян{desc}Гайана и Офелия просят меня собрать летние семена для разведения.^^Если я сдам их в Оранжерею, Роуэн сможет продавать их в своей лавке!	Продай семена Зонтогриба; Продай семена Эрденлиста; Продай семена Оглусолнуха; Продай семена Искровика; Продай семена Возд. жаркоплода; Продай семена Огненного Корня; Продай семена Колючки; Продай семена Крылатого Плода; Продай семена Маленького Цветочка; Продай семена Глазуники
seeds_fall	grumpkinSeeds;mushinSeeds;electriconeSeeds;planternSeeds;heatplantSeeds;colberrySeeds;spectreflowerSeeds;skeleplantSeeds;willowispSeeds;ghostshroomSeeds	Fall Seed Seeker{desc}Ofelia and Gaiana are looking for fall seeds now that the weather is colder.^^If I hand them in at the Conservatory, Rowan will make them available for purchase at the General Store!	Sell Grumpkin Seeds; Sell Spiky Plant Seeds; Sell Electricone Seeds; Sell Plantern Seeds; Sell Heat Plant Seeds; Sell Colberry Seeds; Sell Spectre Flower Seeds; Sell Skeleplant Seeds; Sell Willo Wisp Seeds; Sell Ghostshroom Seeds	Chasse aux graines d'automne{desc}Maintenant qu'il commence à faire plus froid, Ofélia et Gaïana sont à la recherche de graines d'automne.^^Si je leur en apporte à la jardinerie, Rowan pourra les vendre à la supérette !	Vendre des graines de citronche;Vendre des graines d'épineuse;Vendre des graines d'électricône;Vendre des graines de planterne;Vendre des graines de thermoplante;Vendre des graines de carbonibaie;Vendre des graines de fleur spectrale;Vendre des graines de squelettige;Vendre des graines de fleur follette;Vendre des graines d'ectofongus	Herbstsamensuche{desc}Ofelia und Gaiana suchen jetzt nach Herbstsamen, da es kälter wird.^^Wenn ich sie im Gewächshaus abgebe, kann Rowan sie im Krämerladen verkaufen.	Verkaufe Mürrbissamen;Verkaufe Dornenpflanzensamen;Verkaufe Elektroniensamen;Verkaufe Laterniensamen;Verkaufe Wärmepflanzensamen;Verkaufe Kaltbeerensamen;Verkaufe Geisterblumensamen;Verkaufe Skelettpflanzensamen;Verkaufe Wirrlichtsamen;Verkaufe Geisterpilzsamen	En busca de semillas de otoño{desc}Ahora que ha refrescado un poco, Ofelia y Gaiana quieren semillas de otoño.^^Si las entrego en el invernadero, ¡Rowan se encargará de que estén disponibles en la tienda!	Vende semillas de calabezón;Vende semillas de cactiplanta;Vende semillas de electropiña;Vende semillas de planterna;Vende semillas de calorífera;Vende semillas de fresquibaya;Vende semillas de flor espectral;Vende semillas de esqueleplanta;Vende semillas de fuego fatuo;Vende semillas de fantaseta	Caça às sementes do outono{desc}Ofélia e Gaiana estão procurando por sementes do outono agora que o clima está mais frio.^^Se eu as entregar no Conservatório, Rowan as deixará disponíveis para compra no Armazém Geral.	Venda sementes de Carrancabóbora; Venda sementes de Espinhenta; Venda sementes de Conelétrico; Venda sementes de Planterna; Venda sementes de Planta Térmica; Venda sementes de Gelanga; Venda sementes de Florespectro; Venda sementes de Esqueleplanta; Venda sementes de Fogo-Fátuo; Venda sementes de Fantasgumelo	秋季种子搜寻小能手{desc}天气转凉，奥菲莉娅和盖娅娜现在正在寻找秋季种子。^^如果我去温室上交种子，罗文就可以在杂货店售卖这些种子！	出售怪脸瓜种子;出售带刺植物种子;出售电球果种子;出售灯笼花种子;出售热气草种子;出售科尔莓种子;出售幽灵花种子;出售骷髅植种子;出售鬼火种子;出售幽灵蘑菇种子	秋の種探し{desc}気候が寒くなってきているから、オフェーリアとガイアナが秋の種を探している。^^温室で渡した種はローワンが雑貨店で売ってくれるようになるはず！	ムカムカボチャの種を売る;チクチクソウの種を売る;エレクトリッコーンの種を売る;プランターンの種を売る;ネツソウの種を売る;セキタンベリーの種を売る;オバケバナの種を売る;ガイコツソウの種を売る;ヤナギノタバの種を売る;ユウレイキノコの種を売る	Разведчик осенних семян{desc}Погода становится холоднее и Офелия с Гайаной собирают осенние семена.^^Если я сдам их в Оранжерею, Роуэн станет продавать из в своей Лавке!	Продай семена Вреднотыквы; Продай семена Шипастника; Продай семена Электрошишки; Продай семена Светлолиста; Продай семена Жаровника; Продай семена Синягоды; Продай семена Спектроцвета; Продай семена Скелетолиста; Продай семена Призрачной Ягоды; Продай семена Призрачного Гриба
seeds_winter	saplantSeeds;flakeflowerSeeds;bulbshroomSeeds;popcornplantSeeds;rubyplantSeeds;sweaterplantSeeds;blackpearlSeeds;iciclerootSeeds;snowdropflowerSeeds;giftplantSeeds	Winter Seed Seeker{desc}Apparently some plants thrive in winter! I'll need to collect winter seeds for Ofelia to propagate again.^^Once I do, they will make them available for purchase at the General Store!	Sell Saplant Seeds; Sell Flake Flower Seeds; Sell Bulbshroom Seeds; Sell Popcorn Plant Seeds; Sell Ruby Plant Seeds; Sell Sweater Plant Seeds; Sell Black Pearl Seeds; Sell Icicle Root Seeds; Sell Snowdrop Flower Seeds; Sell Gift Plant Seeds	Chasse aux graines d'hiver{desc}Apparemment, certaines plantes s'épanouissent en hiver ! Je dois récupérer des graines d'hiver pour qu'Ofélia et Gaïana puissent les propager.^^Ensuite, elles les mettront en vente à la supérette.	Vendre des graines de plantisève;Vendre des graines de floconia;Vendre des graines de lampignon;Vendre des graines de popcornacée;Vendre des graines de végécarlate;Vendre des graines de pulloverdure;Vendre des graines de perle noire;Vendre des graines de givracine;Vendre des graines de perce-neige;Vendre des graines de plante-cadeau	Wintersamensucher{desc}Offenbar gedeihen auch einige Pflanzen im Winter! Ich muss Wintersamen für Ofelia suchen, die sie dann vermehrt.^^Wenn ich das mache, können diese Samen im Krämerladen verkauft werden.	Verkaufe Saftpflanzensamen;Verkaufe Flockenblumensamen;Verkaufe Birnenpilzsamen;Verkaufe Popcornpflanzensamen;Verkaufe Rubinpflanzensamen;Verkaufe Pullipflanzensamen;Verkaufe Schwarzperlensamen;Verkaufe Eiszapfenwurzelsamen;Verkaufe Schneeglöckchensamen;Verkaufe Geschenkpflanzensamen	En busca de semillas de invierno{desc}¡Resulta que hay plantas que florecen en invierno! Tengo que volver a recoger semillas para que Ofelia pueda propagarlas.^^En cuanto lo haga, ¡podré comprarlas en la tienda!	Vende semillas de plantisavia;Vende semillas de copiflor;Vende semillas de bulbiseta;Vende semillas de palomitera;Vende semillas de planta rubí;Vende semillas de planta jersey;Vende semillas de perla negra;Vende semillas de raíz de témpano;Vende semillas de campanilla de invierno;Vende semillas de planta obsequio	Caça às sementes do inverno{desc}Parece que algumas plantas florescem no inverno! Preciso coletar sementes do inverno para Ofélia propagá-las de novo.^^Assim que eu fizer isso, elas deixarão as sementes disponíveis para compra no Armazém Geral!	Vender sementes de Seivadora;Vender sementes de Flor de Floco;Vender sementes de Lampamelo;Vender sementes de Milho de Pipoca;Vender sementes de Planta Rubi;Vender sementes de Planta Suéter;Vender sementes de Pérola Negra;Vender sementes de Pingente de Gelo;Vender sementes de Galanthus;Vender sementes Planta-Presente	冬季种子搜寻小能手{desc}显然有些植物在冬天才会茁壮成长！我需要为奥菲莉娅收集冬季种子，让它们再次繁殖。^^我搜集到的这些种子将会被送到杂货店售卖！	出售萨普兰种子;出售片片花种子;出售球茎菇种子;出售爆米花植物种子;出售红宝石植物种子;出售毛衣草种子;出售黑珍珠种子;出售冰锥根种子;出售落雪花种子;出售礼物植种子	冬の種探し{desc}冬によく育つ植物もあるらしい！ オフェーリアがまた繁殖させられるように、冬の種を集めなくちゃいけない。^^そうすれば雑貨店で買えるようになるはず！	ジュエキソウの種を売る;セッペンバナの種を売る;デンキュウキノコの種を売る;ポップコーンソウの種を売る;コウギョクソウの種を売る;セーターソウの種を売る;クロシンジュの種を売る;ツララネッコの種を売る;スノードロップの種を売る;オクリモノソウの種を売る	Разведчик зимних семян{desc}Удивительно, но некоторые растения отлично растут зимой! Офелия попросила собрать зимние семена для их разведения.^^Как только я это сделаю, они будут доступны в Лавке!	Продай семена Растравы; Продай семена Снежинкоцвета; Продай семена Лампиньона; Продай семена Попкорника; Продай семена Аленького Цветочка; Продай семена Травяного Свитерка; Продай семена Чёрной Жемчужины; Продай семена Сосульного Корня; Продай семена Подснежника; Продай семена Подаркоцвета
																	
blacksmith_mining	mine;ore:10	Furnace for a Friend{desc}Ferra the Blacksmith asked me to get her some copper ore. If I do, she'll teach me how to build a furnace! I think I can find some in the mines, which are found under big rocks, or in caves.	Find a mine;Sell copper ore at the Smithy	Au fourneau{desc}Ferra la forgeronne m'a demandé de lui apporter du minerai de cuivre. Ensuite, elle m'apprendra à fabriquer un fourneau ! Je crois que je peux en trouver dans les mines cachées sous de gros rochers, ou dans les donjons.	Trouver une mine;Vendre du minerai de cuivre à la forge	Ein Hochofen für einen Freund{desc}Ferra die Schmiedin hat mich gebeten, Kupfererz für sie zu besorgen. Wenn ich ihr Kupfererz bringe, zeigt sie mir, wie man einen Hochofen baut. Ich denke, ich kann welches in den Minen finden, die unter großen Felsen verborgen sind oder in Höhlen.	Finde eine Mine;Verkaufe Kupfererz in der Schmiede	Fraguando una amistad{desc}Ferra, la herrera, me ha pedido que le consiga un poco de cobre. Si lo hago, ¡me enseñará a construir una fragua! Tengo que encontrar la entrada a una mina, que suelen estar bajo rocas grandes o en cuevas. ¡Seguro que ahí hay cobre!	Encuentra una mina;Vende el cobre en la herrería	Fornalha para uma pessoa amiga{desc}Ferra, a ferreira, me pediu para arranjar um pouco de minério de cobre pra ela. Se eu fizer isso, ela me ensinará a construir uma fornalha! Acho que posso obter nas minas, que ficam embaixo de grandes rochas, ou nas cavernas.	Encontrar uma mina;Vender minério de cobre na Ferraria	朋友的锻造炉{desc}铁匠费拉让我帮她找一些铜矿石。如果我找到了给她，她就会教我建造锻造炉的方法！我应该可以在矿洞里找到一些铜矿石，矿洞通常位于大石头下或洞穴里。	找到一个矿洞;在铁匠铺卖掉铜矿石	友のためのかまど{desc}鍛冶屋のフェラーに銅鉱石を手に入れるよう頼まれた。そうしたら、かまどを作る方法を教えてくれるはず！ 銅鉱石は、大きな岩の下にある鉱山か、洞窟で見つかる。	鉱山を見つける;銅鉱石を鍛冶屋に売る	Печь для подруги{desc}Кузнец Ферра попросила меня достать ей медную руду. За это она обещала мне показать, как построить плавильную печь! Полагаю, руду можно добыть в пещерах, или в шахтах, вход в которые иногда скрыт под большими валунами.	Найди шахту;Продай медную руду в кузнице
blacksmith_furnace	furnace;ingot:3	Getting Into Metal{desc}I need to craft and install a furnace, use coal and iron ore to smelt three iron ingots, and then bring them to Ferra at the Smithy.	Craft a furnace;Sell iron ingots at the Smithy	Initiation au métal{desc}Je dois fabriquer et installer un fourneau, utiliser du charbon et du minerai de fer afin d'obtenir trois lingots de fer, puis les apporter à Ferra à la forge.	Fabriquer un fourneau;Vendre des lingots de fer à la forge	Metallverarbeitung{desc}Ich muss einen Hochofen herstellen und aufstellen, Kohle und Eisenerz zu drei Eisenbarren verschmelzen und diese dann zu Ferra in die Schmiede bringen.	Stelle einen Hochofen her;Verkaufe Eisenbarren in der Schmiede	Introducción al metal{desc}Tengo que construir e instalar una fragua, usar carbón y hierro para fundir tres lingotes de hierro y llevárselos a Ferra en la herrería.	Construye una fragua;Vende lingotes de hierro en la herrería	Metendo-se com metal{desc}Preciso criar e instalar uma fornalha, usar carvão e minério de ferro para fundir três barras de ferro, e depois levar tudo pra Ferra na Ferraria.	Criar uma fornalha;Vender barras de ferro na Ferraria	金属入门{desc}我需要制作并安装一个锻造炉，利用煤和铁矿石熔炼出三块铁锭，然后把它们带给铁匠铺的费拉。	制造一个锻造炉;在铁匠铺卖掉铁锭	金属作成{desc}かまどを作って置いたら、石炭と鉄鉱石を使って鉄のインゴットを3つ作る。そのあとは鍛冶場にいるフェラーへ持って行こう。	かまどを作る;鉄のインゴットを鍛冶屋に売る	Увлечение металлом{desc}Мне нужно изготовить и установить плавильную печь, выплавить в ней три железных слитка, используя уголь и железную руду, и принести готовые слитки Ферре в кузницу.	Создай печь;Продай железные слитки в кузнице
																	
magicman_mirror	shards:15;mirror:15	The Magic Man's Mirror{desc}Waldo has asked me to search for his memory shards and return them to him. He says he hid them in dungeons, for some reason...	Find all the memory shards;Restore the mirror	Le miroir du mage{desc}Waldo m'a demandé de retrouver ses fragments de mémoire et de les lui apporter. Il affirme les avoir cachés dans les donjons, mais il ne sait plus pourquoi...	Retrouver tous les fragments de mémoire;Restaurer le miroir	Spiegel des Magiers{desc}Waldo hat mich gebeten, nach seinen Erinnerungssplittern zu suchen und sie ihm zu bringen. Er sagt, er hätte sie aus irgendeinem Grund in Verliesen versteckt ...	Finde alle Erinnerungssplitter;Stelle den Spiegel wieder her	El espejo del mago{desc}Waldo me ha pedido que busque los fragmentos de su memoria y se los devuelva. Dice que los encondió en diferentes mazmorras, pero no recuerda por qué...	Encuentra todos los fragmentos de memoria;Restaura el espejo	O espelho do Homem Mágico{desc}O Waldo me pediu para procurar pelos seus fragmentos de memória e devolvê-los. Ele disse que os escondeu nas masmorras, por algum motivo...	Encontrar todos os fragmentos de memória;Restaurar o espelho	魔术师之镜{desc}沃尔多让我帮他找回他的记忆碎片并归还给他。他说他不得已……把记忆碎片藏在了地下城里。	找到所有记忆碎片;修复镜子	魔法使いの鏡{desc}ウォルドに記憶のカケラを探して持ってくるよう頼まれた。理由があってダンジョンの中に隠したと彼は言うけれど…	記憶のカケラをすべて見つける;鏡を修復する	Зеркало Волшебника{desc}Валдо попросил меня поискать осколки его памяти и вернуть их ему. Он говорит, что спрятал их в подземельях, но не объяснил почему...	Найди все осколки памяти;Восстанови зеркало
																	
seal_earth	seal	Obtain the Earth Seal{desc}I need to explore the Spring Temple to find the ancient Earth Seal!	Obtain the Earth Seal from the Spring temple	Obtenir le sceau de la terre{desc}Je dois explorer le temple du printemps pour trouver le sceau de la terre.	Obtenir le sceau de la terre dans le temple du printemps	Erhalte das Erdsiegel{desc}Ich muss den Frühlingstempel erkunden, um das alte Erdsiegel zu finden!	Erhalte das Erdsiegel aus dem Frühlingstempel	Consigue el Sello Terrenal{desc}¡Tengo que explorar el Templo Primaveral para encontrar el antiguo Sello Terrenal!	Consigue el Sello Terrenal en el Templo Primaveral	Obtendo o Selo da Terra{desc}Preciso explorar o Templo da Primavera para encontrar o antigo Selo da Terra!	Obter o Selo da Terra no Templo da Primavera	手握土之封印{desc}我需要去探索春神庙，找到远古的土之封印！	到春神庙取得土之封印	土の封印入手{desc}春の寺院を探索して土の封印を見つけよう！	春の寺院で土の封印を手に入れる	Найти Знак Земли{desc}Я должен найти и исследовать Храм Весны, чтобы добыть древний Знак Земли!	Найди Знак Земли в Храме Весны
seal_water	seal	Obtain the Water Seal{desc}I need to explore the Summer Temple to find the ancient Water Seal!	Obtain the Water Seal from the Summer temple	Obtenir le sceau de l'eau{desc}Je dois explorer le temple de l'été pour trouver le sceau de l'eau.	Obtenir le sceau de l'eau dans le temple de l'été	Erhalte das Wassersiegel{desc}Ich muss den Sommertempel erkunden, um das alte Wassersiegel zu finden!	Erhalte das Wassersiegel aus dem Sommertempel	Consigue el Sello Acuático{desc}¡Tengo que explorar el Templo Veraniego para encontrar el antiguo Sello Acuático!	Consigue el Sello Acuático en el Templo Veraniego	Obtendo o Selo da Água{desc}Preciso explorar o Templo do Verão para encontrar o antigo Selo da Água!	Obter o Selo da Água no Templo do Verão	手握水之封印{desc}我需要去探索夏神庙，找到远古的水之封印！	到夏神庙取得水之封印	水の封印入手{desc}夏の寺院を探索して水の封印を見つけよう！	夏の寺院で水の封印を手に入れる	Найти Знак Воды{desc}Я должен найти и исследовать Храм Лета, чтобы добыть древний Знак Воды!	Найди Знак Воды в Храме Лета
seal_poison	seal	Obtain the Poison Seal{desc}I need to explore the Fall Temple to find the ancient Poison Seal!	Obtain the Poison Seal from the Fall temple	Obtenir le sceau du poison{desc}Je dois explorer le temple de l'automne pour trouver le sceau du poison.	Obtenir le sceau du poison dans le temple de l'automne	Erhalte das Giftsiegel{desc}Ich muss den Herbsttempel erkunden, um das alte Giftsiegel zu finden!	Erhalte das Giftsiegel aus dem Herbsttempel	Consigue el Sello Venenoso{desc}¡Tengo que explorar el Templo Otoñal para encontrar el antiguo Sello Venenoso!	Consigue el Sello Venenoso en el Templo Otoñal	Obtendo o Selo do Veneno{desc}Preciso explorar o Templo do Outono para encontrar o antigo Selo do Veneno!	Obter o Selo do Veneno no Templo do Outono	手握毒之封印{desc}我需要去探索秋神庙，找到远古的毒之封印！	到秋神庙取得毒之封印	毒の封印入手{desc}秋の寺院を探索して毒の封印を見つけよう！	秋の寺院で毒の封印を手に入れる	Найти Знак Яда{desc}Я должен найти и исследовать Храм Осени, чтобы добыть древний Знак Яда!	Найди Знак Яда в Храме Осени
seal_electric	seal	Obtain the Electric Seal{desc}I need to explore the Winter Temple to find the ancient Electric Seal!	Obtain the Electric Seal from the Winter temple	Obtenir le sceau de l'électricité{desc}Je dois explorer le temple de l'hiver pour trouver le sceau de l'électricité.	Obtenir le sceau de l'électricité dans le temple de l'hiver	Erhalte das Elektrosiegel{desc}Ich muss den Wintertempel erkunden, um das alte Elektrosiegel zu finden!	Erhalte das Elektrosiegel aus dem Wintertempel	Consigue el Sello Eléctrico{desc}¡Tengo que explorar el Templo Invernal para encontrar el antiguo Sello Eléctrico!	Consigue el Sello Eléctrico en el Templo Invernal	Obtendo o Selo Elétrico{desc}Preciso explorar o Templo do Inverno para encontrar o antigo Selo Elétrico!	Obter o Selo Elétrico no Templo do Inverno	手握电之封印{desc}我需要去探索冬神庙，找到远古的电之封印！	到冬神庙取得电之封印	雷の封印入手{desc}冬の寺院を探索して雷の封印を見つけよう！	冬の寺院で雷の封印を手に入れる	Найти Знак Электричества{desc}Я должен найти и исследовать Храм Зимы, чтобы добыть древний Знак Электричества!	Найди Знак Электричества в Храме Зимы
																	
rift	close_rift	Close the Rift{desc}I have collected the four ancient and magic Seals required to close the Rift. Waldo says that I must place them on the four pedestals around the Rift.	Use the Seals to Close the Rift	Refermer la faille{desc}J'ai trouvé les quatre sceaux magiques requis pour refermer la faille. Waldo dit que je dois les placer sur les quatre piédestaux autour de la faille.	Utiliser les sceaux pour refermer la faille	Schließe den Riss{desc}Ich habe die vier alten, magischen Siegel gesammelt, die zum Schließen des Risses benötigt werden. Waldo sagt, dass ich sie auf den vier Sockeln rund um den Riss platzieren muss.	Schließe mit den Siegeln den Riss	Cierra la grieta{desc}Ya he conseguido los cuatro antiguos sellos mágicos que se necesitan para cerrar la grieta. Waldo dice que tengo que colocarlos en los cuatro pedestales que la rodean.	Usa los sellos para cerrar la grieta	Fechando a Fenda{desc}Já coletei os quatro Selos antigos e mágicos necessários para fechar a Fenda. O Waldo disse que eu deveria colocá-los nos quatro suportes ao redor da Fenda.	Usar os Selos para fechar a Fenda	关闭裂缝{desc}我已经收集到了关闭裂缝所需的四个远古的魔法封印。沃尔多说我必须把四个封印放在裂缝周围的四个基座上。	使用封印关闭裂缝	裂け目の封印{desc}裂け目をふさぐのに必要な古代の魔法の封印を4つ全部集めた。ウォルドが言うには、裂け目の周りにある台へ置かないといけないらしい。	封印を使って裂け目をふさぐ	Закрыть Разлом между мирами{desc}Я собрал четыре древних магических знака, необходимые, чтобы закрыть Разлом между мирами. Валдо говорит, что мне нужно поместить их на четыре пьедестала вокруг Разлома.	Используй Знаки, чтобы закрыть Разлом между мирами
																	
mythical_fish	blobfishM;sparkstarM;cinderfishM	Mythical Fish{desc}Tobin wants me to catch some extra-rare fish from the furthest islands, and then sell them to him at his fishing shop!	Fish a Moonstone Quality Blobfish on a Poison island;Fish a Moonstone Quality Sparkstar on an Electric island;Fish a Moonstone Quality Cinderfish on a Fire island	Poissons mythiques{desc}Tobin veut que je pêche des poissons extrêmement rares sur les îles les plus éloignées, puis que je les lui vende à la boutique de pêche.	Pêcher un blobfish (pierre de lune) sur une île empoisonnée;Pêcher un électrastre (pierre de lune) sur une île électrique;Pêcher un poisson-cendre (pierre de lune) sur une île de feu	Mythische Fische{desc}Tobin möchte, dass ich besonders seltene Fische auf weit entfernten Inseln fange und sie dann in seinem Angelladen an ihn verkaufe!	Fange einen Blobfisch der Mondsteinqualität auf einer Giftinsel;Fange einen Funkenstern der Mondsteinqualität auf einer Elektroinsel;Fange einen Zunderfisch der Mondsteinqualität auf einer Feuerinsel	Pez legendario{desc}Tobin quiere que pesque un pez de lo más inusual en una de las islas más alejadas para luego vendérselo en su tienda de pesca.	Pesca un pez borrón de calidad piedra lunar en una isla venenosa;Pesca una estrella chispeante de calidad piedra lunar en una isla eléctrica;Pesca un pez ceniza de calidad piedra lunar en una isla de fuego	Peixe Mítico{desc}O Tobin quer que eu pesque alguns tipos de peixes muito raros das ilhas distantes pra depois vendê-los pra ele na Loja de Pesca!	Pescar um Peixe-Bolha de qualidade Selenita em uma Ilha do Veneno;Pescar um Estrela-Faísca de qualidade Selenita em uma Ilha Elétrica;Pescar um Peixe-Brasa de qualidade Selenita em uma Ilha do Fogo	神秘鱼{desc}托宾想让我去最远的岛屿捕捉一些特别稀有的鱼，然后带去他的钓鱼店卖给他！	在毒岛上钓到一条月石级别的水滴鱼;在电岛上钓到一条月石级别的星火鱼;在火岛上钓到一条月石级别的炉灰鱼	伝説のサカナ{desc}トービンが、一番遠くの島にいるかなり貴重なサカナを捕まえてほしがっている。釣ったら釣り道具店にいる彼に売ろう！	毒の島でポッチャリギョ（ムーンストーン）を釣る;雷の島でヒバナボシ（ムーンストーン）を釣る;火の島でハイカブリギョ（ムーンストーン）を釣る	Мифические рыбы{desc}Тобин попросил меня поймать несколько особо редких видов рыб с самых дальних островов, а затем продать их ему в его рыболовном магазине!	Поймай Лунного Толстобобика на ядовитом острове;Поймай Лунную Искрозвезду на электрическом острове;Поймай Лунного Искрохвостика на огненном острове
																	
																	
																	
matchmaker_tavernkeeper	spirit	Matchmaker: Ossono{desc}Ossono wants a Capacibee for her Spirit companion. I got you, honey! Bee patient! Hehe.	Give Ossono a Capacibee	Partenaire particulier : Ossono{desc}Ossono veut un voltabeille comme esprit de compagnie. Je m'occupe de ça dard-dard ! Hihi.	Donner un voltabeille à Ossono	Geistervermittlung: Ossono{desc}Ossono möchte eine Elektribiene als Geistergefährten haben. Ist alles in Honig, liebes Bienchen, keine Sorge! Summ-summ!	Gib Ossono eine Elektribiene	Un espíritu para Ossono{desc}Ossono quiere un Capacibee para que sea su espíritu acompañante. ¡No te preocupes, reina! ¡Me voy zumbando a buscarte uno!	Dale un Capacibee a Ossono	Intermediárie: Ossono{desc}A Ossono quer um Capacibee como Espírito de estimação. Pode deixar, meu bem! Só fecha a boca pra não entrar abelha, hehe.	Dar a Ossono um Capacibee	媒人：奥索诺{desc}奥索诺想要一只电容蜂成为她的精灵伙伴。亲爱的，我懂你的小秘蜜！蜂蜂这就来，耐心点！嘿嘿。	给奥索诺一只电容蜂	仲人：オソーノ{desc}オソーノがキャパシビーを相棒にしたがっている。了解！ 捕まえてビーックリさせちゃお！ へへ。	オソーノにキャパシビーを渡す	Духи-компаньоны: Оссоно{desc}Оссоно попросила Пчеловольта в качестве своего Духа-спутника. Я справлюсь! Буду жужжать и трудиться, как пчелка, но найду его! Хехе.	Подари Оссоно Пчеловольта
matchmaker_herbalist	spirit	Matchmaker: Gaiana{desc}Gaiana wants a Poison-type Spirit. "Something with a similar hairstyle to me", she said. Hmmm...	Give Gaiana the right Poison Spirit	Partenaire particulier : Gaïana{desc}Gaïana veut un esprit de type Poison. Elle a précisé qu'elle voulait une créature « avec une coupe de cheveux qui ressemble à la mienne ». Hmmm...	Donner à Gaïana le bon esprit de type Poison	Geistervermittlung: Gaiana{desc}Gaiana möchte eine Art Giftgeist haben. "Vielleicht ein Geist mit einer ähnlichen Frisur wie meiner", hat sie gesagt. Hmmm ...	Gib Gaiana den richtigen Giftgeist	Un espíritu para Gaiana{desc}Gaiana quiere un espíritu de tipo Veneno. Dijo que le gustaría que tuviera el pelo parecido al suyo. Mmm...	Dale a Gaiana el espíritu venenoso adecuado	Intermediárie: Gaiana{desc}A Gaiana quer um Espírito do tipo Venenoso. "Algo com um penteado parecido com o meu", ela disse. Huum...	Dar a Gaiana o Espírito Venenoso correto	媒人：盖娅娜{desc}盖娅娜想要一个有毒的精灵。“发型和我类似的那种”，她说。唔……	给盖娅娜一个合她心意的有毒精灵	仲人：ガイアナ{desc}ガイアナは毒タイプの精霊を欲しがっている。「あたしの髪型と似てるようなヤツ」って言ってた。ううーん…	ガイアナにピッタリの毒の精霊を渡す	Духи-компаньоны: Гайана{desc}Гайана хочет ядовитого духа, "И чтоб был с прической, как у меня". Хмм...	Подари Гайане подходящего Ядовитого Духа
matchmaker_blacksmith	spirit	Matchmaker: Ferra{desc}Ferra wants me to find her a Beardini, and if I don't, she might DIE, apparently! Better get to it!	Give Ferra a Beardini so she doesn't die	Partenaire particulier : Ferra{desc}Ferra veut que je lui trouve un barbini. Apparemment, c'est une question de vie ou de mort, alors je ferais mieux de m'y mettre !	Donner un barbini à Ferra pour qu'elle ne meure pas	Geistervermittlung: Ferra{desc}Ferra möchte, dass ich einen Barti für sie finde. Sollte es mir nicht gelingen, dann STIRBT sie! Dann sollte ich mich lieber sputen!	Gib Ferra einen Barti, damit sie nicht sterben muss	Un espíritu para Ferra{desc}Ferra quiere que le encuentre un Beardini y parece que, como no lo haga, ¡se muere! ¡Será mejor que empiece a buscar ya!	Dale un Beardini a Ferra para que no se muera	Intermediárie: Ferra{desc}A Ferra quer que eu encontre um Beardini pra ela, e se eu não conseguir, parece que ela vai MORRER! É melhor dar um jeito!	Dar a Ferra um Beardini pra ela não MORRER	媒人：费拉{desc}费拉想让我为她找一个胡蒂尼，如果我不帮她找到，她可能会活不下去，好吧！我得赶紧去找！	给费拉一个胡蒂尼，让她活下去	仲人：フェラー{desc}フェラーがベアディーニを見つけてほしがっている。でないとどうも死んじゃいそう！ 急がないと！	フェラーにベアディーニを渡さないと死んでしまう	Духи-компаньоны: Ферра{desc}Ферра хочет, чтобы я срочно нашел ей Бородини, иначе она непременно умрет! Лучше приступить к делу!	Подари Ферре Бородини, чтобы она не умерла
matchmaker_artist	spirit	Matchmaker: Quill{desc}Quill's ideal Spirit companion is something fiery, soft, and huggable. What fits that description...?	Find a cuddly Fire Spirit for Quill	Partenaire particulier : Quill{desc}L'esprit de compagnie idéal de Quill doit être chaud, doux et agréable à câliner. Qu'est-ce qui peut bien correspondre à cette description ?	Trouver un esprit de feu tout doux pour Quill	Geistervermittlung: Quill{desc}Quills idealer Geistergefährte ist feurig, weich und knuddelig. Was passt auf diese Beschreibung ...?	Finde einen knuffigen Feuergeist für Quill	Un espíritu para Púo{desc}El espíritu ideal de Púo es ardiente, suave y achuchable. ¿Qué espíritu encaja con esa descripción?...	Encuentra un espíritu de fuego adorable para Púo	Intermediárie: Quill{desc}O Espírito de estimação ideal pro Quill é quente, macio e bom de abraçar. O que se encaixa nessa descrição...?	Encontrar um Espírito do Fogo fofinho para o Quill	媒人：奎尔{desc}奎尔理想中的精灵伙伴是一种火热的、抱起来软软的小东西。哪种精灵符合这个描述呢……？	为奎尔找一个可爱的火焰精灵	仲人：クイル{desc}クイルの理想の精霊は、暖かくてやわらかくて抱きしめたくなるようなコ。その描写に合う精霊ってどれだろう…?	クイルのために抱き心地のよさそうな炎の精霊を見つける	Духи-компаньоны: Квилл{desc}Идеальный Дух-спутник для Квилла должен быть горячим, мягким и обнимательным. Что бы это могло быть...?	Найди милого Огненного Духа для Квилла
matchmaker_fisherman	spirit	Matchmaker: Tobin{desc}Tobin described his favourite Spirit to me: it's a "fishy Spirit" with a snorkel. That sounds easy enough to find, right?	Give Tobin the Spirit with the snorkel	Partenaire particulier : Tobin{desc}D'après la description que Tobin m'a faite, son esprit préféré ressemble à un poisson et il porte un tuba. Ça ne devrait pas être trop difficile à trouver, si ?	Donner à Tobin un esprit qui porte un tuba	Geistervermittlung: Tobin{desc}Tobin hat mir seinen Lieblingsgeist beschrieben: Es ist ein "fischähnlicher Geist" mit Schnorchel. Klingt doch ganz einfach, oder?	Gib Tobin den Geist mit dem Schnorchel	Un espíritu para Tobin{desc}Según Tobin, su espíritu favorito tiene forma de pez y lleva un tubo de buceo. No puede ser muy difícil de encontrar, ¿no?	Dale a Tobin un espíritu con un tubo de buceo	Intermediárie: Tobin{desc}O Tobin descreveu o seu Espírito preferido pra mim: é um Espírito "tipo peixe" usando um snorkel. Parece fácil de encontrar, né?	Dar a Tobin o Espírito usando um snorkel	媒人：托宾{desc}托宾向我描述了他最喜欢的精灵：自带呼吸管的“鱼类精灵”。找到这样的精灵应该很容易，对吧？	给托宾找一个带呼吸管的精灵	仲人：トービン{desc}トービンがお気に入りの精霊を説明してくれた。シュノーケルを持った「サカナっぽい精霊」だって。見つけるのが簡単そうだよね。	トービンにシュノーケルを持った精霊を渡す	Духи-компаньоны: Тобин{desc}Тобин мне дал такое описание: "это рыбный Дух с трубкой для ныряния". Вроде должно быть несложно, правда?	Подари Тобину Духа с трубкой для ныряния
matchmaker_shopkeeper	spirit	Matchmaker: Rowan{desc}Rowan said that they aren't picky about which Spirit I find for them! That's so much pressure... I hope I can find the perfect one!	Find Rowan a Spirit - any Spirit!	Partenaire particulier : Rowan{desc}Rowan affirme ne pas être difficile en matière d'esprits. Quelle que soit la créature que je choisis, elle lui plaira. Pourtant, ça me met une pression folle... J'espère que je vais trouver l'esprit qui lui convient parfaitement.	Trouver un esprit pour Rowan, n'importe lequel !	Geistervermittlung: Rowan{desc}Rowan sagte, dass er nicht wählerisch ist mit dem Geist, den ich für ihn aussuche. Aber das setzt mich unter sehr großen Druck ... Ich hoffe, ich finde den perfekten Geist.	Finde für Rowan einen Geist – irgendeinen!	Un espíritu para Rowan{desc}Rowan dijo que le da igual qué espíritu le encuentre... ¡Qué responsabilidad! ¡Espero poder encontrarle el espíritu perfecto!	Encuéntrale un espíritu a Rowan... ¡Cualquiera!	Intermediárie: Rowan{desc}Rowan disse não ter grandes exigências para seu Espírito! É muita pressão... Espero encontrar um que seja perfeito!	Encontrar um Espírito para Rowan — qualquer Espírito!	媒人：罗文{desc}罗文说，不管我找到什么样的精灵都可以！这让我压力好大……我希望我能找到最完美的那个！	为罗文找一个精灵 - 什么样的都可以！	仲人：ローワン{desc}ローワンは、わたしが見つける精霊ならどのコでもいいって！ すごくプレッシャーだ… ピッタリのコを見つけられますように！	ローワンに精霊を見つける（どの精霊でもOK！）	Духи-компаньоны: Роуэн{desc}Роуэн говорит, что обрадуется любому Духу, которого я найду! Уф, серьезная ответственность... Надеюсь, я смогу подобрать идеальный вариант!	Найди для Роуэна любого Духа!
matchmaker_botanist	spirit	Matchmaker: Ofelia{desc}Ofelia has this superstition that Ice Spirits are lucky, so she wants me to find her one. Any one will do, apparently!	Give Ofelia an Ice Spirit	Partenaire particulier : Ofélia{desc}Ofélia aimerait avoir un esprit de glace, parce qu'elle pense qu'ils portent chance. Apparemment, n'importe quelle espèce fera l'affaire.	Donner un esprit de glace à Ofélia	Geistervermittlung: Ofelia{desc}Ofelia hat diesen Aberglauben, dass Eisgeister Glück bringen sollen, deshalb möchte sie, dass ich einen für sie finde. Welchen, ist ihr egal.	Gib Ofelia einen Eisgeist	Un espíritu para Ofelia{desc}Ofelia cree que los espíritus de hielo dan buena suerte, así que quiere que le encuentre uno. Mientras sea de hielo, ¡le sirve cualquiera!	Dale un espíritu de hielo a Ofelia	Intermediárie: Ofélia{desc}A Ofélia tem essa superstição de que Espíritos do Gelo dão sorte, então ela pediu pra encontrar um desses. Parece que qualquer um serve!	Dar a Ofélia um Espírito do Gelo	媒人：奥菲莉娅{desc}奥菲莉娅有个迷信，她认为冰冻精灵能带来好运，所以她想让我找一个冰冻精灵给她。她说只要是冰冻精灵就行！	给奥菲莉娅一个冰冻精灵	仲人：オフェーリア{desc}オフェーリアは氷の精霊が幸運をもたらすっていう迷信を信じているから、そういうコを見つけてほしがっている。どのコでもいいらしい！	オフェーリアに氷の精霊を渡す	Духи-компаньоны: Офелия{desc}Офелия верит, что Ледяные Духи приносят удачу, поэтому она хочет кого-нибудь из них. Любой подойдет!	Подари Офелии Ледяного Духа
matchmaker_carpenter	spirit	Matchmaker: Paolo{desc}Paolo wants a tree-shaped Spirit to represent their work. Something with "Oak" in the name. Paolo says they won't turn the Spirit into a chair, so I'll just have to trust them...	Give Paolo a tree-shaped Spirit (with "Oak" in the name)	Partenaire particulier : Paolo{desc}Paolo veut un esprit en forme d'arbre pour symboliser son travail, une espèce dont le nom commence par « chên ». Paolo ne compte apparemment pas transformer la pauvre créature en chaise, alors je lui fais confiance...	Donner à Paolo un esprit en forme d'arbre dont le nom commence par « chên »	Geistervermittlung: Paolo{desc}Paolo möchte einen baumartigen Geist, der für Paolos handwerkliches Geschick steht. Etwas mit "Eiche" im Namen. Paolo sagt, dass der Geist auf keinen Fall in einen Stuhl verwandelt wird, also muss ich ihm in diesem Punkt vertrauen ...	Gib Paolo einen baumartigen Geist (mit "Eiche" im Namen)	Un espíritu para Paolo{desc}Paolo quiere un espíritu con forma de árbol, para que represente su trabajo, y que tenga un nombre con la palabra «Oak». Dice que no va a hacer una silla con él, así que supongo que tendré que fiarme de su palabra...	Dale a Paolo un espíritu con forma de árbol (y que tenga un nombre con «Oak»)	Intermediárie: Paolo{desc}Paolo quer um Espírito com formato de árvore para representar o trabalho delu. Algo com "Oak" no nome. Elu prometeu que não vai transformar o Espírito em uma cadeira. Eu vou ter que confiar...	Dar a Paolo um Espírito com formato de árvore (e com "Oak" no nome)	媒人：保罗{desc}保罗想要一个树形精灵来反映自己的职业。名字中有"橡"的。保罗说 TA 不会把精灵变成椅子的，我也只能相信 TA 了……	给保罗一个树形精灵（名字中要带有“橡”字）	仲人：パオロ{desc}パオロは自分の仕事を象徴するような、木の形をした精霊を欲しがっている。名前に「オーク」が入っているとか。パオロはその精霊をイスにしたりしないって言うから、信じるしかない…	パオロに木の形をした精霊を渡す（名前に「オーク」が入っている）	Духи-компаньоны: Паоло{desc}Паоло хочет Духа в форме дерева, как символ его профессии. Что-то со словом "Дуб" в имени. Паоло уверяет, что не будет делать из него стул. Хочется верить...	Подари Паоло Духа в форме дерева (со словом "Дуб" в имени)
matchmaker_professor	spirit	Matchmaker: Zed{desc}I should have known Zed would want a robot Spirit. I think I've seen a few on the Electric islands!	Give Zed an Electric robot-shaped Spirit	Partenaire particulier : Zed{desc}J'aurais dû me douter que Zed voudrait un esprit qui ressemble à un robot. Je crois en avoir vu sur les îles électriques !	Donner à Zed un esprit électrique qui ressemble à un robot	Geistervermittlung: Zed{desc}Ich hätte mir denken können, dass Zed sich einen Robotergeist wünscht. Ich glaube, ich habe einige von ihnen auf den Elektroinseln gesehen.	Gib Zed einen roboterartigen Elektrogeist	Un espíritu para Zed{desc}¡Debí imaginarme que Zed querría un espíritu robot! Creo que he visto uno en las islas eléctricas.	Dale un espíritu eléctrico con forma de robot a Zed	Intermediárie: Zed{desc}Eu já deveria saber que Zed quer um Espírito robô. Acho que vi alguns nas Ilhas Elétricas!	Dar a Zed um Espírito Elétrico com formato de robô	媒人：泽德{desc}我早该知道泽德会想要一个机器人精灵。我应该在电岛上见过几个那样的！	给泽德一个机器人形状的带电精灵	仲人：ゼッド{desc}やっぱりゼッドはロボットの精霊を欲しがってる。雷の島で何体か見たことがある気がする！	ゼッドにロボット型の雷の精霊を渡す	Духи-компаньоны: Зетт{desc}Я мог бы и сам догадаться, что Зетту захочется робота-компаньона. Вроде бы я встречал подобных Духов на электрических островах!	Подари Зетту Электрического роботообразного Духа
matchmaker_historian	spirit	Matchmaker: Cleo{desc}Cleo surprised me by asking for a Dark wolf Spirit. That seems very specific, but I'm just the Spirit Matchmaker, I'm not here to ask questions!	Find Cleo a wolf-like Dark Spirit	Partenaire particulier : Cléo{desc}Je ne m'attendais pas du tout à ce que Cléo me demande un esprit ténébreux qui ressemble à un loup. C'est une description très précise, mais je suis là pour lui donner ce qu'elle veut, pas pour poser des questions.	Trouver un esprit ténébreux qui ressemble à un loup pour Cléo	Geistervermittlung: Cleo{desc}Cleo hat mich überrascht, weil sie mich um einen Dunkelwolfgeist gebeten hat. Das ist sehr ungewöhnlich, aber ich bin nur für die Geistervermittlung zuständig und nicht dafür da, irgendwelche Fragen zu stellen.	Finde für Cleo einen wolfsartigen Dunkelgeist	Un espíritu para Cleo{desc}Menuda sorpresa me llevé cuando Cleo me pidió un espíritu oscuro con forma de lobo. Es una solicitud muy específica, pero mi trabajo es encontrar al acompañante perfecto, ¡no hacer preguntas!	Encuéntrale un espíritu oscuro con forma de lobo a Cleo	Intermediárie: Cléo{desc}A Cléo me surpreendeu ao pedir um Espírito Sombrio meio-lobo. Parece bem específico, mas sou só ê intermediárie de Espíritos, não tô aqui pra fazer perguntas!	Encontrar um Espírito Sombrio meio-lobo para Cléo	媒人：克莉奥{desc}克莉奥出乎意料地要了一个黑狼精灵。这个要求很特别，但我只是个精灵媒人，我不是来问东问西的！	为克莉奥找到一个狼形的黑暗精灵	仲人：クレオ{desc}クレオがオオカミのような闇の精霊を欲しがっているなんて、ビックリ。なにやらかなり具体的だけれど、わたしはただの精霊仲人だから詳しくは聞けない！	クレオにオオカミのような闇の精霊を見つける	Духи-компаньоны: Клео{desc}Клео удивила меня, попросив Темного волка. Странный выбор, конечно, но кто я такой, чтобы задавать вопросы!	Найди для Клео Темного волка
matchmaker_magicman	spirit	Matchmaker: Waldo{desc}Waldo asked if I could find him a Fishbo, so his fish (Fishbo Junior) could have a friend. Or a dad. Or something?	Give Waldo a Fishbo	Partenaire particulier : Waldo{desc}Waldo m'a demandé de lui trouver un bubulle pour que son poisson (Bubulle junior) ait un ami. Ou un père. Je ne sais pas trop, en fait.	Donner un bubulle à Waldo	Geistervermittlung: Waldo{desc}Waldo hat mich gebeten, einen Goldfisch zu finden, damit sein Fisch (Goldfisch Junior) einen Freund hat. Oder Vater. Oder sonst was?	Gib Waldo einen Goldfisch	Un espíritu para Waldo{desc}Waldo me ha pedido que le encuentre un Fishbo para que su pez (Fishbo Pezqueñín) tenga un amiguito. O un padre. O lo que sea.	Dale un Fishbo a Waldo	Intermediárie: Waldo{desc}O Waldo me pediu um Fishbo, assim o peixe dele (Fishbo Junior) terá uma companhia. Ou um pai. Ou sei lá?	Dar a Waldo um Fishbo	媒人：沃尔多{desc}沃尔多问我能否为他找到一条菲什博，这样他的鱼（小菲什博）就能有个伴。或是有个爸爸。或是别的什么？	给沃尔多一条菲什博	仲人：ウォルド{desc}ウォルドにフィッシュボーを見つけてほしいと頼まれた。彼のサカナ（フィッシュボージュニア）の友だち？ パパ？ とかになってもらいたいんだって。	ウォルドにフィッシュボーを渡す	Духи-компаньоны: Валдо{desc}Валдо спросил, не могу ли я найти ему Фишбо, чтобы тот стал другом для его рыбки - Фишбо-младшего. Или отцом? Или что-то в этом роде?	Подари Вальдо Фишбо
																	
																	
concoction1	concoction;sell_concoction;letter	Alchemy Request: Mamus Helpium{desc}Find a concoction in a chest and sell it in a Sell Crate.	Find a Concoction;Sell it in a Sell Crate;Wait for a letter from your mother	Alchimie : mere auxilium{desc}Trouver une préparation dans un coffre et la placer dans une caisse de vente.	Trouver une préparation;La placer dans une caisse de vente;Attendre de recevoir du courrier de maman	Alchemieauftrag: Mater Hilfium{desc}Finde eine Mixtur in einer Truhe und verkaufe sie in einer Verkaufskiste.	Finde eine Mixtur;Verkaufe sie in einer Verkaufskiste;Warte auf einen Brief von deiner Mutter	Alquimia: Mater Ayudium{desc}Encuentra un brebaje en un cofre y véndelo en el cofre de ventas.	Encuentra un brebaje;Mételo en el cofre de ventas;Espera a recibir una carta de tu madre	Alquimia: Mater Ajudium{desc}Encontre uma preparação em um baú e venda na Caixa de Vendas.	Encontrar uma preparação;Vender na Caixa de Vendas;Aguardar por uma carta de sua mãe	魔法请求：芝麻开箱{desc}在箱子里找到一份调制糊糊，然后放到售物箱里卖掉。	找到一份调制糊糊;放入售物箱里卖掉它;等待你母亲的来信	錬金術の依頼：ファーザー・マチガウム{desc}宝箱から調合物を見つけて出荷箱で売ろう。	調合物を見つける;出荷箱に入れる;母親からの手紙を待つ	Алхимический запрос: Мамули Услугус{desc}Найди любую настойку в сундуке и продай её в торговом ящике.	Найди настойку;Помести ее в торговый ящик;Дождись письма от мамы
concoction2	sell_concoction;letter	Alchemy Request: Maustrap Alchemii{desc}Use an Alchemy Lab to craft a concoction with -1 Vitality, +20 Tame, and any amount of Stamina then sell it using a Sell Crate.	Craft the requested Concoction and sell it in a Sell Crate;Wait for a letter from your mother	Alchimie : pedica soricis{desc}Utiliser un labo d'alchimie pour concocter une préparation avec -1 en vigueur, +20 en apprivoisement et n'importe quelle valeur en endurance, puis la placer dans une caisse de vente.	Concocter la préparation demandée et la placer dans une caisse de vente;Attendre de recevoir du courrier de maman	Alchemieauftrag: Mausefallii Alchemii{desc}Nutze ein Alchemielabor, um eine Mixtur mit -1 Vitalität, +20 Zähmen und beliebig viel Ausdauer herzustellen. Verkaufe sie dann in einer Verkaufskiste.	Stelle die verlangte Mixtur her und verkaufe sie in einer Verkaufskiste;Warte auf einen Brief deiner Mutter	Alquimia: Spiritus captionem{desc}Usa el laboratorio de alquimia para elaborar un brebaje con -1 de Vitalidad, +20 de facilidad de doma y cualquier cantidad de resistencia. Después, mételo en el cofre de ventas.	Elabora el brebaje solicitado y mételo en el cofre de ventas;Espera a recibir una carta de tu madre	Alquimia: Alchimia Capturium{desc}Use um laboratório de alquimia para criar uma preparação com -1 de Vitalidade, +20 de Doma, e qualquer quantidade de Resistência e depois venda-a usando a Caixa de Vendas.	Criar a preparação solicitada e vender na Caixa de Vendas;Aguardar por uma carta de sua mãe	魔法请求：捕灵魔法神器{desc}使用魔法实验室制作一份活力 -1、驯服 +20、耐力属性值任意的调制糊糊，然后用售物箱卖掉。	按要求制作调制糊糊，然后在售物箱里卖掉它;等待你母亲的来信	錬金術の依頼：ネズミワナ・アルケミー{desc}錬金術ラボを使ってバイタリティ-1、手なづけ+20、任意のスタミナを持つ調合物を作ったら、出荷箱で売ろう。	頼まれた調合物を作って出荷箱に入れる;母親からの手紙を待つ	Алхимический запрос: Ловушкум Алхимикус{desc}Используй Алхимическую Лабораторию для создания настойки с -1 Живучести, +20 Приручения и любым количеством Выносливости, затем продай её с помощью торгового ящика.	Создай запрошенную настойку и продай ее в торговом ящике;Дождись письма от мамы
concoction3	sell_potion;letter	Alchemy Request: Birthdaeus Giftarium{desc}Use a Cauldron to craft an Abundance Potion then sell it using a Sell Crate.	Craft an Abundance potion and sell it in a Sell Crate;Wait for a letter from your mother	Alchimie : anniversarius donum{desc}Utiliser un chaudron pour préparer une potion d'abondance, puis la placer dans une caisse de vente.	Préparer une potion d'abondance et la placer dans une caisse de vente;Attendre de recevoir du courrier de maman	Alchemieauftrag: Geschenkarium{desc}Nutze einen Kessel, um einen Überflusstrank herzustellen und verkaufe ihn dann in einer Verkaufskiste.	Stelle einen Überflusstrank her und verkaufe ihn in einer Verkaufskiste;Warte auf einen Brief deiner Mutter	Alquimia: Natalis regalatum{desc}Usa un caldero para elaborar una poción de abundancia y véndela en el cofre de ventas.	Elabora una poción de abundancia y métela en el cofre de ventas;Espera a recibir una carta de tu madre	Alquimia: Presenteum Aniversaris{desc}Use um caldeirão para criar uma Poção de Abundância e venda-a na Caixa de Vendas.	Criar uma Poção de Abundância e vender na Caixa de Vendas;Aguardar por uma carta de sua mãe	魔法请求：生日礼物大作战{desc}使用坩埚制作一份丰饶魔法药水并用售物箱卖掉它。	制作一份魔法药水，然后在售物箱里卖掉它;等待你母亲的来信	錬金術の依頼：バースデイ・ギフトリウム{desc}大釜で潤沢ポーションを作って、出荷箱で売ろう。	潤沢ポーションを作って出荷箱に入れる;母親からの手紙を待つ	Алхимический запрос: Подарко Деньрождениус{desc}Используй Котел для создания Эликсира Изобилия, затем продай его с помощью торгового ящика.	Создай Эликсир Изобилия и продай его в торговом ящике;Дождись письма от мамы
concoction4	sell_concoction;letter	Alchemy Request: Provepapa Wrongorum{desc}Use an Alchemy Lab to craft a concoction with 12 power, no other stats, and any amount of Stamina then sell it using a Sell Crate.	Craft the requested Concoction and sell it in a Sell Crate;Wait for a letter from your mother	Alchimie : pater erratum bis{desc}Utiliser un labo d'alchimie pour concocter une préparation avec +12 en puissance, n'importe quelle valeur en endurance et aucun autre attribut, puis la placer dans une caisse de vente.	Concocter la préparation demandée et la placer dans une caisse de vente;Attendre de recevoir du courrier de maman	Alchemieauftrag: Papa Irrtorum{desc}Nutze ein Alchemielabor, um eine Mixtur mit 12 Kraft, keinen anderen Eigenschaften und beliebig viel Ausdauer herzustellen. Verkaufe sie dann in einer Verkaufskiste.	Stelle die verlangte Mixtur her und verkaufe sie in einer Verkaufskiste;Warte auf einen Brief deiner Mutter	Alquimia: Pater probare equivocatum est{desc}Usa un laboratorio de alquimia para elaborar un brebaje con 12 de Vigor, una cantidad cualquiera de resistencia y ningún otro atributo. Luego usa el cofre de ventas para venderlo.	Elabora el brebaje solicitado y mételo en el cofre de ventas;Espera a recibir una carta de tu madre	Alquimia: Papa Errorium DiNovum{desc}Use um laboratório de alquimia para criar uma preparação com 12 de Poder, sem outros atributos, e qualquer quantidade de Resistência e depois venda-a usando a Caixa de Vendas.	Criar a preparação solicitada e vender na Caixa de Vendas;Aguardar por uma carta de sua mãe	魔法请求：父之滑铁卢{desc}使用魔法实验室制作一份具有 12 点能量、但没有其他属性也没有耐力点的调制糊糊，然后用售物箱卖掉。	按要求制作调制糊糊，然后在售物箱里卖掉它;等待你母亲的来信	錬金術の依頼：ファーザー・マタマチガウム{desc}錬金術ラボを使ってパワー12（それ以外のステータスは無し）と任意のスタミナを持つ調合物を作ったら、出荷箱で売ろう。	頼まれた調合物を作って出荷箱に入れる;母親からの手紙を待つ	Алхимический запрос: Папус Неправиум{desc}Используй Алхимическую Лабораторию для создания настойки с +12 Силы, любым количеством Выносливости и без других характеристик. Затем продай его с в торговом ящике.	Создай запрошенную настойку и продай ее в торговом ящике;Дождись письма от мамы
concoction5	sell_potion;sell_concoction;letter	Alchemy Request: Apex Alchimia{desc}Use a Cauldron to Craft a Luck Potion and an Alchemy Lab to craft a concoction with exactly 50 Tame, no other stats, and 30 Stamina. Then sell them in a Sell Crate.	Craft a luck potion and sell it in a sell crate;Craft the requested concoction and sell it in a sell crate;Wait for a letter from your mother	Alchimie : apex alchimia{desc}Utiliser un chaudron pour préparer une potion de chance et un labo d'alchimie pour concocter une préparation avec +50 en apprivoisement, +30 en endurance et aucun autre attribut, puis la placer dans une caisse de vente.	Préparer une potion de chance et la placer dans une caisse de vente;Concocter la préparation demandée et la placer dans une caisse de vente;Attendre de recevoir du courrier de maman	Alchemieauftrag: Apex Alchimia{desc}Nutze einen Kessel, um einen Glückstrank herzustellen, und ein Alchemielabor, um eine Mixtur mit genau 50 Zähmen, keinen anderen Eigenschaften und 30 Ausdauer herzustellen. Verkaufe sie dann in einer Verkaufskiste.	Stelle einen Glückstrank her und verkaufe ihn in einer Verkaufskiste;Stelle die verlangte Mixtur her und verkaufe sie in einer Verkaufskiste;Warte auf einen Brief deiner Mutter	Alquimia: Apex alchemia{desc}Usa un caldero para elaborar una poción de la suerte y un laboratorio de alquimia para preparar un brebaje con 50 de facilidad de doma, 30 de resistencia y ningún otro atributo. Luego vende ambas cosas en el cofre de ventas.	Elabora una poción de la suerte y véndela en el cofre de ventas;Prepara el brebaje solicitado y mételo en el cofre de ventas;Espera a recibir una carta de tu madre	Alquimia: Optimum Alchimia{desc}Use um caldeirão para criar uma Poção da Sorte e o laboratório de alquimia para criar uma preparação com exatos 50 de Doma, sem outros atributos, e 30 de Resistência. Depois venda-as na Caixa de Vendas.	Criar uma Poção da Sorte e vender na Caixa de Vendas;Criar a preparação solicitada e vender na Caixa de Vendas;Aguardar por uma carta de sua mãe	魔法请求：巅峰魔法大师{desc}使用坩埚制作一份幸运魔法药水，然后使用魔法实验室制作一份正好有 50 点驯服、30 点耐力，且没有其他属性的调制糊糊。然后在售物箱里卖掉它们。	制作一份幸运魔法药水，然后在售物箱里卖掉它;按要求制作一份调制糊糊，然后在售物箱里卖掉它;等待你母亲的来信	錬金術の依頼：エイペックス・アルケミア{desc}大釜で幸運ポーションを、錬金術ラボで手なづけ50ピッタリ（それ以外のステータスは無し）とスタミナ30の調合物を作って、出荷箱で売ろう。	幸運ポーションを作って出荷箱に入れる;頼まれた調合物を作って出荷箱に入れる;母親からの手紙を待つ	Алхимический запрос: Алхимико Венециум{desc}Используй Котел для создания Эликсир Удачи и Алхимическую Лабораторию для создания настойки с +50 Приручения, +30 Стамины и без других характеристик. Затем продай их в торговом ящике.	Создай Эликсир Удачи и продай его в торговом ящике;Создай запрошенную настойку и продай ее в торговом ящике;Дождись письма от мамы
																	
rift_party	attend	RIP Rift Party{desc}Everyone's going to gather in the Tavern this Friday to celebrate my heroic achievements! I should join them anytime after 20:00.	Attend the party at the tavern this Friday after 20:00	Fête de fermeture de la faille{desc}Tout le monde va se réunir à la taverne ce vendredi pour célébrer mes exploits. Je peux me joindre à eux à tout moment à partir de 20 heures.	Aller faire la fête à la taverne ce vendredi après 20 heures	RIP Riss-Party{desc}Diesen Freitag versammeln sich alle in der Taverne, um meine heldenhaften Erfolge zu feiern! Ich sollte irgendwann ab 20 Uhr dazustoßen.	Nimm diesen Freitag irgendwann ab 20 Uhr an der Feier in der Taverne teil.	Fiesta de la Grieta{desc}¡Este viernes se va a reunir todo el mundo en la taberna para celebrar mi gestas! ¿Y si yo también me paso por allí después de las 20:00?	Asiste a la fiesta en la taberna este viernes después de las 20:00	Descanse em Paz, Festa da Fenda{desc}Na sexta-feira, vai todo mundo pra Taverna celebrar meus feitos heroicos! Eu devo chegar depois das 20h00.	Vá à festa na Taverna na sexta-feira depois das 20h00.	裂缝安息派对{desc}本周五，为了庆祝我关闭了裂缝，所有人都会在酒馆欢聚一堂！我最好在晚上8点以后加入他们。	本周五晚8点后，参加酒馆的派对	RIP裂け目パーティー{desc}みんなが今週の金曜日に酒場に集まって、わたしの勇敢な功績を祝ってくれる！ 20時以降に行ってみよう。	今週の金曜日の20時以降、酒場でのパーティーに参加しよう	Вечеринка Прощания с Разломом{desc}Все горожане соберутся в таверне в пятницу, чтобы отпраздновать мою триумфальную победу! Вечеринка начинается в 20:00, моё присутствие обязательно!	Посети вечеринку в таверне в пятницу в 20:00
																	
																	
			OBJ_EN	FR	FR_OBJ	DE	DE_OBJ	ES	ES_OBJ	BR	BR_OBJ	CN	CN_OBJ				
cooking_tutorial	cookbook_place;cookingPrepStation;stove;sell_meal	Learning To Cook{desc}Ossono gave me an old cookbook, and asked me to cook one of the recipes! Once I do I should sell it to her at the tavern.	Place Cookbook at home;Craft a Prep station;Craft a Stove;Cook a meal from your Cookbook and sell it to Ossono	Apprentissage de la cuisine{desc}Ossono m'a donné un vieux livre de recettes et m'a demandé de préparer un des plats ! Je pourrai ensuite le lui vendre à la taverne.	Placer le livre de recettes chez toi;Fabriquer une table de préparation;Fabriquer une cuisinière;Préparer un plat du livre de recettes et le vendre à Ossono	Kochen lernen{desc}Ossono hat mir ein altes Kochbuch gegeben und mich gebeten, eines der Rezepte daraus zu kochen, das ich ihr dann in der Taverne verkaufen soll.	Platziere das Kochbuch zu Hause;Baue einen Arbeitstisch;Baue einen Herd;Koch ein Gericht aus deinem Kochbuch und verkaufe es Ossono	Aprende a cocinar{desc}Ossono me ha dado un recetario antiguo y me ha pedido que cocine uno de sus platos. Cuando esté listo, tengo que vendérselo en la taberna.	Coloca el recetario en casa;Fabrica una mesa de preparación;Fabrica una cocina;Prepara uno de los platos del recetario y véndeselo a Ossono	Aprendendo a Cozinhar{desc}Ossono me deu um livro de receitas antigo e me pediu pra fazer uma das receitas! Quando eu terminar, vou vender pra ela na taverna.	Coloque o Livro de Receitas na sua casa;Construa uma Mesa de Preparo;Construa um Fogão;Prepare uma das receitas do Livro de Receitas e venda-a para Ossono	学习烹饪{desc}奥索诺给了我一本旧食谱，让我照着上面的配方烹饪！可以在酒馆里把做好的菜肴卖给她。	在家里放置食谱;制作备料台;制作炉灶;根据食谱进行烹饪，并将做好的菜肴出售给奥索诺	料理の勉強{desc}オソーノから古いレシピ本をもらった。その中の料理を一つ作ってほしいらしい！ 作ったら、酒場にいるオソーノに売りに行こう。	家にレシピ本を置く;下準備コーナーを作る;コンロを作る;レシピ本の料理を一つ作り、オソーノに売る	Учимся готовить{desc}Оссоно дала мне древнюю кулинарную книгу и попросила приготовить один из рецептов! Я могу продать ей готовое блюдо в Таверне.	Помести Кулинарную Книгу у себя в доме;Изготовь Кулинарную Станцию;Изготовь Кухонную Плиту;Приготовь блюдо из книги и продай его Оссоно в Таверне.
cooking_spring	shopkeeper_cook;shopkeeper_gift;artist_cook;artist_gift	Spring Cooking{desc}I need to restore the Donuts and Pasta recipes, cook them, then give them to Rowan and Quill.	Figure out the missing ingredient in Rowan's recipe;Give the correct meal to Rowan;Figure out the missing ingredient in Quill's recipe;Give the correct meal to Quill	Cuisine de printemps{desc}Je dois trouver ce qui manque dans les recettes de donuts et de pâtes, les préparer, puis les donner à Rowan et à Quill.	Trouver l'ingrédient manquant dans la recette de Rowan;Donner le bon plat à Rowan;Trouver l'ingrédient manquant dans la recette de Quill;Donner le bon plat à Quill	Frühlingskochen{desc}Ich muss die Donuts und Pastarezepte wiederherstellen, alles zubereiten und sie Rowan und Quill servieren.	Finde heraus, welche Zutat in Rowans Rezept fehlt;Gib Rowan das berichtigte Gericht;Finde heraus, welche Zutat in Quills Rezept fehlt;Gib Quill das berichtigte Gericht	Cocina de primavera{desc}Tengo que restaurar las recetas de los dónuts y la pasta, cocinarlas y luego dárselas a Rowan y Púo.	Averigua cuál es el ingrediente que falta en la receta de Rowan;Dale el plato correcto a Rowan;Averigua cuál es el ingrediente que falta en la receta de Púo;Dale el plato correcto a Púo	Culinária de Primavera{desc}Preciso recuperar as receitas de Donut e de Macarrão, cozinhá-las e entregá-las pra Rowan e Quill.	Descubra qual é o ingrediente que falta na receita de Rowan;Entregue o prato correto a Rowan;Descubra qual é o ingrediente que falta na receita de Quill;Entregue o prato correto a Quill	春季烹饪{desc}我需要复原甜甜圈和意面的配方，并进行烹饪，然后把菜肴成品交给罗文和奎尔。	找出罗文配方中缺少的食材;把菜肴成品交给罗文;找出奎尔配方中缺少的食材;把菜肴成品交给奎尔	春の料理{desc}ドーナツとパスタのレシピを復元したら、調理してローワンとクイルにあげよう。	ローワンのレシピのわからない材料を突きとめる;ローワンに正しい料理を渡す;クイルのレシピのわからない材料を突きとめる;クイルに正しい料理を渡す	Весенние Блюда{desc}Мне нужно восстановить рецепты пончиков и спагетти, приготовить эти блюда и затем угостить Роуэна и Квилла.	Найди пропущенный ингредиент в рецепте Роуэна;Дай приготовленное блюдо Роуэну;Найди пропущенный ингредиент в рецептe Квилла;Дай приготовленное блюдо Квиллу
cooking_summer	historian_cook;historian_gift;herbalist_cook;herbalist_gift	Summer Cooking{desc}I need to restore the Ramen and Cake recipes, cook them, then give them to Gaiana and Cleo.	Figure out the missing ingredient in Cleo's recipe;Give the correct meal to Cleo;Figure out the missing ingredient in Gaiana's recipe;Give the correct meal to Gaiana	Cuisine d'été{desc}Je dois trouver ce qui manque dans les recettes de ramens et de gâteau, les préparer, puis les donner à Gaïana et à Cléo.	Trouver l'ingrédient manquant dans la recette de Cléo;Donner le bon plat à Cléo;Trouver l'ingrédient manquant dans la recette de Gaïana;Donner le bon plat à Gaïana	Sommerkochen{desc}Ich muss die Ramen- und Kuchenrezepte wiederherstellen, alles zubereiten und sie dann Gaiana und Cleo servieren.	Finde heraus, welche Zutat in Cleos Rezept fehlt;Gib Cleo das berichtigte Gericht;Finde heraus, welche Zutat in Gaianas Rezept fehlt;Gib Gaiana das berichtigte Gericht	Cocina de verano{desc}Tengo que restaurar las recetas del ramen y la tarta, cocinarlas y luego dárselas a Cleo y Gaiana.	Averigua cuál es el ingrediente que falta en la receta de Cleo;Dale el plato correcto a Cleo;Averigua cuál es el ingrediente que falta en la receta de Gaiana;Dale el plato correcto a Gaiana	Culinária de Verão{desc}Preciso recuperar as receitas de Ramen e de Bolo, cozinhá-las e entregá-las pra Gaiana e Cléo.	Descubra qual é o ingrediente que falta na receita de Cléo;Entregue o prato correto a Rowan;Descubra qual é o ingrediente que falta na receita de Gaiana;Entregue o prato correto à Gaiana	夏季烹饪{desc}我需要复原拉面和蛋糕的配方，并进行烹饪，然后把菜肴成品交给盖娅娜和克莉奥。	找出克莉奥配方中缺少的食材;把菜肴成品交给克莉奥;找出盖娅娜配方中缺少的食材;把菜肴成品交给盖娅娜	夏の料理{desc}ラーメンとケーキのレシピを復元したら、調理してガイアナとクレオにあげよう。	クレオのレシピのわからない材料を突きとめる;クレオに正しい料理を渡す;ガイアナのレシピのわからない材料を突きとめる;ガイアナに正しい料理を渡す	Летние Блюда{desc}Мне нужно восстановить рецепты лапши и торта, приготовить эти блюда и затем угостить Гайану и Клео.	Найди пропущенный ингредиент в рецепте Клео;Дай приготовленное блюдо Клео;Найди пропущенный ингредиент в рецептe Гайане;Дай приготовленное блюдо Гайане
cooking_fall	blacksmith_cook;blacksmith_gift;carpenter_cook;carpenter_gift	Fall Cooking{desc}I need to restore the Pie and Soup recipes, cook them, then give them to Paolo and Ferra.	Figure out the missing ingredient in Ferra's recipe;Give the correct meal to Ferra;Figure out the missing ingredient in Paolo's recipe;Give the correct meal to Paolo	Cuisine d'automne{desc}Je dois trouver ce qui manque dans les recettes de tarte et de soupe, les préparer, puis les donner à Paolo et à Ferra.	Trouver l'ingrédient manquant dans la recette de Ferra;Donner le bon plat à Ferra;Trouver l'ingrédient manquant dans la recette de Paolo;Donner le bon plat à Paolo	Herbstkochen{desc}Ich muss die Kuchen- und Suppenrezepte wiederherstellen, alles zubereiten und sie dann Paolo und Ferra servieren.	Finde heraus, welche Zutat in Ferras Rezept fehlt;Gib Ferra das berichtigte Gericht;Finde heraus, welche Zutat in Paolos Rezept fehlt;Gib Paolo das berichtigte Gericht	Cocina de otoño{desc}Tengo que restaurar las recetas del pastel y la sopa, cocinarlas y luego dárselas a Paolo y Ferra.	Averigua cuál es el ingrediente que falta en la receta de Ferra;Dale el plato correcto a Ferra;Averigua cuál es el ingrediente que falta en la receta de Paolo;Dale el plato correcto a Paolo	Culinária de Outono{desc}Preciso recuperar as receitas de Torta e de Sopa, cozinhá-las e entregá-las pra Paolo e Ferra.	Descubra qual é o ingrediente que falta na receita de Ferra;Entregue o prato correto à Ferra;Descubra qual é o ingrediente que falta na receita de Paolo;Entregue o prato correto a Paolo	秋季烹饪{desc}我需要复原馅饼和汤的配方，并进行烹饪，然后把菜肴成品交给保罗和费拉。	找出费拉配方中缺少的食材;把菜肴成品交给费拉;找出保罗配方中缺少的食材;把菜肴成品交给保罗	秋の料理{desc}パイとスープのレシピを復元したら、調理してパオロとフェラーにあげよう。	フェラーのレシピのわからない材料を突きとめる;フェラーに正しい料理を渡す;パオロのレシピのわからない材料を突きとめる;パオロに正しい料理を渡す	Осенние Блюда{desc}Мне нужно восстановить рецепты супа и пирога, приготовить эти блюда и затем угостить Ферру и Паоло.	Найди пропущенный ингредиент в рецепте Ферры;Дай приготовленное блюдо Ферре;Найди пропущенный ингредиент в рецептe Паоло;Дай приготовленное блюдо Паоло
cooking_winter	magicman_cook;magicman_gift;botanist_cook;botanist_gift	Winter Cooking{desc}I need to restore the Bread and Pointy Food (whatever that is) recipes, cook them, then give them to Ofelia and Waldo.	Figure out the missing ingredient in Waldo's recipe;Give the correct meal to Waldo;Figure out the missing ingredient in Ofelia's recipe;Give the correct meal to Ofelia	Cuisine d'hiver{desc}Je dois trouver ce qui manque dans les recettes de pain et de nourriture pointue (quoi que ça puisse bien être), les préparer, puis les donner à Ofélia et à Waldo.	Trouver l'ingrédient manquant dans la recette de Waldo;Donner le bon plat à Waldo;Trouver l'ingrédient manquant dans la recette d'Ofélia;Donner le bon plat à Ofélia	Winterkochen{desc}Ich muss die Rezepte für Brot und spitze Gerichte (was immer das ist) wiederherstellen, alles zubereiten und sie dann Ofelia und Waldo servieren.	Finde heraus, welche Zutat in Waldos Rezept fehlt;Gib Waldo das berichtigte Gericht;Finde heraus, welche Zutat in Ofelias Rezept fehlt;Gib Ofelia das berichtigte Gericht	Cocina de invierno{desc}Tengo que restaurar las recetas del pan y la comida puntiaguda (sea lo que sea eso), cocinarlas y luego dárselas a Ofelia y Waldo.	Averigua cuál es el ingrediente que falta en la receta de Waldo;Dale el plato correcto a Waldo;Averigua cuál es el ingrediente que falta en la receta de Ofelia;Dale el plato correcto a Ofelia	Culinária de Inverno{desc}Preciso recuperar as receitas de Pão e de Comida Pontuda (o que quer que seja), cozinhá-las e entregá-las pra Ofélia e Waldo.	Descubra qual é o ingrediente que falta na receita de Waldo;Entregue o prato correto a Waldo;Descubra qual é o ingrediente que falta na receita de Ofélia;Entregue o prato correto à Ofélia	冬季烹饪{desc}我需要复原面包和“尖尖的食物”（管他是什么）的配方，并进行烹饪，然后把菜肴成品交给奥菲莉娅和沃尔多。	找出沃尔多配方中缺少的食材;把菜肴成品交给沃尔多;找出奥菲莉娅配方中缺少的食材;把菜肴成品交给奥菲莉娅	冬の料理{desc}パンと、尖った食べ物（何かわからないけど…）のレシピを復元したら、調理してオフェーリアとウェルドにあげよう。	ウォルドのレシピのわからない材料を突きとめる;ウォルドに正しい料理を渡す;オフェーリアのレシピのわからない材料を突きとめる;オフェーリアに正しい料理を渡す	Зимние Блюда{desc}Мне нужно восстановить рецепты хлеба и "колючей еды", приготовить эти блюда и затем угостить Офелию и Валдо.	Найди пропущенный ингредиент в рецепте Валдо;Дай приготовленное блюдо Валдо;Найди пропущенный ингредиент в рецептe Офелии;Дай приготовленное блюдо Офелии
cooking_fish	fisherman_cook;fisherman_gift;professor_cook;professor_gift	Ocean Cooking{desc}I need to restore the fishy recipes, cook them, then give them to Zed and Tobin.	Figure out the missing ingredient in Tobin's recipe;Give the correct meal to Tobin;Figure out the missing ingredient in Zed's recipe;Give the correct meal to Zed	Cuisine de l'océan{desc}Je dois trouver ce qui manque dans les recettes à base de poisson, les préparer, puis les donner à Zed et à Tobin.	Trouver l'ingrédient manquant dans la recette de Tobin;Donner le bon plat à Tobin;Trouver l'ingrédient manquant dans la recette de Zed;Donner le bon plat à Zed	Meereskochen{desc}Ich muss die Fischrezepte wiederherstellen, alles zubereiten und sie dann Zed und Tobin servieren.	Finde heraus, welche Zutat in Tobins Rezept fehlt;Gib Tobin das berichtigte Gericht;Finde heraus, welche Zutat in Zeds Rezept fehlt;Gib Zed das berichtigte Gericht	Cocina de mar{desc}Tengo que restaurar las recetas de pescado, cocinarlas y luego dárselas a Tobin y Zed.	Averigua cuál es el ingrediente que falta en la receta de Waldo;Dale el plato correcto a Waldo;Averigua cuál es el ingrediente que falta en la receta de Ofelia;Dale el plato correcto a Ofelia	Culinária Marítima{desc}Preciso recuperar as receitas de peixe, cozinhá-las e entregá-las pra Zed e Tobin.	Descubra qual é o ingrediente que falta na receita de Waldo;Entregue o prato correto a Waldo;Descubra qual é o ingrediente que falta na receita de Ofélia;Entregue o prato correto à Ofélia	海洋烹饪{desc}我需要复原鱼料理的配方，并进行烹饪，然后把菜肴成品交给泽德和托宾。	找出托宾配方中缺少的食材;把菜肴成品交给托宾;找出泽德配方中缺少的食材;把菜肴成品交给泽德	海の料理{desc}サカナのレシピを復元したら、調理してゼッドとトービンにあげよう。	トービンのレシピのわからない材料を突きとめる;トービンに正しい料理を渡す;ゼッドのレシピのわからない材料を突きとめる;ゼッドに正しい料理を渡す	Морские Блюда{desc}Мне нужно восстановить рыбные рецепты, приготовить эти блюда и затем угостить Зетта и Тобина.	Найди пропущенный ингредиент в рецепте Тобина;Дай приготовленное блюдо Тобину;Найди пропущенный ингредиент в рецептe Зетта;Дай приготовленное блюдо Зетту
																	
																	
																	
																	
festival_year1	attend	Happy New Year!{desc}Everyone's going to gather in the mountain cave to the North of town to celebrate the New Year. I should join them before it kicks off at 20:00!	Attend the festival in the cave on Moonstone Mountain at 20:00	Bonne année !{desc}Tout le monde va se retrouver dans la grotte de la montagne, au nord de l'île, pour fêter le Nouvel An. Je ferais mieux de me joindre à eux avant le début des festivités à 20 heures.	Participer à la fête dans la grotte de la montagne de l'île à 20 heures.	Frohes neues Jahr!{desc}Alle treffen sich in der Berghöhle im Norden der Stadt, um das neue Jahr zu feiern. Ich sollte bei ihnen sein, bevor es um 20 Uhr losgeht!	Nimm am Fest in der Höhle am Mondsteinberg um 20 Uhr teil	¡Feliz Año Nuevo!{desc}Van a hacer una fiesta de Nochevieja en la cueva de la montaña que hay al norte del pueblo ¡y va a ir todo el mundo! Tengo que llegar antes de que empiece la celebración a las 20:00.	Asiste al festival en la cueva de la montaña Lunapétrea a las 20:00	Feliz Ano Novo!{desc}Tomo mundo vai se encontrar na caverna da montanha ao norte da cidade para celebrar o novo ano. Devo chegar lá antes das 20h00!	Comparecer ao festival na caverna na Montanha Selenita às 20h00	新年快乐！{desc}大家都要聚集在镇上北部的山洞里庆祝新年。庆祝活动将于 20:00 开始，我应该在开始前赶去加入他们！	参加 20:00 在月石山洞里举行的节日活动	あけましておめでとう！{desc}新年のお祝いをするために、みんなが町の北にある山の洞窟に集まるはず。20時に始まっちゃう前に参加しよう！	20時、ムーンストーン山の洞窟でお祭りに参加する	С Новым Годом!{desc}Все жители соберутся в горной пещере к северу от города, чтобы отпраздновать Новый Год. Я должен присоединиться к ним после 20:00!	Посети фестиваль в пещере на Горе Лунного Камня в 20:00
festival_year2	attend	{string:q_festival_year1}	{string:q_festival_year1_attend}														
festival_year3	attend	{string:q_festival_year1}	{string:q_festival_year1_attend}														
festival_year4	attend	{string:q_festival_year1}	{string:q_festival_year1_attend}														
festival_year5	attend	{string:q_festival_year1}	{string:q_festival_year1_attend}														
festival_year6	attend	{string:q_festival_year1}	{string:q_festival_year1_attend}														
festival_year7	attend	{string:q_festival_year1}	{string:q_festival_year1_attend}														
festival_year8	attend	{string:q_festival_year1}	{string:q_festival_year1_attend}														
festival_year9	attend	{string:q_festival_year1}	{string:q_festival_year1_attend}														
festival_year10	attend	{string:q_festival_year1}	{string:q_festival_year1_attend}														
																	
																	
festival_spring_year1	attend	Spring Spirit Festival{desc}The town is having a festival at the hot spring to celebrate the ancient Spirits of the Old Kingdom. It starts at 20:00 on Spring 21... and I need some kind of offering to bring to the Spirits!	Attend the spring festival at the hot spring	Festival du printemps{desc}Le village organise un festival à la source chaude, en l'honneur des esprits antiques de l'ancien royaume. Il commencera à 20 heures, le 21e jour du printemps... et je dois absolument préparer une offrande adéquate pour le grand esprit !	Participer au festival du printemps à la source chaude	Fest des Frühlingsgeists{desc}In der Stadt findet an der Heißquelle ein Fest statt, um die alten Geister des alten Königreichs zu feiern. Es beginnt um 20 Uhr, am 21. Frühling ... und ich brauche ein Opfer, das ich den Geistern bringe!	Nimm am Fest des Frühlingsgeists an der Heißquelle teil.	Festival del Espíritu Termal{desc}El pueblo celebra un festival en las fuentes termales en honor a los antiguos espíritus del viejo reino. Empieza el día 21 de primavera a las 20:00... ¡Y tengo que llevar una ofrenda!	Asiste al Festival del Espíritu Termal en las fuentes termales.	Festival do Espírito da Primavera{desc}No dia 21 da primavera, a partir das 20h00, vai acontecer um festival na fonte termal pra celebrar os Espíritos do Reino Antigo, e eu preciso levar uma oferenda pros Espíritos!	Vá ao Festival do Espírito da Primavera na fonte termal	春季精灵庆典{desc}镇上正在温泉举办一场庆典，赞颂旧王国的远古精灵。庆典会在春季 21 日 20:00 开始……我需要制作一些贡品，送给精灵！	在温泉参加春季精灵庆典	春の精霊祭り{desc}いにしえの王国の古代の精霊を記念して、温泉でお祭りが開かれる。春の21日の20時から開始だ… 精霊への贈り物を何か持って行かないと！	温泉で春の精霊祭りに参加する	Фестиваль Духа Весны{desc}Наш город празднует фестиваль на горячем источнике, посвящённый Древним Духам Старого Королевства. Начало в 20:00 в 21й день Весны... и мне нужно будет принести какие-нибудь дары для подношения!	Посети Фестиваль Духа Весны на горячем источнике.
festival_spring_year2	attend	{string:q_festival_spring_year1}	{string:q_festival_spring_year1_attend}														
festival_spring_year3	attend	{string:q_festival_spring_year1}	{string:q_festival_spring_year1_attend}														
festival_spring_year4	attend	{string:q_festival_spring_year1}	{string:q_festival_spring_year1_attend}														
festival_spring_year5	attend	{string:q_festival_spring_year1}	{string:q_festival_spring_year1_attend}														
festival_spring_year6	attend	{string:q_festival_spring_year1}	{string:q_festival_spring_year1_attend}														
festival_spring_year7	attend	{string:q_festival_spring_year1}	{string:q_festival_spring_year1_attend}														
festival_spring_year8	attend	{string:q_festival_spring_year1}	{string:q_festival_spring_year1_attend}														
festival_spring_year9	attend	{string:q_festival_spring_year1}	{string:q_festival_spring_year1_attend}														
festival_spring_year10	attend	{string:q_festival_spring_year1}	{string:q_festival_spring_year1_attend}														
																	
festival_summer_year1	attend	Summer Spirit Festival{desc}We're going to watch the meteor shower from the Moonstone Island beach! The shower starts at 20:00 on Summer 21. I should attend!	Attend the summer festival at the beachside dock	Festival lunaire{desc}On va admirer la pluie de météores tous ensemble sur la plage de l'île de la Pierre de lune ! Elle commencera à 20 heures, le 21e jour de l'été. Je ne peux pas rater ça !	Participer au festival lunaire sur le ponton de la plage	Mondfest{desc}Wir werden uns den Meteorschauer vom Strand der Mondsteininsel aus ansehen! Der Schauer beginnt um 20 Uhr, am 21. Sommer. Ich sollte teilnehmen!	Nimm am Strandsteg am Mondfest teil	Festival Lunar{desc}¡Vamos a ver la lluvia de estrellas desde la playa de Isla Lunapétrea! Empezará el día 21 de verano a las 20:00, ¡no me lo puedo perder!	Asiste al Festival Lunar en el muelle de la playa	Festival Lunar{desc}No dia 21 do verão, a partir das 20h00, vai ter uma chuva de meteoros na praia da Ilha das Selenitas. Seria bom se eu fosse!	Vá ao Festival Lunar nas docas	月之庆典{desc}我们要去月石岛海滩看流星雨！流星雨会在夏季 21 日 20:00 开始。我应该参加！	在温泉参加春季精灵庆典	月の祭り{desc}ムーンストーン島の浜辺で流星群を見よう！ 夏の21日の20時に始まるから参加しないと！	浜辺の桟橋で月の祭りに参加する	Лунный Фестиваль{desc}Мы все соберемся на пляже Острова Лунного Камня, чтобы наблюдать метеоритный дождь! Звездопад начинается в 20:00 на 21й день Лета. Мне нужно пойти!	Посети Лунный Фестиваль на пирсе возле пляжа
festival_summer_year2	attend	{string:q_festival_summer_year1}	{string:q_festival_summer_year1_attend}														
festival_summer_year3	attend	{string:q_festival_summer_year1}	{string:q_festival_summer_year1_attend}														
festival_summer_year4	attend	{string:q_festival_summer_year1}	{string:q_festival_summer_year1_attend}														
festival_summer_year5	attend	{string:q_festival_summer_year1}	{string:q_festival_summer_year1_attend}														
festival_summer_year6	attend	{string:q_festival_summer_year1}	{string:q_festival_summer_year1_attend}														
festival_summer_year7	attend	{string:q_festival_summer_year1}	{string:q_festival_summer_year1_attend}														
festival_summer_year8	attend	{string:q_festival_summer_year1}	{string:q_festival_summer_year1_attend}														
festival_summer_year9	attend	{string:q_festival_summer_year1}	{string:q_festival_summer_year1_attend}														
festival_summer_year10	attend	{string:q_festival_summer_year1}	{string:q_festival_summer_year1_attend}														
																	
festival_fall_year1	attend	Cooking Festival{desc}The Cooking Festival is coming up at 20:00 on Fall 21. Everyone is going to prepare a meal to be judged by a food critic! I should think about what I want to bring...	Attend the Cooking Festival in the town square	Festival culinaire{desc}L'événement commencera à 20 heures, le 21e jour de l'automne. Chaque participant devra soumettre un plat personnel à une grande critique culinaire. J'ai intérêt à bien choisir ma recette...	Participer au festival culinaire sur la place du village	Kochfest{desc}Das Kochfest steht am 21. Herbst um 20 Uhr an. Alle werden ein Gericht vorbereiten, das dann von einer Essenskritikerin bewertet wird! Ich sollte mir überlegen, was ich mitbringe ...	Nimm am Kochfest auf dem Marktplatz teil.	Festival de Cocina{desc}El festival de cocina se celebra el día 21 de otoño a las 20:00. Todos los vecinos van a preparar un plato para que lo valore la crítica culinaria. Tengo que pensar qué voy a llevar yo...	Asiste al Festival de Cocina en la plaza del pueblo	Festival de Culinária{desc}No dia 21 do outono, a partir das 20h00, vai acontecer o Festival de Culinária. Todo mundo vai fazer um prato pra ser julgado por uma crítica gastronômica! É melhor eu pensar em algo pra levar...	Vá ao Festival de Culinária na praça da cidade	烹饪庆典{desc}烹饪节将于秋季 21 日 20:00 开始。每个人都要准备一道菜肴，接受美食评论家的点评！我应该想想自己要带什么……	参加在城镇广场举行的烹饪庆典	料理祭{desc}料理祭は秋の21日の20時に開催予定。みんなが料理を準備して、料理評論家にジャッジしてもらう！ 何を持って行くか考えておこう…	町の広場で料理祭に参加する	Кулинарный фестиваль{desc}Кулинарный фестиваль начинается в 20:00 на 21й день Осени. Каждый житель собирается приготовить особые блюда, которые будут оцениваться кулинарным критиком! Мне нужно подумать, какое блюдо принести на конкурс...	Посети Кулинарный фестиваль на городской площади.
festival_fall_year2	attend	{string:q_festival_fall_year1}	{string:q_festival_fall_year1_attend}														
festival_fall_year3	attend	{string:q_festival_fall_year1}	{string:q_festival_fall_year1_attend}														
festival_fall_year4	attend	{string:q_festival_fall_year1}	{string:q_festival_fall_year1_attend}														
festival_fall_year5	attend	{string:q_festival_fall_year1}	{string:q_festival_fall_year1_attend}														
festival_fall_year6	attend	{string:q_festival_fall_year1}	{string:q_festival_fall_year1_attend}														
festival_fall_year7	attend	{string:q_festival_fall_year1}	{string:q_festival_fall_year1_attend}														
festival_fall_year8	attend	{string:q_festival_fall_year1}	{string:q_festival_fall_year1_attend}														
festival_fall_year9	attend	{string:q_festival_fall_year1}	{string:q_festival_fall_year1_attend}														
festival_fall_year10	attend	{string:q_festival_fall_year1}	{string:q_festival_fall_year1_attend}														
																	
																	
																	
																	

