	EN	COMMENTS	FR	DE	ES	BR	CN	JP	RU
	GENERAL / CONTROL HINTS								
moonstone_island	Moonstone^Island		Île de la^Pierre de lune	Moonstone^Island	Moonstone^Island	Ilha^das Selenitas	月石^岛	Moonstone^Island	Остров Лунного Камня
loading	Loading....		Chargement...	Lädt ...	Cargando...	Carregando....	正在加载……	ロード中…	Загрузка....
save_successful	Save successful		Sauvegarde réussie	Speichern erfolgreich	Se ha guardado correctamente.	Salvo com sucesso	保存成功	セーブ完了	Сохранено успешно
dungeon_cleared	Dungeon Cleared!		Donjon terminé !	Verlies abgeschlossen!	¡Mazmorra despejada!	Masmorra concluída!	地下城已通关！	ダンジョンクリア！	Подземелье исследовано!
									
time_sun_short	Sun		Dim	So	Dom.	Dom	周日	日	Вс.
time_mon_short	Mon		Lun	Mo	Lun.	Seg	周一	月	Пн.
time_tue_short	Tue		Mar	Di	Mar.	Ter	周二	火	Вт.
time_wed_short	Wed		Mer	Mi	Miérc.	Qua	周三	水	Ср.
time_thu_short	Thu		Jeu	Do	Juev.	Qui	周四	木	Чт.
time_fri_short	Fri		Ven	Fr	Vier.	Sex	周五	金	Пт.
time_sat_short	Sat		Sam	Sa	Sáb.	Sab	周六	土	Сб.
time_sun	Sunday		Dimanche	Sonntag	Domingo	Domingo	星期日	日曜日	Воскресенье
time_mon	Monday		Lundi	Montag	Lunes	Segunda	星期一	月曜日	Понедельник
time_tue	Tuesday		Mardi	Dienstag	Martes	Terça	星期二	火曜日	Вторник
time_wed	Wednesday		Mercredi	Mittwoch	Miércoles	Quarta	星期三	水曜日	Среда
time_thu	Thursday		Jeudi	Donnerstag	Jueves	Quinta	星期四	木曜日	Четверг
time_fri	Friday		Vendredi	Freitag	Viernes	Sexta	星期五	金曜日	Пятница
time_sat	Saturday		Samedi	Samstag	Sábado	Sábado	星期六	土曜日	Суббота
time_spring	Spring		Printemps	Frühling	Primavera	Primavera	春	春	Весна
time_summer	Summer		Été	Sommer	Verano	Verão	夏	夏	Лето
time_fall	Fall		Automne	Herbst	Otoño	Outono	秋	秋	Осень
time_winter	Winter		Hiver	Winter	Invierno	Inverno	冬	冬	Зима
time_year	Year		Année	Jahr	Año	Ano	年	年	Год
									
									
currency_short	coins		pièces	Münzen	monedas	moedas	钱币	コイン	монет
									
inventory_seed_harvest	{season}: {days} days to harvest	May not be used in other languages	{season} : {days} jours avant récolte	{season}: {days} Tage bis Ernte	{season}: {days} para cosechar	{season}: {days} dias até a colheita	{season}：有 {days} 天可进行收割	{season}: {days}日で収穫	{season}: {days} дней до сбора урожая
inventory_lure	Lures equipped:		Hameçons équipés :	Köder ausgerüstet:	Cebos equipados:	Iscas equipadas:	配备鱼饵：	装備中のルアー：	Приманки активны:
inventory_contains	Contains:		Contenu :	Enthält:	Contiene:	Contém:	包含：	中身：	Содержит:
inventory_placeable_any	Can be placed on any surface.		Placement possible sur n'importe quelle surface.	Kann auf jeder Oberfläche platziert werden.	Se puede colocar en cualquier superficie.	Pode colocar em qualquer superfície.	可以放置在任何表面上。	どこにでも設置できます。	Можно разместить на любой поверхности.
inventory_placeable_walls	Can be placed on walls.		À placer sur les murs.	Kann an Wänden platziert werden.	Se puede colocar en las paredes.	Pode colocar em paredes.	可以放置在墙上。	壁に設置できます。	Можно разместить на стенах.
inventory_placeable_floor	Can be placed on the floor.		À placer au sol.	Kann auf dem Boden platziert werden.	Se puede colocar en el suelo.	Pode colocar no chão.	可以放在地板上。	床に設置できます。	Можно разместить на полу.
inventory_placeable_barn	Can be placed in the Spirit Barn.		À placer dans l'abri à esprits.	Kann in der Geisterscheune platziert werden.	Se puede colocar en el establo para espíritus.	Pode colocar na Morada dos Espíritos.	可以放置在精灵棚中。	精霊の小屋に設置できます。	Можно разместить в Амбаре.
									
reaction_perfect	Perfect!		Parfait !	Perfekt!	¡Perfecto!	Perfeito!	完美！	カンペキ！	Идеально!
									
temple_spring	Spring Temple		Temple du printemps	Frühlingstempel	Templo Primaveral	Templo da Primavera	春神庙	春の寺院	Храм Весны
temple_summer	Summer Temple		Temple de l'été	Sommertempel	Templo Veraniego	Templo do Verão	夏神庙	夏の寺院	Храм Лета
temple_fall	Fall Temple		Temple de l'automne	Herbsttempel	Templo Otoñal	Templo do Outono	秋神庙	秋の寺院	Храм Осени
temple_winter	Winter Temple		Temple de l'hiver	Wintertempel	Templo Invernal	Templo do Inverno	冬神庙	冬の寺院	Храм Зимы
									
	SHOP NAMES		NOM DES BOUTIQUES	LÄDEN	NOMBRES DE LAS TIENDAS	NOMES DAS LOJAS	商店名称	ショップ名	
shop_smithy	Smithy		Forge	Schmiede	Herrería	Ferraria	铁匠铺	鍛冶屋	Кузница
shop_tavern	Tavern		Taverne	Taverne	Taberna	Taverna	酒馆	酒場	Таверна
shop_fishingshop	Fishing Shop		Boutique de pêche	Angelladen	Tienda de pesca	Loja de Pesca	钓鱼店	釣り道具店	Рыболовный магазин
shop_conservatory	Conservatory		Jardinerie	Gewächshaus	Invernadero	Conservatório	温室	温室	Оранжерея
shop_sciencecenter	Science Center		Labo	Forschungszentrum	Centro científico	Centro de Ciências	科学中心	科学センター	Научный центр
shop_generalstore	General Store		Supérette	Krämerladen	Tienda	Armazém Geral	杂货店	雑貨店	Лавка
shop_workshop	Workshop		Atelier	Werkstatt	Taller	Oficina	工作坊	工房	Мастерская
									
hint_inventory_use	{key=ConfirmUI, mouse=RB} Use		{key=ConfirmUI, mouse=RB} Utiliser	{key=ConfirmUI, mouse=RB} Benutzen	{key=ConfirmUI, mouse=RB} Usar	{key=ConfirmUI, mouse=RB} Usar	{key=ConfirmUI, mouse=RB} 使用	{key=ConfirmUI, mouse=RB} 使用	{key=ConfirmUI, mouse=RB} Использовать
hint_inventory_gift	{key=ConfirmUI, mouse=RB} Gift		{key=ConfirmUI, mouse=RB} Offrir	{key=ConfirmUI, mouse=RB} Schenken	{key=ConfirmUI, mouse=RB} Regalar	{key=ConfirmUI, mouse=RB} Presentear	{key=ConfirmUI, mouse=RB} 赠送	{key=ConfirmUI, mouse=RB} プレゼント	{key=ConfirmUI, mouse=RB} Подарить
hint_inventory_offer	{key=ConfirmUI, mouse=RB} Offer		{key=ConfirmUI, mouse=RB} Offrir	{key=ConfirmUI, mouse=RB} Anbieten	{key=ConfirmUI, mouse=RB} Ofrecer	{key=ConfirmUI, mouse=RB} Oferecer	{key=ConfirmUI, mouse=RB} 上供	{key=ConfirmUI, mouse=RB} 提供	{key=ConfirmUI, mouse=RB} Пожертвовать
hint_inventory_sell	{key=ConfirmUI, mouse=RB} Sell		{key=ConfirmUI, mouse=RB} Vendre	{key=ConfirmUI, mouse=RB} Verkaufen	{key=ConfirmUI, mouse=RB} Vender	{key=ConfirmUI, mouse=RB} Vender	{key=ConfirmUI, mouse=RB} 出售	{key=ConfirmUI, mouse=RB} 売却	{key=ConfirmUI, mouse=RB} Продать
hint_inventory_transfer	{key=ConfirmUI, mouse=RB} Transfer; {key=Shift} Hold to transfer stack		{key=ConfirmUI, mouse=RB} Transférer;{key=Shift} Maintenir pour transférer le tout	{key=ConfirmUI, mouse=RB} Transferieren; {key=Shift} Halten, um Stapel zu transferieren	{key=ConfirmUI, mouse=RB} Transferir; {key=Shift} Mantén pulsado para transferir el montón	{key=ConfirmUI, mouse=RB} Transferir; {key=Shift} Segure para transferir a pilha	{key=ConfirmUI, mouse=RB} 转移; {key=Shift} 长按以转移物品堆	{key=ConfirmUI, mouse=RB} 移す; {key=Shift} スタックを移動する	{key=ConfirmUI, mouse=RB} Перенести; {key=Shift} (удерж.) Перенести стопку
hint_inventory_transfer_gamepad	{key=ConfirmUI} Transfer; {gamepad_only=LT_A} Transfer stack		{key=ConfirmUI} Transférer; {gamepad_only=LT_A} Transférer le tout	{key=ConfirmUI} Transferieren; {gamepad_only=LT_A} Stapel transferieren	{key=ConfirmUI} Transferir; {gamepad_only=LT_A} Transferir el montón	{key=ConfirmUI} Transferir; {gamepad_only=LT_A} Transferir a pilha	{key=ConfirmUI} 转移; {gamepad_only=LT_A} 转移物品堆	{key=ConfirmUI} 移す; {gamepad_only=LT_A} スタックを移動する	{key=ConfirmUI} Перенести; {gamepad_only=LT_A} Перенести стопку
hint_inventory_transfer_single	{key=ConfirmUI, mouse=RB} Transfer		{key=ConfirmUI, mouse=RB} Transférer	{key=ConfirmUI, mouse=RB} Transferieren	{key=ConfirmUI, mouse=RB} Transferir	{key=ConfirmUI, mouse=RB} Transferir	{key=ConfirmUI, mouse=RB} 转移	{key=ConfirmUI, mouse=RB} 移す	{key=ConfirmUI, mouse=RB} Перенести
hint_inventory_transfer_single_gamepad	{key=ConfirmUI} Transfer		{key=ConfirmUI} Transférer	{key=ConfirmUI} Transferieren	{key=ConfirmUI} Transferir	{key=ConfirmUI} Transferir	{key=ConfirmUI} 转移	{key=ConfirmUI} 移す	{key=ConfirmUI} Перенести
hint_inventory_quick_stack	{key=InventoryQuickStack} Quick stack		{key=InventoryQuickStack} Accumulation rapide	{key=InventoryQuickStack} Schnellstapeln	{key=InventoryQuickStack} Amontonar	{key=InventoryQuickStack} Empilhamento rápido	{key=InventoryQuickStack} 快速叠加	{key=InventoryQuickStack} クイック在庫移動	{key=InventoryQuickStack} Пополнить
									
									
	// These hints are appended to the above 6								
hint_inventory_default	{key=none, mouse=LB} Drag item; {key=InventorySplit} Split; {key=InventorySort} Sort; {key=Esc} Exit		{key=none, mouse=LB} Déplacer l'objet; {key=InventorySplit} Diviser; {key=InventorySort} Trier; {key=Esc} Quitter	{key=none, mouse=LB} Gegenstand bewegen; {key=InventorySplit} Teilen; {key=InventorySort} Sortieren; {key=Esc} Verlassen	{key=none, mouse=LB} Mover objeto; {key=InventorySplit} Dividir; {key=InventorySort} Ordenar; {key=Esc} Salir	{key=none, mouse=LB} Mover item; {key=InventorySplit} Dividir; {key=InventorySort} Ordenar; {key=Esc} Sair	{key=none, mouse=LB} 移动物品; {key=InventorySplit} 分开; {key=InventorySort} 排序; {key=Esc} 退出	{key=none, mouse=LB} アイテム移動; {key=InventorySplit} 分割; {key=InventorySort} ソート; {key=Esc} 終了	{key=none, mouse=LB} Перетащить; {key=InventorySplit} Разделить; {key=InventorySort} Сортировать; {key=Esc} Выход
hint_inventory_default_gamepad	{key=Shift, mouse=LB} Drag item; {key=InventorySplit} Split; {key=InventorySort} Sort; {key=Esc} Exit		{key=Shift, mouse=LB} Déplacer l'objet; {key=InventorySplit} Diviser; {key=InventorySort} Trier; {key=Esc} Quitter	{key=Shift, mouse=LB} Gegenstand bewegen; {key=InventorySplit} Teilen; {key=InventorySort} Sortieren; {key=Esc} Verlassen	{key=Shift, mouse=LB} Mover objeto; {key=InventorySplit} Dividir; {key=InventorySort} Ordenar; {key=Esc} Salir	{key=Shift, mouse=LB} Mover item; {key=InventorySplit} Dividir; {key=InventorySort} Ordenar; {key=Esc} Sair	{key=Shift, mouse=LB} 移动物品; {key=InventorySplit} 分开; {key=InventorySort} 排序; {key=Esc} 退出	{key=Shift, mouse=LB} アイテム移動; {key=InventorySplit} 分割; {key=InventorySort} ソート; {key=Esc} 終了	{key=Shift, mouse=LB} Перетащить; {key=InventorySplit} Разделить; {key=InventorySort} Сортировать; {key=Esc} Выход
									
									
hint_crafting_craft	{key=ConfirmUI, mouse=LB} Craft; {key=Esc} Exit		{key=ConfirmUI, mouse=LB} Fabriquer; {key=Esc} Quitter	{key=ConfirmUI, mouse=LB} Herstellen; {key=Esc} Verlassen	{key=ConfirmUI, mouse=LB} Fabricar; {key=Esc} Salir	{key=ConfirmUI, mouse=LB} Criar; {key=Esc} Sair	{key=ConfirmUI, mouse=LB} 制作; {key=Esc} 退出	{key=ConfirmUI, mouse=LB} 作成; {key=Esc} 終了	{key=ConfirmUI, mouse=LB} Изготовить; {key=Esc} Выход
hint_crafting_start	{key=ConfirmUI, mouse=LB} Start; {key=Esc} Exit		{key=ConfirmUI, mouse=LB} Commencer; {key=Esc} Quitter	{key=ConfirmUI, mouse=LB} Starten; {key=Esc} Verlassen	{key=ConfirmUI, mouse=LB} Comenzar; {key=Esc} Salir	{key=ConfirmUI, mouse=LB} Iniciar; {key=Esc} Sair	{key=ConfirmUI, mouse=LB} 开始; {key=Esc} 退出	{key=ConfirmUI, mouse=LB} 開始; {key=Esc} 終了	{key=ConfirmUI, mouse=LB} Начать; {key=Esc} Выход
									
UNUSEDhint_crafting_alchemylab_gamepad	{key=ConfirmUI} Transfer; {gamepad_only=RT} Drag item;  {key=InventorySplit} Split; {key=InventorySort} Sort; {key=Esc} Exit		{key=ConfirmUI} Utiliser; {gamepad_only=RT} Déplacer l'objet;  {key=InventorySplit} Diviser; {key=InventorySort} Trier; {key=Esc} Quitter	{key=ConfirmUI} Benutzen; {gamepad_only=RT} Gegenstand bewegen;  {key=InventorySplit} Teilen; {key=InventorySort} Sortieren;  {key=Esc} Verlassen	{key=ConfirmUI} Usar; {gamepad_only=RT} Mover objeto;  {key=InventorySplit} Dividir; {key=InventorySort} Sort;  {key=Esc} Salir	{key=ConfirmUI} Usar; {gamepad_only=RT} Mover item;  {key=InventorySplit} Dividir; {key=InventorySort} Ordenar;  {key=Esc} Sair	{key=ConfirmUI} 使用; {gamepad_only=RT} 移动物品;  {key=InventorySplit} 分开; {key=InventorySort} 排序;  {key=Esc} 退出	{key=ConfirmUI} 使用; {gamepad_only=RT} アイテム移動;  {key=InventorySplit} 分割; {key=InventorySort} ソート;  {key=Esc} 終了	{key=ConfirmUI} Перенести; {gamepad_only=RT} Перетащить предмет; {key=InventorySplit} Разделить; {key=InventorySort} Сортировать; {key=Esc} Выход
hint_crafting_furnace_gamepad	{key=ConfirmUI} Transfer; {gamepad_only=LT} Hold to transfer stack; {gamepad_only=RT} Drag item;  {key=InventorySplit} Split; {key=InventorySort} Sort; {key=Esc} Exit		{key=ConfirmUI} Utiliser; {gamepad_only=LT} Maintenir pour transférer le tout; {gamepad_only=RT} Déplacer l'objet;  {key=InventorySplit} Diviser; {key=InventorySort} Trier; {key=Esc} Quitter	{key=ConfirmUI} Benutzen; {gamepad_only=LT} Halten, um Stapel zu transferieren; {gamepad_only=RT} Gegenstand bewegen;  {key=InventorySplit} Teilen; {key=InventorySort} Sortieren; {key=Esc} Verlassen	{key=ConfirmUI} Usar; {gamepad_only=LT} Mantén pulsado para transferir el montón; {gamepad_only=RT} Mover objeto;  {key=InventorySplit} Dividir; {key=InventorySort} Sort; {key=Esc} Salir	{key=ConfirmUI} Usar; {gamepad_only=LT} Segure para transferir a pilha; {gamepad_only=RT} Mover item;  {key=InventorySplit} Dividir; {key=InventorySort} Ordenar; {key=Esc} Sair	{key=ConfirmUI} 使用; {gamepad_only=LT} 长按以转移物品堆; {gamepad_only=RT} 移动物品;  {key=InventorySplit} 分开; {key=InventorySort} 排序; {key=Esc} 退出	{key=ConfirmUI} 使用; {gamepad_only=LT} 長押しで移す; {gamepad_only=RT} アイテム移動;  {key=InventorySplit} 分割; {key=InventorySort} ソート; {key=Esc} 終了	{key=ConfirmUI} Перенести; {gamepad_only=LT} (удерж.) Перенести стопку; {gamepad_only=RT} Перетащить; {key=InventorySplit} Разделить; {key=InventorySort} Сортировать; {key=Esc} Выход
hint_crafting_stove_gamepad	{key=ConfirmUI} Transfer; {gamepad_only=RT} Drag item; {key=InventorySplit} Split; {key=InventorySort} Sort; {key=Esc} Exit		{key=ConfirmUI} Utiliser; {gamepad_only=RT} Déplacer l'objet;  {key=InventorySplit} Diviser; {key=InventorySort} Trier; {key=Esc} Quitter	{key=ConfirmUI} Benutzen;  {gamepad_only=RT} Gegenstand bewegen;  {key=InventorySplit} Teilen; {key=InventorySort} Sortieren; {key=Esc} Verlassen	{key=ConfirmUI} Usar; {gamepad_only=RT} Mover objeto;  {key=InventorySplit} Dividir; {key=InventorySort} Sort; {key=Esc} Salir	{key=ConfirmUI} Usar; {gamepad_only=RT} Mover item;  {key=InventorySplit} Dividir; {key=InventorySort} Ordenar; {key=Esc} Sair	{key=ConfirmUI} 使用;  {gamepad_only=RT} 移动物品;  {key=InventorySplit} 分开; {key=InventorySort} 排序; {key=Esc} 退出	{key=ConfirmUI} 使用; {gamepad_only=RT} アイテム移動;  {key=InventorySplit} 分割; {key=InventorySort} ソート; {key=Esc} 終了	{key=ConfirmUI} Перенести;  {gamepad_only=RT} Перетащить; {key=InventorySplit} Разделить; {key=InventorySort} Сортировать; {key=Esc} Выход
									
									
hint_settings_screen	{key=Esc} Exit		{key=Esc} Quitter	{key=Esc} Verlassen	{key=Esc} Salir	{key=Esc} Sair	{key=Esc} 退出	{key=Esc} 終了	{key=Esc} Выход
hint_settings_screen_gamepad	{gamepad_only=LStick} Navigate; {gamepad_only=DPad} Adjust values; {key=Esc} Exit		{gamepad_only=LStick} Parcourir; {gamepad_only=DPad} Ajuster les valeurs; {key=Esc} Quitter	{gamepad_only=LStick} Navigieren; {gamepad_only=DPad} Werte anpassen; {key=Esc} Verlassen	{gamepad_only=LStick} Navegar; {gamepad_only=DPad} Ajustar valores; {key=Esc} Salir	{gamepad_only=LStick} Navegar; {gamepad_only=DPad} Ajustar valores; {key=Esc} Sair	{gamepad_only=LStick} 导航; {gamepad_only=DPad} 调整值; {key=Esc} 退出	{gamepad_only=LStick} 移動; {gamepad_only=DPad} 数の変更; {key=Esc} 終了	{gamepad_only=LStick} Навигация; {gamepad_only=DPad} Изменить значения; {key=Esc} Выход
									
									
hint_quests	{key=UpDown, mouse=Wheel} Navigate; {key=Esc} Exit		{key=UpDown, mouse=Wheel} Parcourir; {key=Esc} Quitter	{key=UpDown, mouse=Wheel} Navigieren; {key=Esc} Verlassen	{key=UpDown, mouse=Wheel} Navegar; {key=Esc} Salir	{key=UpDown, mouse=Wheel} Navegar; {key=Esc} Sair	{key=UpDown, mouse=Wheel} 导航; {key=Esc} 退出	{key=UpDown, mouse=Wheel} 移動; {key=Esc} 終了	{key=UpDown, mouse=Wheel} Навигация; {key=Esc} Выход
hint_select	{key=ConfirmUI, mouse=LB}  Select		{key=ConfirmUI, mouse=LB} Sélectionner	{key=ConfirmUI, mouse=LB} Auswählen	{key=ConfirmUI, mouse=LB} Seleccionar	{key=ConfirmUI, mouse=LB}  Selecionar	{key=ConfirmUI, mouse=LB}  选择	{key=ConfirmUI, mouse=LB}  選択	{key=ConfirmUI, mouse=LB} Выбрать
hint_dialogue_skip	{key=ConfirmUI, mouse=LB}  Skip		{key=ConfirmUI, mouse=LB} Passer	{key=ConfirmUI, mouse=LB} Überspringen	{key=ConfirmUI, mouse=LB} Omitir	{key=ConfirmUI, mouse=LB}  Pular	{key=ConfirmUI, mouse=LB}  跳过	{key=ConfirmUI, mouse=LB}  スキップ	{key=ConfirmUI, mouse=LB} Пропустить
									
hint_harvest	{key=Confirm, mouse=RB} Harvest crop		{key=Confirm, mouse=RB} Récolter la culture	{key=Confirm, mouse=RB} Pflanze ernten	{key=Confirm, mouse=RB} Recoger cultivo	{key=Confirm, mouse=RB} Colher	{key=Confirm, mouse=RB} 收割作物	{key=Confirm, mouse=RB} 作物の収穫	{key=Confirm, mouse=RB} Собрать урожай
hint_cut_down	{key=Use, mouse=LB, touch=Tap} Cut down		{key=Use, mouse=LB, touch=Tap} Couper	{key=Use, mouse=LB, touch=Tap} Abschneiden	{key=Use, mouse=LB, touch=Tap} Cortar	{key=Use, mouse=LB, touch=Tap} Arrancar	{key=Use, mouse=LB, touch=Tap} 砍倒	{key=Use, mouse=LB, touch=Tap} 刈る	{key=Use, mouse=LB, touch=Tap} Скосить
hint_harvest_seeds	{key=Use, mouse=LB, touch=Tap, touch=Tap} Harvest seeds		{key=Use, mouse=LB, touch=Tap, touch=Tap} Récolter les graines	{key=Use, mouse=LB, touch=Tap, touch=Tap} Samen ernten	{key=Use, mouse=LB, touch=Tap, touch=Tap} Recoger semillas	{key=Use, mouse=LB, touch=Tap, touch=Tap} Colher sementes	{key=Use, mouse=LB, touch=Tap} 收割种子	{key=Use, mouse=LB, touch=Tap} 種の収穫	{key=Use, mouse=LB, touch=Tap} Собрать семена
hint_cut	{key=Use, mouse=LB, touch=Tap} Cut		{key=Use, mouse=LB, touch=Tap} Couper	{key=Use, mouse=LB, touch=Tap} Schneiden	{key=Use, mouse=LB, touch=Tap} Segar	{key=Use, mouse=LB, touch=Tap} Cortar	{key=Use, mouse=LB, touch=Tap} 剪/切/割	{key=Use, mouse=LB, touch=Tap} 刈る	{key=Use, mouse=LB, touch=Tap} Скосить
hint_activate	{key=Confirm, mouse=RB, touch=Tap} Activate		{key=Confirm, mouse=RB, touch=Tap} Activer	{key=Confirm, mouse=RB, touch=Tap} Aktivieren	{key=Confirm, mouse=RB, touch=Tap} Activar	{key=Confirm, mouse=RB, touch=Tap} Ativar	{key=Confirm, mouse=RB, touch=Tap} 激活	{key=Confirm, mouse=RB, touch=Tap} 起動	{key=Confirm, mouse=RB, touch=Tap} Активировать
hint_chop	{key=Use, mouse=LB, touch=Tap} Chop		{key=Use, mouse=LB, touch=Tap} Couper	{key=Use, mouse=LB, touch=Tap} Hacken	{key=Use, mouse=LB, touch=Tap} Talar	{key=Use, mouse=LB, touch=Tap} Derrubar	{key=Use, mouse=LB, touch=Tap} 砍	{key=Use, mouse=LB, touch=Tap} 切る	{key=Use, mouse=LB, touch=Tap} Рубить
hint_hit	{key=Use, mouse=LB, touch=Tap} Hit		{key=Use, mouse=LB, touch=Tap} Frapper	{key=Use, mouse=LB, touch=Tap} Hämmern	{key=Use, mouse=LB, touch=Tap} Golpear	{key=Use, mouse=LB, touch=Tap} Atacar	{key=Use, mouse=LB, touch=Tap} 击打	{key=Use, mouse=LB, touch=Tap} 殴る	{key=Use, mouse=LB, touch=Tap} Ударить
hint_dig	{key=Use, mouse=LB, touch=Tap} Dig		{key=Use, mouse=LB, touch=Tap} Creuser	{key=Use, mouse=LB, touch=Tap} Graben	{key=Use, mouse=LB, touch=Tap} Cavar	{key=Use, mouse=LB, touch=Tap} Cavar	{key=Use, mouse=LB, touch=Tap} 挖	{key=Use, mouse=LB, touch=Tap} 掘る	{key=Use, mouse=LB, touch=Tap} Вскопать
hint_dig_resize	{key=SpecialAction} Change size; {key=Use, mouse=LB, touch=Tap} Dig		{key=SpecialAction} Changer de taille; {key=Use, mouse=LB, touch=Tap} Creuser	{key=SpecialAction} Größe ändern; {key=Use, mouse=LB, touch=Tap} Graben	{key=SpecialAction} Cambiar tamaño; {key=Use, mouse=LB, touch=Tap} Cavar	{key=SpecialAction} Alterar tamanho; {key=Use, mouse=LB, touch=Tap} Cavar	{key=SpecialAction} 变更大小; {key=Use, mouse=LB, touch=Tap} 挖	{key=SpecialAction} サイズの変更; {key=Use, mouse=LB, touch=Tap} 掘る	{key=SpecialAction} Изменить размер; {key=Use, mouse=LB, touch=Tap} Вскопать
hint_water	{key=Use, mouse=LB, touch=Tap} Water		{key=Use, mouse=LB, touch=Tap} Arroser	{key=Use, mouse=LB, touch=Tap} Wässern	{key=Use, mouse=LB, touch=Tap} Regar	{key=Use, mouse=LB, touch=Tap} Regar	{key=Use, mouse=LB, touch=Tap} 浇灌	{key=Use, mouse=LB, touch=Tap} 水やり	{key=Use, mouse=LB, touch=Tap} Полить
hint_water_resize	{key=SpecialAction} Change size; {key=Use, mouse=LB, touch=Tap} Water		{key=SpecialAction} Changer de taille; {key=Use, mouse=LB, touch=Tap} Arroser	{key=SpecialAction} Größe ändern; {key=Use, mouse=LB, touch=Tap} Wässern	{key=SpecialAction} Cambiar tamaño; {key=Use, mouse=LB, touch=Tap} Regar	{key=SpecialAction} Alterar tamanho; {key=Use, mouse=LB, touch=Tap} Regar	{key=SpecialAction} 变更大小; {key=Use, mouse=LB, touch=Tap} 浇灌	{key=SpecialAction} サイズの変更; {key=Use, mouse=LB, touch=Tap} 水やり	{key=SpecialAction} Изменить размер; {key=Use, mouse=LB, touch=Tap} Полить
hint_dance	{key=Use, mouse=LB} Dance!		{key=Use, mouse=LB} Danser !	{key=Use, mouse=LB} Tanzen!	{key=Use, mouse=LB} ¡Bailar!	{key=Use, mouse=LB} Dançar!	{key=Use, mouse=LB} 跳舞！	{key=Use, mouse=LB} ダンス！	{key=Use, mouse=LB} Танцевать!
									
									
hint_spirit_brush	{key=Use, mouse=LB, touch=Hold} Brush		{key=Use, mouse=LB, touch=Hold} Brosser	{key=Use, mouse=LB, touch=Hold} Striegeln	{key=Use, mouse=LB, touch=Hold} Cepillar	{key=Use, mouse=LB, touch=Hold} Escovar	{key=Use, mouse=LB, touch=Hold} 刷	{key=Use, mouse=LB, touch=Hold} ブラシ	{key=Use, mouse=LB, touch=Hold} Почистить
hint_repair	{key=Use, mouse=LB, touch=Tap} Repair hole		{key=Use, mouse=LB, touch=Tap} Reboucher le trou	{key=Use, mouse=LB, touch=Tap} Loch reparieren	{key=Use, mouse=LB, touch=Tap} Tapar agujero	{key=Use, mouse=LB, touch=Tap} Consertar buraco	{key=Use, mouse=LB, touch=Tap} 修补洞	{key=Use, mouse=LB, touch=Tap} 穴を埋める	{key=Use, mouse=LB, touch=Tap} Восстановить почву
hint_plant	{key=Use, mouse=LB, touch=Tap} Plant		{key=Use, mouse=LB, touch=Tap} Planter	{key=Use, mouse=LB, touch=Tap} Pflanzen	{key=Use, mouse=LB, touch=Tap} Plantar	{key=Use, mouse=LB, touch=Tap} Plantar	{key=Use, mouse=LB, touch=Tap} 种植	{key=Use, mouse=LB, touch=Tap} 植える	{key=Use, mouse=LB, touch=Tap} Посадить
hint_fertilize	{key=Use, mouse=LB, touch=Tap} Fertilize		{key=Use, mouse=LB, touch=Tap} Fertiliser	{key=Use, mouse=LB, touch=Tap} Düngen	{key=Use, mouse=LB, touch=Tap} Fertilizar	{key=Use, mouse=LB, touch=Tap} Fertilizar	{key=Use, mouse=LB, touch=Tap} 施肥	{key=Use, mouse=LB, touch=Tap} 肥料	{key=Use, mouse=LB, touch=Tap} Удобрить
hint_pickup	{key=Confirm, mouse=RB, touch=Tap} Collect		{key=Confirm, mouse=RB, touch=Tap} Récupérer	{key=Confirm, mouse=RB, touch=Tap} Sammeln	{key=Confirm, mouse=RB, touch=Tap} Recoger	{key=Confirm, mouse=RB, touch=Tap} Coletar	{key=Confirm, mouse=RB, touch=Tap} 收集	{key=Confirm, mouse=RB, touch=Tap} 収集	{key=Confirm, mouse=RB, touch=Tap} Подобрать
									
									
hint_placeable_interact	{key=Confirm, mouse=RB} Use		{key=Confirm, mouse=RB} Utiliser	{key=Confirm, mouse=RB} Benutzen	{key=Confirm, mouse=RB} Usar	{key=Confirm, mouse=RB} Usar	{key=Confirm, mouse=RB} 使用	{key=Confirm, mouse=RB} 使用	{key=Confirm, mouse=RB} Использовать
hint_placeable_interact_pickup	{key=Confirm, mouse=RB} Use; {id=pickup, key=SpecialAction, mouse=MB} Hold to pick up		{key=Confirm, mouse=RB} Utiliser; {id=pickup, key=SpecialAction, mouse=MB} Maintenir pour prendre	{key=Confirm, mouse=RB} Benutzen; {id=pickup, key=SpecialAction, mouse=MB} Halten zum Aufnehmen	{key=Confirm, mouse=RB} Usar; {id=pickup, key=SpecialAction, mouse=MB} Mantén pulsado para coger	{key=Confirm, mouse=RB} Usar; {id=pickup, key=SpecialAction, mouse=MB} Segure para pegar	{key=Confirm, mouse=RB} 使用; {id=pickup, key=SpecialAction, mouse=MB} 长按以拾取	{key=Confirm, mouse=RB} 使用; {id=pickup, key=SpecialAction, mouse=MB} 長押しで拾得	{key=Confirm, mouse=RB} Использовать; {id=pickup, key=SpecialAction, mouse=MB} (удерж.) Подобрать
hint_placeable_pickup	{id=pickup, key=SpecialAction, mouse=MB} Hold to pick up		{id=pickup, key=SpecialAction, mouse=MB} Maintenir pour prendre	{id=pickup, key=SpecialAction, mouse=MB} Halten zum Aufnehmen	{id=pickup, key=SpecialAction, mouse=MB} Mantén pulsado para coger	{id=pickup, key=SpecialAction, mouse=MB} Segure para pegar	{id=pickup, key=SpecialAction, mouse=MB} 长按以捡起	{id=pickup, key=SpecialAction, mouse=MB} 長押しで拾得	{id=pickup, key=SpecialAction, mouse=MB} (удерж.) Подобрать
									
hint_place	{key=Use, mouse=LB} Place		{key=Use, mouse=LB} Placer	{key=Use, mouse=LB} Platzieren	{key=Use, mouse=LB} Colocar	{key=Use, mouse=LB} Colocar	{key=Use, mouse=LB} 放置	{key=Use, mouse=LB} 設置	{key=Use, mouse=LB} Установить
hint_place_rotate	{key=Use, mouse=LB} Place; {key=Confirm, mouse=RB} Rotate		{key=Use, mouse=LB} Placer; {key=Confirm, mouse=RB} Faire pivoter	{key=Use, mouse=LB} Platzieren; {key=Confirm, mouse=RB} Drehen	{key=Use, mouse=LB} Colocar; {key=Confirm, mouse=RB} Rotar	{key=Use, mouse=LB} Colocar; {key=Confirm, mouse=RB} Girar	{key=Use, mouse=LB} 放置; {key=Confirm, mouse=RB}旋转	{key=Use, mouse=LB} 設置; {key=Confirm, mouse=RB} 回転	{key=Use, mouse=LB} Установить; {key=Confirm, mouse=RB} Повернуть
hint_place_changecolor	{key=Use, mouse=LB} Place; {key=Confirm, mouse=RB} Change color		{key=Use, mouse=LB} Placer; {key=Confirm, mouse=RB} Changer de couleur	{key=Use, mouse=LB} Platzieren; {key=Confirm, mouse=RB} Farbe ändern	{key=Use, mouse=LB} Colocar; {key=Confirm, mouse=RB} Cambiar color	{key=Use, mouse=LB} Colocar; {key=Confirm, mouse=RB} Mudar cor	{key=Use, mouse=LB} 放置; {key=Confirm, mouse=RB}变更颜色	{key=Use, mouse=LB} 設置; {key=Confirm, mouse=RB} 色の変更	{key=Use, mouse=LB} Установить; {key=Confirm, mouse=RB} Изменить цвет
hint_place_gamepad	{key=Confirm} Place; {gamepad_only=RStick} Adjust		{key=Confirm} Placer; {gamepad_only=RStick} Ajuster	{key=Confirm} Platzieren; {gamepad_only=RStick} Anpassen	{key=Confirm} Colocar; {gamepad_only=RStick} Ajustar	{key=Confirm} Colocar; {gamepad_only=RStick} Ajustar	{key=Confirm} 放置; {gamepad_only=RStick} 调整	{key=Confirm} 設置; {gamepad_only=RStick} 調整	{key=Confirm} Установить; {gamepad_only=RStick} Подвинуть
hint_place_rotate_gamepad	{key=Confirm} Place; {key=Use} Rotate; {gamepad_only=RStick} Adjust		{key=Confirm} Placer; {key=Use} Faire pivoter; {gamepad_only=RStick} Ajuster	{key=Confirm} Platzieren; {key=Use} Drehen; {gamepad_only=RStick} Anpassen	{key=Confirm} Colocar; {key=Use} Rotar; {gamepad_only=RStick} Ajustar	{key=Confirm} Colocar; {key=Use} Girar; {gamepad_only=RStick} Ajustar	{key=Confirm} 放置; {key=Use} 旋转; {gamepad_only=RStick} 调整	{key=Confirm} 設置; {key=Use} 回転; {gamepad_only=RStick} 調整	{key=Confirm} Установить; {key=Use} Повернуть; {gamepad_only=RStick} Подвинуть
hint_place_changecolor_gamepad	{key=Confirm} Place; {key=Use} Change color; {gamepad_only=RStick} Adjust		{key=Confirm} Placer; {key=Use} Changer de couleur; {gamepad_only=RStick} Ajuster	{key=Confirm} Platzieren; {key=Use} Farbe ändern; {gamepad_only=RStick} Anpassen	{key=Confirm} Colocar; {key=Use} Cambiar color; {gamepad_only=RStick} Ajustar	{key=Confirm} Colocar; {key=Use} Mudar cor; {gamepad_only=RStick} Ajustar	{key=Confirm} 放置; {key=Use}变更颜色; {gamepad_only=RStick} 调整	{key=Confirm} 設置; {key=Use} 色の変更; {gamepad_only=RStick} 調整	{key=Confirm} Установить; {key=Use} Изменить цвет; {gamepad_only=RStick} Подвинуть
hint_place_changeappearance	{key=Use, mouse=LB} Place; {key=Confirm, mouse=RB} Change Appearance		{key=Use, mouse=LB} Placer; {key=Confirm, mouse=RB} Changer d'apparence	{key=Use, mouse=LB} Platzieren; {key=Confirm, mouse=RB} Aussehen ändern	{key=Use, mouse=LB} Colocar; {key=Confirm, mouse=RB} Cambiar aspecto	{key=Use, mouse=LB} Colocar; {key=Confirm, mouse=RB} Mudar a aparência	{key=Use, mouse=LB} 放置; {key=Confirm, mouse=RB} 变更外观	{key=Use, mouse=LB} 設置; {key=Confirm, mouse=RB} 見た目を変更	{key=Use, mouse=LB} Установить; {key=Confirm, mouse=RB} Изменить внешний вид
hint_place_changeappearance_gamepad	{key=Confirm} Place; {key=Use} Change Appearance; {gamepad_only=RStick} Adjust		{key=Confirm} Placer; {key=Use} Changer d'apparence; {gamepad_only=RStick} Ajuster	{key=Confirm} Platzieren; {key=Use} Aussehen ändern; {gamepad_only=RStick} Anpassen	{key=Confirm} Colocar; {key=Use} Cambiar aspecto; {gamepad_only=RStick} Ajustar	{key=Confirm} Colocar; {key=Use} Mudar a aparência; {gamepad_only=RStick} Ajustar	{key=Confirm} 放置; {key=Use} 变更外观; {gamepad_only=RStick} 调整	{key=Confirm} 設置; {key=Use} 見た目を変更; {gamepad_only=RStick} 調整	{key=Confirm} Установить; {key=Use} Изменить внешний вид; {gamepad_only=RStick} Подвинуть
									
									
hint_equip_item	{key=Use, touch=Tap} Equip	Equip fishing lure	{key=Use, touch=Tap} Équiper	{key=Use, touch=Tap} Ausrüsten	{key=Use, touch=Tap} Equipar	{key=Use, touch=Tap} Equipar	{key=Use, touch=Tap} 装备	{key=Use, touch=Tap} 装備	{key=Use, touch=Tap} Насадить приманку
hint_use_item	{key=Use, mouse=LB, touch=Tap} Use		{key=Use, mouse=LB, touch=Tap} Utiliser	{key=Use, mouse=LB, touch=Tap} Benutzen	{key=Use, mouse=LB, touch=Tap} Usar	{key=Use, mouse=LB, touch=Tap} Usar	{key=Use, mouse=LB, touch=Tap} 使用	{key=Use, mouse=LB, touch=Tap} 使用	{key=Use, mouse=LB, touch=Tap} Использовать
hint_put_item	{key=Use, mouse=LB, touch=Tap} Put		{key=Use, mouse=LB, touch=Tap} Placer	{key=Use, mouse=LB, touch=Tap} Platzieren	{key=Use, mouse=LB, touch=Tap} Poner	{key=Use, mouse=LB, touch=Tap} Colocar	{key=Use, mouse=LB, touch=Tap} 放	{key=Use, mouse=LB, touch=Tap} 置く	{key=Use, mouse=LB, touch=Tap} Положить
hint_open_object	{key=Confirm, mouse=RB, touch=Tap} Open	Open treasure map	{key=Confirm, mouse=RB, touch=Tap} Ouvrir	{key=Confirm, mouse=RB, touch=Tap} Öffnen	{key=Confirm, mouse=RB, touch=Tap} Abrir	{key=Confirm, mouse=RB, touch=Tap} Abrir	{key=Confirm, mouse=RB, touch=Tap} 打开	{key=Confirm, mouse=RB, touch=Tap} 開く	{key=Confirm, mouse=RB, touch=Tap} Открыть
hint_open_item	{key=Use, touch=Tap} Open		{key=Use, touch=Tap} Ouvrir	{key=Use, touch=Tap} Öffnen	{key=Use, touch=Tap} Abrir	{key=Use, touch=Tap} Abrir	{key=Use, touch=Tap} 打开	{key=Use, touch=Tap} 開く	{key=Use, touch=Tap} Открыть
hint_fly	{key=Use, mouse=LB, touch=Tap} Fly		{key=Use, mouse=LB, touch=Tap} Voler	{key=Use, mouse=LB, touch=Tap} Fliegen	{key=Use, mouse=LB, touch=Tap} Volar	{key=Use, mouse=LB, touch=Tap} Voar	{key=Use, mouse=LB, touch=Tap} 飞	{key=Use, mouse=LB, touch=Tap} 飛ぶ	{key=Use, mouse=LB, touch=Tap} Лететь
hint_fly_broom	{id=broom_charge, key=Use, mouse=LB} Hold to charge		{id=broom_charge, key=Use, mouse=LB} Maintenir pour charger	{id=broom_charge, key=Use, mouse=LB} Halten zum Aufladen	{id=broom_charge, key=Use, mouse=LB} Mantén pulsado para cargar	{id=broom_charge, key=Use, mouse=LB} Segure para carregar	{id=broom_charge, key=Use, mouse=LB} 长按以充能	{id=broom_charge, key=Use, mouse=LB} 長押しでチャージ	{id=broom_charge, key=Use, mouse=LB} (удерж.) Зарядить
									
									
									
hint_flying	{key=SpecialAction} Fall		{key=SpecialAction} Tomber	{key=SpecialAction} Fallen	{key=SpecialAction} Caer	{key=SpecialAction} Cair	{key=SpecialAction} 跌倒	{key=SpecialAction} 落下	{key=SpecialAction} Упасть
hint_medallion	{id=medallion_activate, key=Use, mouse=LB} Hold to enter Medallion		{id=medallion_activate, key=Use, mouse=LB} Maintenir pour entrer dans le médaillon	{id=medallion_activate, key=Use, mouse=LB} Halten, um Medaillon zu betreten.	{id=medallion_activate, key=Use, mouse=LB} Mantén pulsado para entrar en el medallón	{id=medallion_activate, key=Use, mouse=LB} Segure para entrar no Medalhão	{id=medallion_activate, key=Use, mouse=LB} 长按以进入徽章	{id=medallion_activate, key=Use, mouse=LB} 長押しでメダルの中へ	{id=medallion_activate, key=Use, mouse=LB} (удерж.) Медальон
hint_alchemists_wand	{key=Use, mouse=LB} Hold to accelerate growth		{key=Use, mouse=LB} Maintenir pour accélérer la croissance	{key=Use, mouse=LB} Halten, um Wachstum zu beschleunigen.	{key=Use, mouse=LB} Mantén pulsado para acelerar el crecimiento	{key=Use, mouse=LB} Segure para acelerar o crescimento	{key=Use, mouse=LB} 长按以加速生长	{key=Use, mouse=LB} 長押しで生長を速める	{key=Use, mouse=LB} (удерж.) Ускорение роста
hint_consume	{key=Use} Consume		{key=Use} Consommer	{key=Use} Verbrauchen	{key=Use} Consumir	{key=Use} Consumir	{key=Use} 消耗	{key=Use} 使用	{key=Use} Употребить
hint_consume_drop	{key=Use} Consume; {key=SpecialAction} Drop		{key=Use} Consommer; {key=SpecialAction} Déposer	{key=Use} Verbrauchen; {key=SpecialAction} Ablegen	{key=Use} Consumir; {key=SpecialAction} Soltar	{key=Use} Consumir; {key=SpecialAction} Soltar	{key=Use} 消耗; {key=SpecialAction} 掉落	{key=Use} 使用; {key=SpecialAction} 落とす	{key=Use} Употребить; {key=SpecialAction} Уронить
hint_interact	{key=Confirm, mouse=RB, touch=Tap} Select	interact with spirit	{key=Confirm, mouse=RB, touch=Tap} Sélectionner	{key=Confirm, mouse=RB, touch=Tap} Auswählen	{key=Confirm, mouse=RB, touch=Tap} Seleccionar	{key=Confirm, mouse=RB, touch=Tap} Selecionar	{key=Confirm, mouse=RB, touch=Tap} 选择	{key=Confirm, mouse=RB, touch=Tap} 選択	{key=Confirm, mouse=RB, touch=Tap} Выбрать
									
hint_activate_hold	{id=hold, key=Confirm, mouse=RB} Hold to Activate		{id=hold, key=Confirm, mouse=RB} Maintenir pour activer	{id=hold, key=Confirm, mouse=RB} Halten zum Aktivieren	{id=hold, key=Confirm, mouse=RB} Mantén pulsado para activar	{id=hold, key=Confirm, mouse=RB} Segure para ativar	{id=hold, key=Confirm, mouse=RB} 长按以激活	{id=hold, key=Confirm, mouse=RB} 長押しで起動	{id=hold, key=Confirm, mouse=RB} (удерж.) Активировать
hint_talk	{key=Confirm, mouse=RB, touch=Tap} Talk		{key=Confirm, mouse=RB, touch=Tap} Parler	{key=Confirm, mouse=RB, touch=Tap} Reden	{key=Confirm, mouse=RB, touch=Tap} Hablar	{key=Confirm, mouse=RB, touch=Tap} Falar	{key=Confirm, mouse=RB, touch=Tap} 交谈	{key=Confirm, mouse=RB, touch=Tap} 話す	{key=Confirm, mouse=RB, touch=Tap} Общаться
									
									
									
hint_menu_confirm_exit	{key=ConfirmUI, mouse=LB} Confirm; {key=Esc} Exit		{key=ConfirmUI, mouse=LB} Confirmer; {key=Esc} Quitter	{key=ConfirmUI, mouse=LB} Bestätigen; {key=Esc} Verlassen	{key=ConfirmUI, mouse=LB} Confirmar; {key=Esc} Salir	{key=ConfirmUI, mouse=LB} Confirmar; {key=Esc} Sair	{key=ConfirmUI, mouse=LB} 确认; {key=Esc} 退出	{key=ConfirmUI, mouse=LB} OK; {key=Esc} 終了	{key=ConfirmUI, mouse=LB} Подтвердить; {key=Esc} Выход
hint_menu_confirm_cancel	{key=ConfirmUI, mouse=LB} Confirm; {key=Esc} Cancel		{key=ConfirmUI, mouse=LB} Confirmer; {key=Esc} Annuler	{key=ConfirmUI, mouse=LB} Bestätigen; {key=Esc} Abbrechen	{key=ConfirmUI, mouse=LB} Confirmar; {key=Esc} Cancelar	{key=ConfirmUI, mouse=LB} Confirmar; {key=Esc} Cancelar	{key=ConfirmUI, mouse=LB} 确认; {key=Esc} 取消	{key=ConfirmUI, mouse=LB} OK; {key=Esc} キャンセル	{key=ConfirmUI, mouse=LB} Подтвердить; {key=Esc} Отмена
hint_menu_confirm_only	{key=ConfirmUI, mouse=LB} Confirm		{key=ConfirmUI, mouse=LB} Confirmer	{key=ConfirmUI, mouse=LB} Bestätigen	{key=ConfirmUI, mouse=LB} Confirmar	{key=ConfirmUI, mouse=LB} Confirmar	{key=ConfirmUI, mouse=LB} 确认	{key=ConfirmUI, mouse=LB} OK	{key=ConfirmUI, mouse=LB} Подтвердить
hint_menu_cancel_only	{key=Esc} Exit		{key=Esc} Quitter	{key=Esc} Verlassen	{key=Esc} Salir	{key=Esc} Sair	{key=Esc} 退出	{key=Esc} 終了	{key=Esc} Выход
									
hint_menu_sell	{key=LeftRight} Change Quantity; {key=ConfirmUI} Confirm		{key=LeftRight} Changer la quantité; {key=ConfirmUI} Confirmer	{key=LeftRight} Menge ändern; {key=ConfirmUI} Bestätigen	{key=LeftRight} Cambiar cantidad; {key=ConfirmUI} Confirmar	{key=LeftRight} Alterar quantidade; {key=ConfirmUI} Confirmar	{key=LeftRight} 变更数量; {key=ConfirmUI} 确认	{key=LeftRight} 数の変更; {key=ConfirmUI} OK	{key=LeftRight} Изменить количество; {key=ConfirmUI} Подтвердить
hint_menu_split	{key=LeftRight} Change Quantity; {key=ConfirmUI} Confirm		{key=LeftRight} Changer la quantité; {key=ConfirmUI} Confirmer	{key=LeftRight} Menge ändern; {key=ConfirmUI} Bestätigen	{key=LeftRight} Cambiar cantidad; {key=ConfirmUI} Confirmar	{key=LeftRight} Alterar quantidade; {key=ConfirmUI} Confirmar	{key=LeftRight} 变更数量; {key=ConfirmUI} 确认	{key=LeftRight} 数の変更; {key=ConfirmUI} OK	{key=LeftRight} Изменить количество; {key=ConfirmUI} Подтвердить
									
									
									
hint_combat_cards	{key=ConfirmUI} Select; {id=end_turn, key=SpecialAction} Hold to end turn		{key=ConfirmUI} Sélectionner; {id=end_turn, key=SpecialAction} Maintenir pour terminer le tour	{key=ConfirmUI} Auswählen; {id=end_turn, key=SpecialAction} Halten, um Zug zu beenden.	{key=ConfirmUI} Seleccionar; {id=end_turn, key=SpecialAction} Mantén pulsado para terminar el turno	{key=ConfirmUI} Selecionar; {id=end_turn, key=SpecialAction} Segure para terminar o turno	{key=ConfirmUI} 选择; {id=end_turn, key=SpecialAction} 长按以结束回合	{key=ConfirmUI} 選択; {id=end_turn, key=SpecialAction} 長押しでターン終了	{key=ConfirmUI} Выбрать; {id=end_turn, key=SpecialAction} (удерж.) Завершить ход
hint_combat_cards_gamepad	{key=ConfirmUI} Select; {id=end_turn, gamepad_only=Y} Hold to end turn		{key=ConfirmUI} Sélectionner; {id=end_turn, gamepad_only=Y} Maintenir pour terminer le tour	{key=ConfirmUI} Auswählen; {id=end_turn, gamepad_only=Y} Halten, um Zug zu beenden.	{key=ConfirmUI} Seleccionar; {id=end_turn, gamepad_only=Y} Mantén pulsado para terminar el turno	{key=ConfirmUI} Selecionar; {id=end_turn, gamepad_only=Y} Segure para terminar o turno	{key=ConfirmUI} 选择; {id=end_turn, gamepad_only=Y} 长按以结束回合	{key=ConfirmUI} 選択; {id=end_turn, gamepad_only=Y} 長押しでターン終了	{key=ConfirmUI} Выбрать; {id=end_turn, gamepad_only=Y} (удерж.) Завершить ход
hint_combat_fast_toggle	{key=QuickWheel} Toggle Fast Mode		{key=QuickWheel} Activer le mode rapide	{key=QuickWheel} Schnellmodus ein/aus	{key=QuickWheel} Activar el modo rápido	{key=QuickWheel} Ativar Modo Rápido	{key=QuickWheel}切换快速模式	{key=QuickWheel} ファストモード切替	{key=QuickWheel} Ускоренный режим
hint_combat_fast_toggle_gamepad	{gamepad_only=X} Toggle Fast Mode		{gamepad_only=X} Activer le mode rapide	{gamepad_only=X} Schnellmodus ein/aus	{gamepad_only=X} Activar el modo rápido	{gamepad_only=X} Ativar Modo Rápido	{gamepad_only=X}切换快速模式	{gamepad_only=X} ファストモード切替	{gamepad_only=X} Ускоренный режим
hint_combat_confirm_cancel	{key=ConfirmUI} Select target; {key=Esc} Cancel		{key=ConfirmUI} Sélectionner la cible; {key=Esc} Annuler	{key=ConfirmUI} Ziel auswählen; {key=Esc} Abbrechen	{key=ConfirmUI} Seleccionar objetivo; {key=Esc} Cancelar	{key=ConfirmUI} Selecionar alvo; {key=Esc} Cancelar	{key=ConfirmUI} 选择目标; {key=Esc} 取消	{key=ConfirmUI} ターゲット選択; {key=Esc} キャンセル	{key=ConfirmUI} Выбрать цель; {key=Esc} Отмена
									
hint_title	{key=UpDown} Navigate; {key=ConfirmUI} Select		{key=UpDown} Parcourir; {key=ConfirmUI} Sélectionner	{key=UpDown} Navigieren; {key=ConfirmUI} Auswählen	{key=UpDown} Navegar; {key=ConfirmUI} Seleccionar	{key=UpDown} Navegar; {key=ConfirmUI} Selecionar	{key=UpDown} 导航; {key=ConfirmUI} 选择	{key=UpDown} 移動; {key=ConfirmUI} 選択	{key=UpDown} Навигация; {key=ConfirmUI} Выбрать
									
hint_fishing_cast	{key=Use, mouse=LB} Hold to cast		{key=Use, mouse=LB} Maintenir pour lancer	{key=Use, mouse=LB} Halten zum Auswerfen	{key=Use, mouse=LB} Mantén pulsado para lanzar el sedal	{key=Use, mouse=LB} Segure para lançar	{key=Use, mouse=LB} 长按以施法	{key=Use, mouse=LB} 長押しで投げる	{key=Use, mouse=LB} (удерж.) Забросить
hint_fishing_hook	{key=Use, mouse=LB, touch=Tap} Hook/reel		{key=Use, mouse=LB, touch=Tap} Ferrer/Mouliner	{key=Use, mouse=LB, touch=Tap} Anbeißen lassen/Einholen	{key=Use, mouse=LB, touch=Tap} Lanzar/recoger el sedal	{key=Use, mouse=LB, touch=Tap} Fisgar/puxar	{key=Use, mouse=LB, touch=Tap} 放钓线/收钓线	{key=Use, mouse=LB, touch=Tap} 釣る/巻き上げる	{key=Use, mouse=LB, touch=Tap} Подсечь/смотать снасть
hint_fishing_control	{key=LeftRightUpDown, mouse=LB, touch=Drag} Move circle		{key=LeftRightUpDown, mouse=LB, touch=Drag} Déplacer le réticule	{key=LeftRightUpDown, mouse=LB, touch=Drag} Kreis bewegen	{key=LeftRightUpDown, mouse=LB, touch=Drag} Mover círculo	{key=LeftRightUpDown, mouse=LB, touch=Drag} Mover círculo	{key=LeftRightUpDown, mouse=LB, touch=Drag} 转圈	{key=LeftRightUpDown, mouse=LB, touch=Drag} サークル移動	{key=LeftRightUpDown, mouse=LB, touch=Drag} Вываживать рыбу
hint_fishing_control_gamepad	{gamepad_only=LStick} Move circle		{gamepad_only=LStick} Déplacer le réticule	{gamepad_only=LStick} Kreis bewegen	{gamepad_only=LStick} Mover círculo	{gamepad_only=LStick} Mover círculo	{gamepad_only=LStick} 转圈	{gamepad_only=LStick} サークル移動	{gamepad_only=LStick} Вываживать рыбу
									
hint_shop	{key=ConfirmUI, mouse=RB} Purchase; {key=Esc} Exit		{key=ConfirmUI, mouse=RB} Acheter; {key=Esc} Quitter	{key=ConfirmUI, mouse=RB} Kaufen; {key=Esc} Verlassen	{key=ConfirmUI, mouse=RB} Comprar; {key=Esc} Salir	{key=ConfirmUI, mouse=RB} Comprar; {key=Esc} Sair	{key=ConfirmUI, mouse=RB} 购买; {key=Esc} 退出	{key=ConfirmUI, mouse=RB} 購入; {key=Esc} 終了	{key=ConfirmUI, mouse=RB} Купить; {key=Esc} Выход
									
hint_loom	{key=None, mouse=Wheel} Change color; {key=SpecialAction} Change tool; {key=Esc} Exit		{key=None, mouse=Wheel} Changer de couleur; {key=SpecialAction} Changer d'outil; {key=Esc} Quitter	{key=None, mouse=Wheel} Farbe ändern; {key=SpecialAction} Werkzeug wechseln; {key=Esc} Verlassen	{key=None, mouse=Wheel} Cambiar color; {key=SpecialAction} Cambiar herramienta; {key=Esc} Salir	{key=None, mouse=Wheel} Mudar cor; {key=SpecialAction} Mudar ferramenta; {key=Esc} Sair	{key=None, mouse=Wheel} 变更颜色; {key=SpecialAction} 变更工具;{key=Esc} 退出	{key=None, mouse=Wheel} 色の変更; {key=SpecialAction} 道具の変更; {key=Esc} 終了	{key=None, mouse=Wheel} Изменить цвет; {key=SpecialAction} Сменить инструмент; {key=Esc} Выход
hint_loom_gamepad	{gamepad_only=LB_RB} Change color; {gamepad_only=LT_RT} Change Tool; {gamepad_only=Y} Undo; {key=Esc} Exit		{gamepad_only=LB_RB} Changer de couleur; {gamepad_only=LT_RT} Changer d'outil; {gamepad_only=Y} Annuler; {key=Esc} Quitter	{gamepad_only=LB_RB} Farbe ändern; {gamepad_only=LT_RT} Werkzeug wechseln; {gamepad_only=Y} Rückgängig; {key=Esc} Verlassen	{gamepad_only=LB_RB} Cambiar color; {gamepad_only=LT_RT} Cambiar herramienta; {gamepad_only=Y} Deshacer; {key=Esc} Salir	{gamepad_only=LB_RB} Mudar cor; {gamepad_only=LT_RT} Mudar ferramenta; {gamepad_only=Y} Desfazer; {key=Esc} Sair	{gamepad_only=LB_RB} 变更颜色; {gamepad_only=LT_RT} 变更工具; {gamepad_only=Y} 撤销; {key=Esc} 退出	{gamepad_only=LB_RB} 色の変更; {gamepad_only=LT_RT} 道具の変更; {gamepad_only=Y} 元に戻す; {key=Esc} 終了	{gamepad_only=LB_RB} Изменить цвет; {gamepad_only=LT_RT} Сменить инструмент; {gamepad_only=Y} Отмена; {key=Esc} Выход
									
									
hint_teleporter_activate	{key=Use, mouse=LB} Activate		{key=Use, mouse=LB} Activer	{key=Use, mouse=LB} Aktivieren	{key=Use, mouse=LB} Activar	{key=Use, mouse=LB} Ativar	{key=Use, mouse=LB} 激活	{key=Use, mouse=LB} 起動	{key=Use, mouse=LB} Активировать
hint_teleporter_use	{key=Use, mouse=LB} Teleport; {hint_teleporter_activate_touch=LStick} Aim; {key=Esc, mouse=RB} Cancel		{key=Use, mouse=LB} Se téléporter; {gamepad_only=LStick} Viser; {key=Esc, mouse=RB} Annuler	{key=Use, mouse=LB} Teleportieren; {gamepad_only=LStick} Zielen; {key=Esc, mouse=RB} Abbrechen	{key=Use, mouse=LB} Teletransportarse; {gamepad_only=LStick} Apuntar; {key=Esc, mouse=RB} Cancelar	{key=Use, mouse=LB} Teleportar; {gamepad_only=LStick} Mirar; {key=Esc, mouse=RB} Cancelar	{key=Use, mouse=LB} 传送; {gamepad_only=LStick} 瞄准; {key=Esc, mouse=RB} 取消	{key=Use, mouse=LB} テレポート; {gamepad_only=LStick} 狙う; {key=Esc, mouse=RB} キャンセル	{key=Use, mouse=LB} Телепортироваться; {gamepad_only=LStick} Выбрать место; {key=Esc, mouse=RB} Отмена
hint_boomerang	{key=Use, mouse=LB, touch=Hold} Throw		{key=Use, mouse=LB, touch=Hold} Lancer	{key=Use, mouse=LB, touch=Hold} Werfen	{key=Use, mouse=LB, touch=Hold} Lanzar	{key=Use, mouse=LB, touch=Hold} Arremessar	{key=Use, mouse=LB, touch=Hold} 投掷	{key=Use, mouse=LB, touch=Hold} 投げる	{key=Use, mouse=LB, touch=Hold} Бросить
hint_boomerang_gamepad	{gamepad_only=RStick} Aim; {gamepad_only=RT} Throw		{gamepad_only=RStick} Viser; {gamepad_only=RT} Lancer	{gamepad_only=RStick} Zielen; {gamepad_only=RT} Werfen	{gamepad_only=RStick} Apuntar; {gamepad_only=RT} Lanzar	{gamepad_only=RStick} Mirar; {gamepad_only=RT} Arremessar	{gamepad_only=RStick} 瞄准; {gamepad_only=RT} 投掷	{gamepad_only=RStick} 狙う; {gamepad_only=RT} 投げる	{gamepad_only=RStick} Прицелиться; {gamepad_only=RT} Бросить
									
									
									
									
hint_festival_exit	{id=hold, key=Use, mouse=LB} Hold to Finish and go home		{id=hold, key=Use, mouse=LB} Maintenir pour finir et rentrer chez soi	{id=hold, key=Use, mouse=LB} Halten zum Beenden und Heimkehren	{id=hold, key=Use, mouse=LB} Mantén pulsado para terminar e irte a casa	{id=hold, key=Use, mouse=LB} Segure para concluir e ir pra casa	{id=hold, key=Use, mouse=LB} 长按以结束并回家	{id=hold, key=Use, mouse=LB} 長押しで終了して帰宅	{id=hold, key=Use, mouse=LB} (удерж.) Закончить и вернуться домой
									
hint_research_screen	{key=LeftRightUpDown, mouse=Wheel} Navigate; {key=Esc} Exit		{key=LeftRightUpDown, mouse=Wheel} Parcourir; {key=Esc} Quitter	{key=LeftRightUpDown, mouse=Wheel} Navigieren; {key=Esc} Verlassen	{key=LeftRightUpDown, mouse=Wheel} Navegar; {key=Esc} Salir	{key=LeftRightUpDown, mouse=Wheel} Navegar; {key=Esc} Sair	{key=LeftRightUpDown, mouse=Wheel} 导航; {key=Esc} 退出	{key=LeftRightUpDown, mouse=Wheel} 移動; {key=Esc} 終了	{key=LeftRightUpDown, mouse=Wheel} Навигация; {key=Esc} Выход
hint_research_screen_gamepad	{gamepad_only=LStick} Navigate; {key=Esc} Exit		{gamepad_only=LStick} Parcourir; {key=Esc} Quitter	{gamepad_only=LStick} Navigieren; {key=Esc} Verlassen	{gamepad_only=LStick} Navegar; {key=Esc} Salir	{gamepad_only=LStick} Navegar; {key=Esc} Sair	{gamepad_only=LStick} 导航; {key=Esc} 退出	{gamepad_only=LStick} 移動; {key=Esc} 終了	{gamepad_only=LStick} Навигация; {key=Esc} Выход
hint_research_screen_turning_in	{key=LeftRightUpDown, mouse=Wheel} Navigate; {key=ConfirmUI} Continue		{key=LeftRightUpDown, mouse=Wheel} Parcourir; {key=ConfirmUI} Continuer	{key=LeftRightUpDown, mouse=Wheel} Navigieren; {key=ConfirmUI} Fortfahren	{key=LeftRightUpDown, mouse=Wheel} Navegar; {key=ConfirmUI} Continuar	{key=LeftRightUpDown, mouse=Wheel} Navegar; {key=ConfirmUI} Continuar	{key=LeftRightUpDown, mouse=Wheel} 导航; {key=ConfirmUI} 继续	{key=LeftRightUpDown, mouse=Wheel} 移動; {key=ConfirmUI} 続行	{key=LeftRightUpDown, mouse=Wheel} Навигация; {key=ConfirmUI} Продолжить
hint_research_screen_turning_in_gamepad	{gamepad_only=LStick} Navigate; {key=Confirm} Continue		{gamepad_only=LStick} Parcourir; {key=Confirm} Continuer	{gamepad_only=LStick} Navigieren; {key=Confirm} Fortfahren	{gamepad_only=LStick} Navegar; {key=Confirm} Continuar	{gamepad_only=LStick} Navegar; {key=Confirm} Continuar	{gamepad_only=LStick} 导航; {key=Confirm} 继续	{gamepad_only=LStick} 移動; {key=Confirm} 続行	{gamepad_only=LStick} Навигация; {key=Confirm} Продолжить
									
hint_relocate_spirit	{key=Confirm, mouse=RB, touch=Tap} Move the spirit to this stall		{key=Confirm, mouse=RB, touch=Tap} Installer l'esprit à cette mangeoire	{key=Confirm, mouse=RB, touch=Tap} Geist zur Box bewegen	{key=Confirm, mouse=RB, touch=Tap} Mover el espíritu a este pesebre	{key=Confirm, mouse=RB, touch=Tap} Mover Espírito para esse comedouro	{key=Confirm, mouse=RB, touch=Tap} 将精灵移动到这个隔间	{key=Confirm, mouse=RB, touch=Tap} この房へ精霊を移動	{key=Confirm, mouse=RB, touch=Tap} Переместить в этот стойло
									
									
hint_inventorybar_consume	{key=Use, mouse=RB} Consume; {key=QuickWheel} Quick wheel menu		{key=Use, mouse=RB} Consommer; {key=QuickWheel} Menu rapide	{key=Use, mouse=RB} Verbrauchen; {key=QuickWheel} Schnellauswahl	{key=Use, mouse=RB} Consumir; {key=QuickWheel} Menú rápido	{key=Use, mouse=RB} Consumir; {key=QuickWheel} Menu radial rápido	{key=Use, mouse=RB} 消耗; {key=QuickWheel} 快捷轮盘菜单	{key=Use, mouse=RB} 使用; {key=QuickWheel} クイックホイールメニュー	{key=Use, mouse=RB} Употребить; {key=QuickWheel} Выбор инструмента
hint_inventorybar_use	{key=Use, mouse=RB} Use; {key=QuickWheel} Quick wheel menu		{key=Use, mouse=RB} Utiliser; {key=QuickWheel} Menu rapide	{key=Use, mouse=RB} Benutzen; {key=QuickWheel} Schnellauswahl	{key=Use, mouse=RB} Usar; {key=QuickWheel} Menú rápido	{key=Use, mouse=RB} Usar; {key=QuickWheel} Menu radial rápido	{key=Use, mouse=RB} 使用; {key=QuickWheel} 快捷轮盘菜单	{key=Use, mouse=RB} 使用; {key=QuickWheel} クイックホイールメニュー	{key=Use, mouse=RB} Использовать; {key=QuickWheel} Выбор инструмента
hint_inventorybar	{key=QuickWheel} Tool slot; {key=QuickWheel} Hold to open tool wheel		{key=QuickWheel} Emplacement de l'outil; {key=QuickWheel} Maintenir pour ouvrir la roue des outils	{key=QuickWheel} Werkzeugplatz; {key=QuickWheel} Halten zum Öffnen des Werkzeugrads	{key=QuickWheel} Ranura de herramientas; {key=QuickWheel} Mantén pulsado para abrir la rueda de herramientas	{key=QuickWheel} Espaço de ferramenta; {key=QuickWheel} Segure para abrir a roda de ferramentas	{key=QuickWheel} 工具栏; {key=QuickWheel} 长按以打开工具轮盘	{key=QuickWheel} ツールスロット; {key=QuickWheel} 長押しでツールホイールを開く	{key=QuickWheel} Слот инструмента; {key=QuickWheel} (удерж.) Меню инструментов
									
									
									
hint_saveload_save	{key=ConfirmUI, mouse=DoubleClick} Save to this slot; {key=SpecialAction} Delete saved game; {key=Esc} Exit		{key=ConfirmUI, mouse=DoubleClick} Sauvegarder à cet emplacement; {key=SpecialAction} Effacer la sauvegarde; {key=Esc} Quitter	{key=ConfirmUI, mouse=DoubleClick} Auf diesem Platz speichern; {key=SpecialAction} Spielstand löschen; {key=Esc} Verlassen	{key=ConfirmUI, mouse=DoubleClick} Guardar en esta ranura; {key=SpecialAction} Borrar la partida guardada; {key=Esc} Salir	{key=ConfirmUI, mouse=DoubleClick} Salvar neste espaço; {key=SpecialAction} Deletar jogo salvo; {key=Esc} Sair	{key=ConfirmUI, mouse=DoubleClick} 保存到这个栏位; {key=SpecialAction} 删除已保存的游戏; {key=Esc} 退出	{key=ConfirmUI, mouse=DoubleClick} このスロットにセーブ; {key=SpecialAction} セーブデータを削除; {key=Esc} 終了	{key=ConfirmUI, mouse=DoubleClick} Сохранить в этот слот; {key=SpecialAction} Удалить сохранённую игру; {key=Esc} Выход
hint_saveload_save_gamepad	{key=ConfirmUI, mouse=DoubleClick} Save to this slot; {gamepad_only=Y} Delete saved game; {key=Esc} Exit		{key=ConfirmUI, mouse=DoubleClick} Sauvegarder à cet emplacement; {gamepad_only=Y} Effacer la sauvegarde; {key=Esc} Quitter	{key=ConfirmUI, mouse=DoubleClick} Auf diesem Platz speichern; {gamepad_only=Y} Spielstand löschen; {key=Esc} Verlassen	{key=ConfirmUI, mouse=DoubleClick} Guardar en esta ranura; {gamepad_only=Y} Borrar la partida guardada; {key=Esc} Salir	{key=ConfirmUI, mouse=DoubleClick} Salvar neste espaço; {gamepad_only=Y} Deletar jogo salvo; {key=Esc} Sair	{key=ConfirmUI, mouse=DoubleClick} 保存到这个栏位; {gamepad_only=Y} 删除已保存的游戏; {key=Esc} 退出	{key=ConfirmUI, mouse=DoubleClick} このスロットにセーブ; {gamepad_only=Y} セーブデータを削除; {key=Esc} 終了	{key=ConfirmUI, mouse=DoubleClick} Сохранить в этот слот; {gamepad_only=Y} Удалить сохранённую игру; {key=Esc} Выход
									
hint_eod	{key=ConfirmUI} Save & go to sleep		{key=ConfirmUI} Sauvegarder et dormir	{key=ConfirmUI} Speichern & schlafen gehen	{key=ConfirmUI} Guardar e irse a dormir	{key=ConfirmUI} Salvar e ir dormir	{key=ConfirmUI} 保存并去睡觉	{key=ConfirmUI} セーブして眠る	{key=ConfirmUI} Сохранить и закончить день
hint_eod_scroll	{key=UpDown, mouse=Wheel} Navigate; {key=ConfirmUI} Save & go to sleep		{key=UpDown, mouse=Wheel} Parcourir; {key=ConfirmUI} Sauvegarder et dormir	{key=UpDown, mouse=Wheel} Navigieren; {key=ConfirmUI} Speichern & schlafen gehen	{key=UpDown, mouse=Wheel} Navegar; {key=ConfirmUI} Guardar e irse a dormir	{key=UpDown, mouse=Wheel} Navegar; {key=ConfirmUI} Salvar e ir dormir	{key=UpDown, mouse=Wheel} 导航; {key=ConfirmUI}保存并去睡觉	{key=UpDown, mouse=Wheel} 移動; {key=ConfirmUI} セーブして眠る	{key=UpDown, mouse=Wheel} Навигация; {key=ConfirmUI} Сохранить и закончить день
									
									
									
hint_statue_interact	{key=Confirm, mouse=RB, touch=Tap} Admire		{key=Confirm, mouse=RB, touch=Tap} Admirer	{key=Confirm, mouse=RB, touch=Tap} Anbeten	{key=Confirm, mouse=RB, touch=Tap} Admirar	{key=Confirm, mouse=RB, touch=Tap} Admirar	{key=Confirm, mouse=RB, touch=Tap}赞赏	{key=Confirm, mouse=RB, touch=Tap} 敬服	{key=Confirm, mouse=RB, touch=Tap} Воздать почесть
hint_whistle_hold	{id=whistle_hold, key=Use, mouse=LB} Hold to whistle		{id=whistle_hold, key=Use, mouse=LB} Maintenir pour jouer de la flûte	{id=whistle_hold, key=Use, mouse=LB} Halten zum Pfeifen	{id=whistle_hold, key=Use, mouse=LB} Mantén pulsado para silbar	{id=whistle_hold, key=Use, mouse=LB} Segure para assobiar	{id=whistle_hold, key=Use, mouse=LB}长按以吹口哨	{id=whistle_hold, key=Use, mouse=LB} 長押しで吹く	{id=whistle_hold, key=Use, mouse=LB} (удерж.) Свистеть
									
									
hint_settings_screen_with_reset	{key=SpecialAction} Reset; {key=Esc} Exit		{key=SpecialAction} Réinitialiser; {key=Esc} Quitter	{key=SpecialAction} Zurücksetzen; {key=Esc} Verlassen	{key=SpecialAction} Restablecer; {key=Esc} Salir	{key=SpecialAction} Reiniciar; {key=Esc} Sair	{key=SpecialAction} 重置; {key=Esc} 退出	{key=SpecialAction} リセット; {key=Esc} 終了	{key=SpecialAction} Сбросить; {key=Esc} Выход
hint_settings_screen_gamepad_with_reset	{gamepad_only=LStick} Navigate; {gamepad_only=DPad} Adjust values; {gamepad_only=X} Reset; {key=Esc} Exit		{gamepad_only=LStick} Parcourir; {gamepad_only=DPad} Ajuster les valeurs; {gamepad_only=X} Réinitialiser; {key=Esc} Quitter	{gamepad_only=LStick} Navigieren; {gamepad_only=DPad} Werte anpassen; {gamepad_only=X} Zurücksetzen; {key=Esc} Verlassen	{gamepad_only=LStick} Navegar; {gamepad_only=DPad} Ajustar valores; {gamepad_only=X} Restablecer; {key=Esc} Salir	{gamepad_only=LStick} Navegar; {gamepad_only=DPad} Ajustar valores; {gamepad_only=X} Reiniciar; {key=Esc} Sair	{gamepad_only=LStick} 导航; {gamepad_only=DPad} 调整值; {gamepad_only=X} 重置; {key=Esc} 退出	{gamepad_only=LStick} 移動; {gamepad_only=DPad} 数の変更; {gamepad_only=X} リセット; {key=Esc} 終了	{gamepad_only=LStick} Навигация; {gamepad_only=DPad} Изменить значения; {gamepad_only=X} Сбросить; {key=Esc} Выход
									
hint_settings_noadjust_gamepad	{gamepad_only=LStick} Navigate; {key=Esc} Exit		{gamepad_only=LStick} Parcourir; {key=Esc} Quitter	{gamepad_only=LStick} Navigieren; {key=Esc} Verlassen	{gamepad_only=LStick} Navegar; {key=Esc} Salir	{gamepad_only=LStick} Navegar; {key=Esc} Sair	{gamepad_only=LStick} 导航; {key=Esc} 退出	{gamepad_only=LStick} 移動; {key=Esc} 終了	{gamepad_only=LStick} Навигация; {key=Esc} Выход
									
									
									
									
hint_mine_close	{key=Confirm, mouse=RB} Close mine		{key=Confirm, mouse=RB} Condamner la mine	{key=Confirm, mouse=RB} Mine schließen	{key=Confirm, mouse=RB} Cerrar mina	{key=Confirm, mouse=RB} Fechar a mina	{key=Confirm, mouse=RB} 关闭矿洞	{key=Confirm, mouse=RB} 鉱山を閉じる	{key=Confirm, mouse=RB} Закрыть шахту
									
hint_crafting_workbench	{key=None, mouse=Wheel} Change tab; {key=ConfirmUI, mouse=LB} Craft; {key=Esc} Exit		{key=None, mouse=Wheel} Changer d'onglet; {key=ConfirmUI, mouse=LB} Fabriquer; {key=Esc} Quitter	{key=None, mouse=Wheel} Reiter wechseln; {key=ConfirmUI, mouse=LB} Herstellen; {key=Esc} Verlassen	{key=None, mouse=Wheel} Cambiar pestaña; {key=ConfirmUI, mouse=LB} Fabricar; {key=Esc} Salir	{key=None, mouse=Wheel} Alternar aba; {key=ConfirmUI, mouse=LB} Criar; {key=Esc} Sair	{key=None, mouse=Wheel} 切换选项卡; {key=ConfirmUI, mouse=LB} 制作; {key=Esc} 退出	{key=None, mouse=Wheel} タブ変更; {key=ConfirmUI, mouse=LB} 作成; {key=Esc} 終了	{key=None, mouse=Wheel} Сменить вкладку; {key=ConfirmUI, mouse=LB} Изготовить; {key=Esc} Выход
hint_crafting_workbench_gamepad	{gamepad_only=LB_RB_Rstick} Change tab; {gamepad_only=LStick} Navigate; {key=ConfirmUI} Craft; {key=Esc} Exit		{gamepad_only=LB_RB_Rstick} Changer d'onglet; {gamepad_only=LStick} Parcourir; {key=ConfirmUI, mouse=LB} Fabriquer; {key=Esc} Quitter	{gamepad_only=LB_RB_Rstick} Reiter wechseln; {gamepad_only=LStick} Navigieren; {key=ConfirmUI, mouse=LB} Herstellen; {key=Esc} Verlassen	{gamepad_only=LB_RB_Rstick} Cambiar pestaña; {gamepad_only=LStick} Navegar; {key=ConfirmUI, mouse=LB} Fabricar; {key=Esc} Salir	{gamepad_only=LB_RB_Rstick} Alternar aba; {gamepad_only=LStick} Navegar; {key=ConfirmUI, mouse=LB} Criar; {key=Esc} Sair	{gamepad_only=LB_RB_Rstick} 切换选项卡; {gamepad_only=LStick} 导航; {key=ConfirmUI, mouse=LB} 制作; {key=Esc} 退出	{gamepad_only=LB_RB_Rstick} タブ変更; {gamepad_only=LStick} 移動; {key=ConfirmUI, mouse=LB} 作成; {key=Esc} 終了	{gamepad_only=LB_RB_Rstick} Сменить вкладку; {gamepad_only=LStick} Навигация; {key=ConfirmUI} Изготовить; {key=Esc} Выход
									
									
hint_mail_single_attachment	{key=ConfirmUI, mouse=LB} Collect item; {key=Esc} Exit		{key=ConfirmUI, mouse=LB} Récupérer l'objet; {key=Esc} Quitter	{key=ConfirmUI, mouse=LB} Nehmen; {key=Esc} Verlassen	{key=ConfirmUI, mouse=LB} Recoger objeto; {key=Esc} Salir	{key=ConfirmUI, mouse=LB} Coletar item; {key=Esc} Sair	{key=ConfirmUI, mouse=LB} 收集物品; {key=Esc} 退出	{key=ConfirmUI, mouse=LB} アイテムを集める; {key=Esc} 終了	{key=ConfirmUI, mouse=LB} Забрать предмет; {key=Esc} Выход
hint_mail_attachment	{key=ConfirmUI, mouse=LB} Collect item; {key=UpDown, mouse=Wheel} Navigate; {key=Esc} Exit		{key=ConfirmUI, mouse=LB} Récupérer l'objet; {key=UpDown, mouse=Wheel} Parcourir; {key=Esc} Quitter	{key=ConfirmUI, mouse=LB} Nehmen; {key=UpDown, mouse=Wheel} Navigieren; {key=Esc} Verlassen	{key=ConfirmUI, mouse=LB} Recoger objeto; {key=UpDown, mouse=Wheel} Navegar; {key=Esc} Salir	{key=ConfirmUI, mouse=LB} Coletar item; {key=UpDown, mouse=Wheel} Navegar; {key=Esc} Sair	{key=ConfirmUI, mouse=LB} 收集物品; {key=UpDown, mouse=Wheel} 导航; {key=Esc} 退出	{key=ConfirmUI, mouse=LB} アイテムを集める; {key=UpDown, mouse=Wheel} 移動; {key=Esc} 終了	{key=ConfirmUI, mouse=LB} Забрать предмет; {key=UpDown, mouse=Wheel} Навигация; {key=Esc} Выход
									
hint_spirit_storage	{key=ConfirmUI, mouse=LB}  Select;  {key=InventorySort} Sort; {key=LeftRightUpDown, mouse=Wheel} Navigate; {key=Esc} Exit		{key=ConfirmUI, mouse=LB} Sélectionner; {key=InventorySort} Trier; {key=LeftRightUpDown, mouse=Wheel} Parcourir; {key=Esc} Quitter	{key=ConfirmUI, mouse=LB} Auswählen; {key=InventorySort} Sortieren; {key=LeftRightUpDown, mouse=Wheel} Navigieren; {key=Esc} Verlassen	{key=ConfirmUI, mouse=LB} Seleccionar; {key=InventorySort} Ordenar; {key=LeftRightUpDown, mouse=Wheel} Navegar; {key=Esc} Salir	{key=ConfirmUI, mouse=LB}  Selecionar; {key=InventorySort} Ordenar; {key=LeftRightUpDown, mouse=Wheel} Navegar; {key=Esc} Sair	{key=ConfirmUI, mouse=LB}  选择; {key=InventorySort} 排序; {key=LeftRightUpDown, mouse=Wheel} 导航; {key=Esc} 退出	{key=ConfirmUI, mouse=LB}  選択; {key=InventorySort} ソート; {key=LeftRightUpDown, mouse=Wheel} 移動; {key=Esc} 終了	{key=ConfirmUI, mouse=LB} Выбрать; {key=InventorySort} Сортировать; {key=LeftRightUpDown, mouse=Wheel} Навигация; {key=Esc} Выход
hint_spirit_storage_gamepad	{key=ConfirmUI, mouse=LB}  Select; {key=InventorySort} Sort; {gamepad_only=LStick} Navigate; {key=Esc} Exit		{key=ConfirmUI, mouse=LB} Sélectionner; {key=InventorySort} Trier; {gamepad_only=LStick} Parcourir; {key=Esc} Quitter	{key=ConfirmUI, mouse=LB} Auswählen; {key=InventorySort} Sortieren; {gamepad_only=LStick} Navigieren; {key=Esc} Verlassen	{key=ConfirmUI, mouse=LB} Seleccionar; {key=InventorySort} Ordenar; {gamepad_only=LStick} Navegar; {key=Esc} Salir	{key=ConfirmUI, mouse=LB}  Selecionar; {key=InventorySort} Ordenar; {gamepad_only=LStick} Navegar; {key=Esc} Sair	{key=ConfirmUI, mouse=LB}  选择; {key=InventorySort} 排序; {gamepad_only=LStick} 导航; {key=Esc} 退出	{key=ConfirmUI, mouse=LB}  選択; {key=InventorySort} ソート; {gamepad_only=LStick} 移動; {key=Esc} 終了	{key=ConfirmUI, mouse=LB} Выбрать; {key=InventorySort} Сортировать; {gamepad_only=LStick} Навигация; {key=Esc} Выход
									
									
hint_quick_wheel	{key=MenuLeft_MenuRight} Switch wheels;  {key=LeftRight, mouse=Wheel} Configure; {key=12345678} Select slot; {key=ConfirmUI, mouse=LB} Confirm		{key=MenuLeft_MenuRight} Changer de roue; {key=LeftRight, mouse=Wheel} Configurer; {key=12345678} Sélectionner; {key=ConfirmUI, mouse=LB} Confirmer	{key=MenuLeft_MenuRight} Rad wechseln; {key=LeftRight, mouse=Wheel} Konfigurieren; {key=12345678} Auswählen; {key=ConfirmUI, mouse=LB} Bestätigen	{key=MenuLeft_MenuRight} Cambiar ruedas; {key=LeftRight, mouse=Wheel} Configurar; {key=12345678} Seleccionar; {key=ConfirmUI, mouse=LB} Confirmar	{key=MenuLeft_MenuRight} Trocar roda de atalhos; {key=LeftRight, mouse=Wheel} Configurar; {key=12345678} Selecionar; {key=ConfirmUI, mouse=LB} Confirmar	{key=MenuLeft_MenuRight} 切换轮盘; {key=LeftRight, mouse=Wheel} 装配;  {key=12345678} 选择; {key=ConfirmUI, mouse=LB} 确认	{key=MenuLeft_MenuRight} ホイール切り替え; {key=LeftRight, mouse=Wheel} 設定;  {key=12345678} 選択; {key=ConfirmUI, mouse=LB} OK	{key=MenuLeft_MenuRight} Сменить меню;  {key=LeftRight, mouse=Wheel} Настроить;  {key=12345678} Выбрать слот; {key=ConfirmUI, mouse=LB} Подтвердить
hint_quick_wheel_gamepad	{gamepad_only=LStick} Switch wheels;  {gamepad_only=RStick} Select slot;  {gamepad_only=DPad} Configure;  {gamepad_only=B} Cancel		{gamepad_only=LStick} Changer de roue;  {gamepad_only=DPad} Configurer; {gamepad_only=RStick} Sélectionner; {gamepad_only=B} Annuler	{gamepad_only=LStick} Rad wechseln;  {gamepad_only=DPad} Konfigurieren; {gamepad_only=RStick} Auswählen; {gamepad_only=B} Abbrechen	{gamepad_only=LStick} Cambiar ruedas;  {gamepad_only=DPad} Configurar; {gamepad_only=RStick} Seleccionar; {gamepad_only=B} Cancelar	{gamepad_only=LStick} Trocar roda de atalhos;  {gamepad_only=DPad} Configurar;  {gamepad_only=RStick} Selecionar;  {gamepad_only=B} Cancelar	{gamepad_only=LStick} 切换轮盘;  {gamepad_only=DPad} 装配;  {gamepad_only=RStick} 选择;  {gamepad_only=B} 取消	{gamepad_only=LStick} ホイール切り替え;  {gamepad_only=DPad} 設定;  {gamepad_only=RStick} 選択;  {gamepad_only=B} キャンセル	{gamepad_only=LStick} Сменить меню;  {gamepad_only=RStick} Выбрать слот;  {gamepad_only=DPad} Настроить;  {gamepad_only=B} Отмена
									
hint_saveload_load	{key=ConfirmUI, mouse=DoubleClick} Load slot; {key=SpecialAction} Delete slot; {key=Esc} Exit		{key=ConfirmUI, mouse=DoubleClick} Charger la partie; {key=SpecialAction} Supprimer la partie; {key=Esc} Quitter	{key=ConfirmUI, mouse=DoubleClick} Platz laden; {key=SpecialAction} Platz löschen; {key=Esc} Verlassen	{key=ConfirmUI, mouse=DoubleClick} Cargar ranura; {key=SpecialAction} Eliminar ranura; {key=Esc} Salir	{key=ConfirmUI, mouse=DoubleClick} Carregar espaço; {key=SpecialAction} Apagar espaço; {key=Esc} Sair	{key=ConfirmUI, mouse=DoubleClick} 读取存档;{key=SpecialAction} 删除存档;{key=Esc} 退出	{key=ConfirmUI, mouse=DoubleClick} スロット読み込み; {key=SpecialAction} スロット削除; {key=Esc} 終了	{key=ConfirmUI, mouse=DoubleClick} Загрузить сохранение; {key=SpecialAction} Удалить сохранение; {key=Esc} Выход
hint_saveload_load_gamepad	{gamepad_only=LStick} Navigate; {key=ConfirmUI, mouse=DoubleClick} Load slot; {gamepad_only=Y} Delete slot; {key=Esc} Exit		{key=ConfirmUI, mouse=DoubleClick} Charger la partie; {gamepad_only=Y} Supprimer la partie; {key=Esc} Quitter	{key=ConfirmUI, mouse=DoubleClick} Platz laden; {gamepad_only=Y} Platz löschen; {key=Esc} Verlassen	{key=ConfirmUI, mouse=DoubleClick} Cargar ranura; {gamepad_only=Y} Eliminar ranura; {key=Esc} Salir	{key=ConfirmUI, mouse=DoubleClick} Carregar espaço; {gamepad_only=Y} Apagar espaço; {key=Esc} Sair	{gamepad_only=LStick} 导引; {key=ConfirmUI, mouse=DoubleClick} 读取栏位;{gamepad_only=Y} 删除栏位;{key=Esc} 退出	{gamepad_only=LStick} 移動; {key=ConfirmUI, mouse=DoubleClick} スロット読み込み; {gamepad_only=Y} スロット削除; {key=Esc} 終了	{gamepad_only=LStick} Навигация; {key=ConfirmUI, mouse=DoubleClick} Загрузить сохранение; {gamepad_only=Y} Удалить сохранение; {key=Esc} Выход
hint_gamefiles	{key=UpDown} Reorder games; {key=QuickWheel} Rename game; {key=Esc} Exit		{key=UpDown} Réorganiser les parties; {key=QuickWheel} Renommer la partie; {key=Esc} Quitter	{key=UpDown} Spiele umsortieren; {key=QuickWheel} Spiel umbenennen; {key=Esc} Verlassen	{key=UpDown} Reordenar partidas; {key=QuickWheel} Renombrar partida; {key=Esc} Salir	{key=UpDown} Reordenar jogos; {key=QuickWheel} Renomear jogo; {key=Esc} Sair	{key=UpDown} 排序游戏; {key=QuickWheel} 重命名游戏; {key=Esc} 退出	{key=UpDown} データ並び替え; {key=QuickWheel} データ改名; {key=Esc} 終了	{key=UpDown} Поменять порядок; {key=QuickWheel} Переименовать; {key=Esc} Выход
hint_gamefiles_gamepad	{gamepad_only=LStick} Navigate; {gamepad_only=DPad} Reorder games; {key=Use} Rename game; {key=Esc} Exit		{key=ConfirmUI} Sélectionner la partie; {gamepad_only=DPad} Réorganiser les parties; {key=Use} Renommer la partie; {key=Esc} Quitter	{key=ConfirmUI} Spiel auswählen; {gamepad_only=DPad} Spiele umsortieren; {key=Use} Spiel umbenennen; {key=Esc} Verlassen	{key=ConfirmUI} Seleccionar partida; {gamepad_only=DPad} Reordenar partidas; {key=Use} Renombrar partida; {key=Esc} Salir	{key=ConfirmUI} Selecionar jogo; {gamepad_only=DPad} Reordenar jogos; {key=Use} Renomear jogo; {key=Esc} Sair	{gamepad_only=LStick} 导引; {gamepad_only=DPad} 排序游戏; {key=Use} 重命名游戏; {key=Esc} 退出	{gamepad_only=LStick} 移動; {gamepad_only=DPad} データ並び替え; {key=Use} データ改名; {key=Esc} 終了	{gamepad_only=LStick} Навигация; {gamepad_only=DPad} Поменять порядок; {key=Use} Переименовать; {key=Esc} Выход
									
hint_map	{key=none, mouse=LB} Zoom; {key=Esc} Exit		{key=none, mouse=LB} Zoomer; {key=Esc} Quitter	{key=none, mouse=LB} Zoomen; {key=Esc} Verlassen	{key=none, mouse=LB} Acercar; {key=Esc} Salir	{key=none, mouse=LB} Zoom; {key=Esc} Sair	{key=none, mouse=LB} 缩放;  {key=Esc} 退出	{key=none, mouse=LB} ズーム; {key=Esc} 終了	{key=none, mouse=LB} Увеличить; {key=Esc} Выход
hint_map_gamepad	{key=ConfirmUI} Zoom; {key=Esc} Exit		{key=ConfirmUI} Zoomer; {key=Esc} Quitter	{key=ConfirmUI} Zoomen; {key=Esc} Verlassen	{key=ConfirmUI} Acercar; {key=Esc} Salir	{key=ConfirmUI} Zoom; {key=Esc} Sair	{key=ConfirmUI} 缩放; {key=Esc} 退出	{key=ConfirmUI} ズーム; {key=Esc} 終了	{key=ConfirmUI} Увеличить; {key=Esc} Выход
									
hint_inventory_frame	{key=ConfirmUI, mouse=RB} Put into frame		{key=ConfirmUI, mouse=RB} Placer dans le cadre	{key=ConfirmUI, mouse=RB} In den Rahmen legen	{key=ConfirmUI, mouse=RB} Poner en el marco	{key=ConfirmUI, mouse=RB} Colocar no porta-retratos	{key=ConfirmUI, mouse=RB} 放入框中	{key=ConfirmUI, mouse=RB}額に入れる	{key=ConfirmUI, mouse=RB} Поместить в рамку
									
hint_bottle_fill	{key=Use, mouse=LB, touch=Tap} Fill bottle		{key=Use, mouse=LB, touch=Tap} Remplir la bouteille	{key=Use, mouse=LB, touch=Tap} Flasche füllen	{key=Use, mouse=LB, touch=Tap} Llenar botella	{key=Use, mouse=LB, touch=Tap} Encher Garrafa	{key=Use, mouse=LB, touch=Tap}装满瓶子	{key=Use, mouse=LB, touch=Tap} ボトルを満たす	{key=Use, mouse=LB, touch=Tap} Набрать воду
hint_pin_unpin	{key=Confirm, mouse=LB, touch=Hold} Pin/Unpin		{key=Confirm, mouse=LB, touch=Hold} Épingler/Retirer	{key=Confirm, mouse=LB, touch=Hold} Anheften/Losheften	{key=Confirm, mouse=LB, touch=Hold} Anclar/Desanclar	{key=Confirm, mouse=LB, touch=Hold} Fixar/Desafixar	{key=Confirm, mouse=LB, touch=Hold}标记/清除	{key=Confirm, mouse=LB, touch=Hold} 固定/固定解除	{key=Confirm, mouse=LB, touch=Hold} Прикрепить/Открепить
hint_pin_unpin_gamepad	{key=ConfirmUI} Pin/Unpin		{key=ConfirmUI} Épingler/Retirer	{key=ConfirmUI} Anheften/Losheften	{key=ConfirmUI} Anclar/Desanclar	{key=ConfirmUI} Fixar/Desafixar	{key=ConfirmUI}标记/清除	{key=ConfirmUI} 固定/固定解除	{key=ConfirmUI} Прикрепить/Открепить
									
hint_place_toggle	{key=Use, mouse=LB} Place; {key=Confirm, mouse=RB} Toggle		{key=Use, mouse=LB} Placer; {key=Confirm, mouse=RB} Activer/Désactiver	{key=Use, mouse=LB} Platzieren; {key=Confirm, mouse=RB} Ein-/ausschalten	{key=Use, mouse=LB} Colocar; {key=Confirm, mouse=RB} Activar/Desactivar	{key=Use, mouse=LB} Colocar; {key=Confirm, mouse=RB} Ativar/Desativar	{key=Use, mouse=LB} 放置; {key=Confirm, mouse=RB} 切换	{key=Use, mouse=LB} 設置; {key=Confirm, mouse=RB} 切り替え	{key=Use, mouse=LB} Установить; {key=Confirm, mouse=RB} Переключить
hint_place_toggle_gamepad	{key=Confirm} Place; {key=Use} Toggle; {gamepad_only=RStick} Adjust		{key=Confirm} Placer; {key=Use} Activer/Désactiver; {gamepad_only=RStick} Ajuster	{key=Confirm} Platzieren; {key=Use} Ein-/ausschalten; {gamepad_only=RStick} Anpassen	{key=Confirm} Colocar; {key=Use} Activar/Desactivar; {gamepad_only=RStick} Ajustar	{key=Confirm} Colocar; {key=Use} Ativar/Desativar; {gamepad_only=RStick} Ajustar	{key=Confirm} 放置; {key=Use} 切换; {gamepad_only=RStick} 调整	{key=Confirm} 設置; {key=Use} 切り替え; {gamepad_only=RStick} 調整	{key=Confirm} Установить; {key=Use} Переключить; {gamepad_only=RStick} Подвинуть
hint_placeable_toggle	{key=Confirm, mouse=RB} Toggle		{key=Confirm, mouse=RB} Activer/Désactiver	{key=Confirm, mouse=RB} Ein-/ausschalten	{key=Confirm, mouse=RB} Activar/Desactivar	{key=Confirm, mouse=RB} Ativar/Desativar	{key=Confirm, mouse=RB} 切换	{key=Confirm, mouse=RB} 切り替え	{key=Confirm, mouse=RB} Переключить
hint_placeable_toggle_pickup	{key=Confirm, mouse=RB} Toggle; {id=pickup, key=SpecialAction, mouse=MB} Hold to pick up		{key=Confirm, mouse=RB} Activer/Désactiver; {id=pickup, key=SpecialAction, mouse=MB} Maintenir pour prendre	{key=Confirm, mouse=RB} Ein-/ausschalten; {id=pickup, key=SpecialAction, mouse=MB} Halten zum Aufnehmen	{key=Confirm, mouse=RB} Activar/Desactivar; {id=pickup, key=SpecialAction, mouse=MB} Mantén pulsado para coger	{key=Confirm, mouse=RB} Ativar/Desativar; {id=pickup, key=SpecialAction, mouse=MB} Segure para pegar	{key=Confirm, mouse=RB} 切换; {id=pickup, key=SpecialAction, mouse=MB} 长按以拾取	{key=Confirm, mouse=RB} 切り替え; {id=pickup, key=SpecialAction, mouse=MB} 長押しで拾得	{key=Confirm, mouse=RB} Переключить; {id=pickup, key=SpecialAction, mouse=MB} (удерж.) Подобрать
									
									
hint_select_exit	{key=ConfirmUI, mouse=LB}  Select; {key=Esc} Exit		{key=ConfirmUI, mouse=LB} Sélectionner; {key=Esc} Quitter	{key=ConfirmUI, mouse=LB} Auswählen; {key=Esc} Verlassen	{key=ConfirmUI, mouse=LB} Seleccionar; {key=Esc} Salir	{key=ConfirmUI, mouse=LB}  Selecionar; {key=Esc} Sair	{key=ConfirmUI, mouse=LB}  选择; {key=Esc} 退出	{key=ConfirmUI, mouse=LB}  選択; {key=Esc} 終了	{key=ConfirmUI, mouse=LB} Выбрать; {key=Esc} Выход
hint_select_skipexit	{key=ConfirmUI, mouse=LB}  Select; {key=Esc} Skip and exit		{key=ConfirmUI, mouse=LB} Sélectionner; {key=Esc} Quitter	{key=ConfirmUI, mouse=LB} Auswählen; {key=Esc} Verlassen	{key=ConfirmUI, mouse=LB} Seleccionar; {key=Esc} Salir	{key=ConfirmUI, mouse=LB}  Selecionar; {key=Esc} Sair	{key=ConfirmUI, mouse=LB}  选择; {key=Esc} 退出	{key=ConfirmUI, mouse=LB}  選択; {key=Esc} 終了	{key=ConfirmUI, mouse=LB} Выбрать; {key=Esc} Выход
									
hint_crafting_workbench_touch	{key=Confirm, touch=Hold} Craft		{key=Confirm, touch=Hold} Fabriquer	{key=Confirm, touch=Hold} Herstellen	{key=Confirm, touch=Hold} Fabricar	{key=Confirm, touch=Hold} Criar	{key=Confirm, touch=Hold} 制作	{key=Confirm, touch=Hold} 作成	{key=Confirm, touch=Hold} Изготовить
hint_crafting_craft_touch	{key=ConfirmUI, touch=Hold} Craft		{key=ConfirmUI, touch=Hold} Fabriquer	{key=ConfirmUI, touch=Hold} Herstellen	{key=ConfirmUI, touch=Hold} Fabricar	{key=ConfirmUI, touch=Hold} Criar	{key=ConfirmUI, touch=Hold} 制作	{key=ConfirmUI, touch=Hold} 作成	{key=ConfirmUI, touch=Hold} Изготовить
hint_crafting_start_touch		intentionally empty							
hint_settings_screen_touch		intentionally empty							
hint_quests		intentionally empty							
hint_select_touch		intentionally empty							
hint_dialogue_skip_touch		intentionally empty							
hint_title_touch		intentionally empty							
	// using ID to call function								
hint_harvest_touch	{id=harvest_crop, touch=Hold} Harvest crop		{id=harvest_crop, touch=Hold} Récolter la culture	{id=harvest_crop, touch=Hold} Pflanze ernten	{id=harvest_crop, touch=Hold} Recoger cultivo	{id=harvest_crop, touch=Hold} Colher	{id=harvest_crop, touch=Hold} 收割作物	{id=harvest_crop, touch=Hold} 作物の収穫	{id=harvest_crop, touch=Hold} Собрать урожай
									
									
									
									
hint_activate_hold_touch	{id=hold, key=Confirm, mouse=RB, touch=Hold} Activate		{id=hold, key=Confirm, mouse=RB, touch=Hold} Activer	{id=hold, key=Confirm, mouse=RB, touch=Hold} Aktivieren	{id=hold, key=Confirm, mouse=RB, touch=Hold} Activar	{id=hold, key=Confirm, mouse=RB, touch=Hold} Ativar	{id=hold, key=Confirm, mouse=RB, touch=Hold} 激活	{id=hold, key=Confirm, mouse=RB, touch=Hold} 起動	{id=hold, key=Confirm, mouse=RB, touch=Hold} Активировать
									
hint_menu_confirm_exit_touch									
hint_menu_confirm_cancel_touch									
hint_menu_confirm_only_touch									
hint_menu_cancel_only_touch									
hint_menu_cancel_force_touch	{string:hint_menu_cancel_only}	Show "exit" hint							
									
hint_menu_sell_touch									
hint_menu_split_touch									
									
hint_combat_cards_touch									
hint_combat_fast_toggle_touch									
hint_combat_confirm_cancel_touch									
									
									
									
hint_shop_touch	{key=ConfirmUI, mouse=RB, touch=Hold} Purchase		{key=ConfirmUI, mouse=RB, touch=Hold} Acheter	{key=ConfirmUI, mouse=RB, touch=Hold} Kaufen	{key=ConfirmUI, mouse=RB, touch=Hold} Comprar	{key=ConfirmUI, mouse=RB, touch=Hold} Comprar	{key=ConfirmUI, mouse=RB, touch=Hold} 购买	{key=ConfirmUI, mouse=RB, touch=Hold} 購入	{key=ConfirmUI, mouse=RB, touch=Hold} Купить
hint_loom_touch									
									
hint_teleporter_activate_touch	{key=Use, mouse=LB, touch=Hold} Teleport		{key=Use, mouse=LB, touch=Hold} Se téléporter	{key=Use, mouse=LB, touch=Hold} Teleportieren	{key=Use, mouse=LB, touch=Hold} Teletransportarse	{key=Use, mouse=LB, touch=Hold} Teleportar	{key=Use, mouse=LB, touch=Hold} 传送	{key=Use, mouse=LB, touch=Hold} テレポート	{key=Use, mouse=LB, touch=Hold} Телепортироваться
hint_teleporter_use_touch									
									
hint_research_screen_touch									
hint_research_screen_turning_in_touch									
									
hint_saveload_save_touch	{key=ConfirmUI, mouse=DoubleClick, touch=Hold} Save to this slot; {key=SpecialAction} Delete saved game		{key=ConfirmUI, mouse=DoubleClick, touch=Hold} Sauvegarder à cet emplacement; {key=SpecialAction} Effacer la sauvegarde	{key=ConfirmUI, mouse=DoubleClick, touch=Hold} Auf diesem Platz speichern; {key=SpecialAction} Spielstand löschen	{key=ConfirmUI, mouse=DoubleClick, touch=Hold} Guardar en esta ranura; {key=SpecialAction} Borrar la partida guardada	{key=ConfirmUI, mouse=DoubleClick, touch=Hold} Salvar neste espaço; {key=SpecialAction} Deletar jogo salvo	{key=ConfirmUI, mouse=DoubleClick, touch=Hold} 保存到这个栏位; {key=SpecialAction} 删除已保存的游戏	{key=ConfirmUI, mouse=DoubleClick, touch=Hold} このスロットにセーブ; {key=SpecialAction} セーブデータを削除	{key=ConfirmUI, mouse=DoubleClick, touch=Hold} Сохранить в этот слот; {key=SpecialAction} Удалить сохранённую игру
									
hint_whistle_hold_touch	{id=whistle_hold, key=Use, mouse=LB, touch=Hold} Whistle		{id=whistle_hold, key=Use, mouse=LB, touch=Hold} Jouer de la flûte	{id=whistle_hold, key=Use, mouse=LB, touch=Hold} Flöte spielen	{id=whistle_hold, key=Use, mouse=LB, touch=Hold} Tocar la flauta	{id=whistle_hold, key=Use, mouse=LB, touch=Hold} Tocar a flauta	{id=whistle_hold, key=Use, mouse=LB, touch=Hold} 吹笛子	{id=whistle_hold, key=Use, mouse=LB, touch=Hold} 笛を吹く	{id=whistle_hold, key=Use, mouse=LB, touch=Hold} Свистеть
									
hint_settings_screen_with_reset_touch	{key=SpecialAction} Reset		{key=SpecialAction} Réinitialiser	{key=SpecialAction} Zurücksetzen	{key=SpecialAction} Restablecer	{key=SpecialAction} Reiniciar	{key=SpecialAction} 重置	{key=SpecialAction} リセット	{key=SpecialAction} Сбросить
									
hint_mail_attachment_touch	{key=ConfirmUI, mouse=LB, touch=Tap} Collect item		{key=ConfirmUI, mouse=LB, touch=Tap} Récupérer l'objet	{key=ConfirmUI, mouse=LB, touch=Tap} Nehmen	{key=ConfirmUI, mouse=LB, touch=Tap} Recoger objeto	{key=ConfirmUI, mouse=LB, touch=Tap} Coletar item	{key=ConfirmUI, mouse=LB, touch=Tap} 收集物品	{key=ConfirmUI, mouse=LB, touch=Tap} アイテムを集める	{key=ConfirmUI, mouse=LB, touch=Tap} Забрать предмет
									
hint_spirit_storage_touch	{key=ConfirmUI, mouse=LB, touch=Hold}  Select;  {key=InventorySort} Sort		{key=ConfirmUI, mouse=LB, touch=Hold} Sélectionner; {key=InventorySort} Trier	{key=ConfirmUI, mouse=LB, touch=Hold} Auswählen; {key=InventorySort} Sortieren	{key=ConfirmUI, mouse=LB, touch=Hold} Seleccionar; {key=InventorySort} Ordenar	{key=ConfirmUI, mouse=LB, touch=Hold}  Selecionar; {key=InventorySort} Ordenar	{key=ConfirmUI, mouse=LB, touch=Hold}  选择; {key=InventorySort} 排序	{key=ConfirmUI, mouse=LB, touch=Hold}  選択; {key=InventorySort} ソート	{key=ConfirmUI, mouse=LB, touch=Hold} Выбрать; {key=InventorySort} Сортировать
									
hint_quick_wheel_touch	{touch=Drag} Configure;  {touch=Tap} Confirm		{touch=Drag}  Configurer; {touch=Tap} Confirmer	{touch=Drag}  Konfigurieren; {touch=Tap} Bestätigen	{touch=Drag} Configurar; {touch=Tap} Confirmar	{touch=Drag} Configurar; {touch=Tap} Confirmar	{touch=Drag} 装配;  {touch=Tap} 确认	{touch=Drag} 設定;  {touch=Tap} OK	{touch=Drag} Настроить;  {touch=Tap} Подтвердить
hint_map_touch	{key=none, mouse=LB, touch=Tap} Zoom		{key=none, mouse=LB, touch=Tap} Zoomer	{key=none, mouse=LB, touch=Tap} Zoomen	{key=none, mouse=LB, touch=Tap} Acercar	{key=none, mouse=LB, touch=Tap} Zoom	{key=none, mouse=LB, touch=Tap} 缩放	{key=none, mouse=LB, touch=Tap} ズーム	{key=none, mouse=LB, touch=Tap} Увеличить
									
hint_skillbuy_touch	{key=ConfirmUI, touch=Hold} Confirm; {key=Esc} Exit		{key=ConfirmUI, touch=Hold} Confirmer; {key=Esc} Quitter	{key=ConfirmUI, touch=Hold} Bestätigen; {key=Esc} Verlassen	{key=ConfirmUI, touch=Hold} Confirmar; {key=Esc} Salir	{key=ConfirmUI, touch=Hold} Confirmar; {key=Esc} Sair	{key=ConfirmUI, touch=Hold} 确认; {key=Esc} 退出	{key=ConfirmUI, touch=Hold} OK; {key=Esc} 終了	{key=ConfirmUI, touch=Hold} Подтвердить; {key=Esc} Выход
									
hint_inventory_transfer_single_touch	{key=Confirm, touch=Tap} Transfer		{key=Confirm, touch=Tap} Transférer	{key=Confirm, touch=Tap} Transferieren	{key=Confirm, touch=Tap} Transferir	{key=Confirm, touch=Tap} Transferir	{key=Confirm, touch=Tap} 转移	{key=Confirm, touch=Tap} 移す	{key=Confirm, touch=Tap} Перенести
hint_inventory_transfer_touch	{key=Confirm, touch=Tap} Transfer		{key=Confirm, touch=Tap} Transférer	{key=Confirm, touch=Tap} Transferieren	{key=Confirm, touch=Tap} Transferir	{key=Confirm, touch=Tap} Transferir	{key=Confirm, touch=Tap} 转移	{key=Confirm, touch=Tap} 移す	{key=Confirm, touch=Tap} Перенести
									
	// key tag is used to emulate key press, but icon is only shown if touch tag is present.								
hint_place_rotate_touch	{key=Confirm} Rotate		{key=Confirm} Faire pivoter	{key=Confirm} Drehen	{key=Confirm} Rotar	{key=Confirm} Girar	{key=Confirm}旋转	{key=Confirm} 回転	{key=Confirm} Повернуть
hint_saveload_load_touch	{key=ConfirmUI, touch=Hold} Load slot; {key=SpecialAction} Delete slot		{key=ConfirmUI, touch=Hold} Charger la partie; {key=SpecialAction} Supprimer la partie	{key=ConfirmUI, touch=Hold} Platz laden; {key=SpecialAction} Platz löschen; 	{key=ConfirmUI, touch=Hold} Cargar ranura; {key=SpecialAction} Eliminar ranura	{key=ConfirmUI, touch=Hold} Carregar espaço; {key=SpecialAction} Apagar espaço	{key=ConfirmUI, touch=Hold} 读取存档;{key=SpecialAction} 删除存档	{key=ConfirmUI, touch=Hold} スロット読み込み; {key=SpecialAction} スロット削除	{key=ConfirmUI, touch=Hold} Загрузить сохранение; {key=SpecialAction} Удалить сохранение
hint_gamefiles_touch									
hint_menu_magicmanshop_mobile	{key=Esc} Exit		{key=Esc} Quitter	{key=Esc} Verlassen	{key=Esc} Salir	{key=Esc} Sair	{key=Esc} 退出	{key=Esc} 終了	{key=Esc} Выход
									

	EN	COMMENTS	FR	DE	ES	BR	CN	JP	RU
	// NOTIFICATION MESSAGES								
notification_inv_full	Inventory is full		L'inventaire est plein.	Inventar ist voll.	El inventario está lleno.	O inventário está cheio	随身物品栏已满	所持品がいっぱいです	Инвентарь полон.
notification_chest_full	Chest is full		Le coffre est plein.	Truhe ist voll.	El cofre está lleno.	O baú está cheio	箱子已满	収納箱がいっぱいです	Сундук полон.
notification_inv_full_desc	Remove items to free up some space		Retire des objets pour faire de la place.	Entferne Gegenstände, um Platz zu schaffen.	Elimina algún objeto para liberar espacio.	Remova itens para liberar espaço	移除物品以释放一些空间	アイテムを捨ててスペースを作ってください	Освободите место, убрав предметы.
notification_inv_full_ando	Can't activate an Ando Tree while your inventory is full!		Impossible d'activer un arbre Ando quand ton inventaire est plein.	Andobaum kann nicht aktiviert werden, solange dein Inventar voll ist.	No puedes activar un árbol Ando con el inventario lleno.	Não é possível ativar uma Árvore Anciã enquanto seu inventário está cheio!	当你的随身物品栏已满时，无法激活安藤树！	所持品がいっぱいのため、アンドの木を起動できません！	Нельзя активировать Андо Дерево, когда инвентарь полон!
notification_inv_full_shrine	Can't activate a shrine while your inventory is full!		Impossible d'activer un autel quand ton inventaire est plein.	Schrein kann nicht aktiviert werden, solange dein Inventar voll ist.	No puedes activar un santuario con el inventario lleno.	Não é possível ativar um santuário enquanto seu inventário está cheio!	当你的随身物品栏已满时，无法激活神龛！	所持品がいっぱいのため、祭壇を起動できません！	Нельзя активировать Святилище, когда инвентарь полон!
notification_cant_remove_item	This item can’t be removed from the inventory.		Cet objet ne peut pas être retiré de l'inventaire.	Dieser Gegenstand kann nicht aus dem Inventar entfernt werden.	No se puede eliminar este objeto del inventario.	Este item não pode ser removido do inventário.	该物品无法从随身物品栏中移除。	このアイテムは所持品から捨てられません。	Этот предмет нельзя убрать из инвентаря.
notification_chest_not_empty	Chest not empty		Le coffre n'est pas vide.	Truhe ist nicht leer.	El cofre no está vacío.	O baú não está vazio	箱子不是空的	収納箱がからっぽではありません	В сундуке есть предметы.
notification_lab_not_empty	Alchemy lab not empty		Le labo d'alchimie n'est pas vide.	Alchemielabor ist nicht leer.	El laboratorio de alquimia no está vacío.	O laboratório de alquimia não está vazio	魔法实验室不是空的	錬金術ラボがからっぽではありません	В Лаборатории Алхимика есть предметы.
notification_furnace_not_empty	Furnace not empty		Le fourneau n'est pas vide.	Hochofen ist nicht leer.	La fragua no está vacía.	A fornalha não está vazia	锻造炉不是空的	かまどがからっぽではありません	Печь не пуста.
notification_tent_cant_remove	Can't be removed. You must have at least one Home placed.		Impossible de l'enlever. Tu dois avoir au moins un domicile installé.	Kann nicht entfernt werden. Du musst mindestens ein Zuhause platzieren.	No se puede eliminar. Debes tener al menos una casa.	Não é possível remover. Você deve ter pelo menos um lar montado.	无法移除。你必须至少放置一座家庭房屋。	片づけられません。家は必ず1つ必要です。	Нельзя убрать. Необходимо иметь хотя бы один Дом.
notification_barn_cant_remove	Can't be removed. You must have at least one Spirit Barn placed.		Impossible de l'enlever. Tu dois avoir au moins un abri à esprits installé.	Kann nicht entfernt werden. Du musst mindestens eine Geisterscheune platzieren.	No se puede eliminar. Debes tener al menos un establo para espíritus.	Não é possível remover. Você deve ter pelo menos uma Morada dos Espíritos montada.	无法移除。你必须至少放置一个精灵棚。	片づけられません。精霊の小屋は必ず1つ必要です。	Нельзя убрать. Необходимо иметь хотя бы один Амбар.
notification_greenhouse_cant_remove	Can't be removed. You must have at least one Greenhouse placed.		Impossible de l'enlever. Tu dois avoir au moins une serre installée.	Kann nicht entfernt werden. Du musst mindestens ein Gewächshaus platzieren.	No se puede eliminar. Debes tener al menos un invernadero.	Não é possível remover. Você deve ter pelo menos uma Estufa montada.	无法移除。你必须至少放置一座温室。	片づけられません。温室は必ず1つ必要です。	Нельзя убрать. Необходимо иметь хотя бы одну Теплицу.
notification_stall_cant_remove	Stall can't be removed while it's in use.		Une mangeoire ne peut pas être enlevée quand elle est en cours d'utilisation.	Box kann nicht entfernt werden, solange sie in Gebrauch ist.	No se puede eliminar el pesebre mientras esté en uso.	O comedouro não pode ser removido enquanto estiver em uso.	无法移除正在使用的隔间。	使用中の精霊房は片づけられません。	Стойло нельзя убрать, пока оно используется.
notification_nest_cant_remove	Nest can't be removed while there is an egg in it.		Un nid ne peut pas être enlevé quand un œuf s'y trouve.	Nest kann nicht entfernt werden, solange ein Ei darin liegt.	No se puede eliminar el nido mientras haya un huevo dentro.	O ninho não pode ser removido enquanto houver um ovo nele.	当精灵巢中含有精灵蛋时，无法将其移除。	タマゴがある巣は片づけられません。	Гнездо нельзя убрать, пока в нём есть яйцо.
notification_egg_cant_remove	Can't be removed. This egg has already started hatching.		Impossible de l'enlever. Cet œuf a déjà commencé à éclore.	Kann nicht entfernt werden. Aus diesem Ei schlüpft bereits etwas.	No se puede eliminar. El huevo ha empezado a eclosionar.	Não é possível remover. Este ovo já começou a chocar.	无法移除。这颗蛋已经开始孵化了。	片づけられません。このタマゴは既にふ化が始まっています。	Нельзя убрать. Это яйцо уже начало высиживаться.
notification_cant_remove	Can't be removed while it's in use.		Cet élément ne peut pas être enlevé quand il est en cours d'utilisation.	Kann nicht entfernt werden, solange in Gebrauch.	No se puede eliminar mientras esté en uso.	Não é possível enquanto está em uso.	使用期间无法移除。	使用中は片づけられません。	Предмет нельзя убрать, т.к. он используется.
									
									
notification_wrong_item	Wrong item!		Mauvais objet !	Falscher Gegenstand!	¡Objeto equivocado!	Item errado!	物品错误！	アイテムがまちがっています！	Неподходящий предмет!
notification_crafting_not_allowed	I shouldn't be crafting right now.		Je ne devrais pas fabriquer ça maintenant.	Ich sollte jetzt etwas herstellen.	No debería fabricar nada ahora mismo.	Eu não deveria estar criando agora.	我现在不应该做制作工作。	今はクラフトしている場合じゃない。	Я не могу сейчас заниматься крафтом.
									
notification_placeable_cant_place	This item can't be placed here.		Cet objet ne peut pas être placé ici.	Dieser Gegenstand kann hier nicht platziert werden.	Este objeto no se puede colocar aquí.	Este item não pode ser colocado aqui.	该物品不能放置在这里。	このアイテムはここに置けません。	Этот предмет нельзя установить здесь.
									
action_not_permitted	I can't do this here.		Je ne peux pas faire ça ici.	Ich kann das hier nicht tun.	Aquí no puedo hacerlo.	Não posso fazer isso aqui.	我不能在这里做这个。	これはここで使えない。	Я пока не могу это сделать.
action_not_permitted_in_tutorial	Wait, I need this!		Non, j'en ai besoin !	Warte, ich brauche das!	Espera, ¡lo necesito!	Espere, eu preciso disso!	等等，我需要这个！	待って、これは必要だよ！	Подожди, это мне нужно!
									
notification_barn_spirit_relocated	The Spirit will now be assigned to this stall.		Cet esprit est désormais affecté à cette mangeoire.	Der Geist wird jetzt dieser Box zugewiesen.	El espíritu será asignado a este pesebre.	O Espírito agora será atribuído a este comedouro.	现在，精灵将被分配到这个隔间。	精霊がこの房に割り当てられます。	Дух теперь будет находиться в этом стойле.
									
notification_item_picked_up	Item picked up		Objet placé dans l'inventaire	Gegenstand aufgenommen.	Objeto recogido.	Item recolhido	物品已拾取	拾ったアイテム	Найден предмет
notification_item_discovered	New item discovered		Nouvel objet découvert	Neuen Gegenstand entdeckt.	Nuevo objeto descubierto.	Novo item descoberto	发现新物品	新しく見つけたアイテム	Найден новый предмет
notification_item_lost	Item lost		Objet perdu	Gegenstand verloren.	Objeto perdido.	Item perdido	物品丢失	失ったアイテム	Предмет потерян
									
notification_cant_craft	Can't craft item		Impossible de fabriquer cet objet.	Kann Gegenstand nicht herstellen.	No se puede fabricar.	Não é possível criar o item	无法制作物品	アイテムクラフト不可	Невозможно изготовить
notification_cant_craft_desc	Not enough materials		Pas assez de matériaux.	Nicht genug Materialien.	Faltan materiales.	Faltam materiais	材料不够	素材不足	Недостаточно материалов
notification_item_crafted	Item crafted!		Objet fabriqué !	Gegenstand hergestellt!	¡Objeto fabricado!	Item criado!	物品制作完成！	アイテムのクラフト完了！	Предмет изготовлен!
notification_item_added_to_inventory	{item} added to the inventory		{item} : objet ajouté à l'inventaire.	{item} dem Inventar hinzugefügt.	Añadido al inventario: {item}.	Adicionou {item} ao inventário	{item} 已添加至随身物品栏	所持品に追加: {item}	{item}: добавлено в инвентарь
notification_cant_craft_already_own	You already own this tool		Tu possèdes déjà cet outil.	Du besitzt dieses Werkzeug bereits.	Ya tienes esta herramienta.	Você já tem esta ferramenta	你已经拥有这个工具	この道具は既に持っています	У вас уже есть этот инструмент
									
notification_lab_furnace_wrong_item	There aren’t any slots available for this item		Il n'y a pas d'emplacement disponible pour cet objet.	Für diesen Gegenstand sind nicht keine Plätze frei.	No hay ninguna ranura disponible para este objeto.	Não há espaços disponíveis para este item	没有该物品可用的栏位	このアイテムが使えるスロットがありません	Нет подходящих слотов для этого предмета
notification_lab_collect	Collect the concoction first!		Récupère d'abord la préparation !	Sammle zuerst die Mixtur ein.	¡Primero recoge el brebaje!	Colete a preparação primeiro!	先收取调制糊糊！	先に調合物を回収してください！	Сначала заберите готовую настойку!
UNUSED_notification_lab_finished	Brewing finished!		Préparation terminée !	Brauen abgeschlossen!	¡Elaboración terminada!	Fabricação finalizada!	熬煮完毕！	醸造完了！	Настойка готова!
notification_furnace_collect	Collect the crafted item first!		Récupère d'abord l'objet fabriqué !	Sammle zuerst den hergestellten Gegenstand ein.	¡Primero recoge el objeto fabricado!	Colete o item criado primeiro!	先收取制作好的物品！	先にクラフトしたアイテムを回収してください！	Сначала соберите изготовленный продукт!
UNUSED_notification_furnace_finished	Furnace finished!		Transformation au fourneau terminée !	Schmelzen fertig!	¡La fragua ha terminado!	Fornalha finalizada!	锻造炉完成了！	かまど完了！	Печь неактивна
									
notification_item_cant_sell	This item can't be sold!		Cet objet ne peut pas être vendu.	Dieser Gegenstand kann hier nicht verkauft werden.	¡No se puede vender este objeto!	Este item não pode ser vendido!	该物品无法出售！	このアイテムは売れません！	Этот предмет нельзя продать!
notification_item_sold	Shipped x{quantity} {item}		Expédition : {item} x{quantity}	{quantity}x {item} geliefert.	Envío: {item} ({quantity})	Enviou {item} x{quantity}	已运输 x {quantity} {item}	出荷 x{quantity} {item}	Продано: {quantity} {item}
									
notification_cant_fly	Can’t fly here! Stand on an edge and face the sky.		Impossible de voler ici. Place-toi devant un bord et fais face au ciel.	Du kannst hier nicht fliegen! Stell dich an eine Kante und schau in den Himmel.	¡Aquí no puedes volar! Acércate a un borde y mira al cielo.	Não dá para voar aqui! Fique em uma borda de frente para o céu.	这里不能飞行！站在边缘处，面向天空。	ここでは飛べません！ 端に立ち、空の方を向いてください。	Чтобы взлететь, встаньте на край и повернитесь в сторону неба.
notification_cant_fly_over_water	Can’t fly here! Place bridges to cross water.		Impossible de voler ici. Place des ponts pour franchir l'eau.	Du kannst hier nicht fliegen! Platziere Brücken, um das Wasser zu überqueren.	¡Aquí no puedes volar! Construye puentes para cruzar el agua.	Não dá para voar aqui! Coloque pontes para atravessar a água.	这里不能飞行！放置桥梁以跨越水域。	ここでは飛べません！ 橋を設置して水面を渡りましょう。	Нельзя взлетать над водой. Чтобы пересечь воду, постройте мост.
notification_cant_use_glider	Gliders can't be used inside dungeons!		Impossible d'utiliser le planeur dans les donjons.	Gleiter können nicht in Verliesen verwendet werden!	¡No se puede usar el aerodeslizador en las mazmorras!	Sua asa-delta não pode ser usada dentro de masmorras.	不能在地下城内使用滑翔机！	ダンジョン内でグライダーは使えません！	Внутри подземелий нельзя использовать планёры!
notification_cant_fly_in_temple	I can't fly inside temples!		Je ne peux pas voler à l'intérieur des temples.	Ich kann in Tempeln nicht fliegen!	¡No se puede volar dentro de los templos!	Não posso voar dentro de templos!	我不能在神庙内飞行！	寺院の中では飛べない！	Внутри храма нельзя летать!
notification_cant_teleport_in_temple	The energy inside the Temple prohibits the use of teleportation.		L'énergie présente dans le temple interdit l'usage de la téléportation.	Die Energie im Tempel verhindert die Nutzung von Teleportation.	La energía que hay en este templo impide la teletransportación.	A energia dentro do Templo proíbe o uso de teletransporte.	传送被神庙内的能量禁止。	寺院内のエネルギーのせいで、テレポートは使えません。	Энергия внутри Храма запрещает использование телепортации.
notification_cant_fly_swim	Can’t fly here! Try using flippers to swim.		Impossible de voler ici. Essaie d'utiliser des palmes pour nager.	Du kannst hier nicht fliegen! Versuche, mit Schwimmflossen zu schwimmen.	¡Aquí no puedes volar! Intenta usar las aletas para nadar.	Não dá para voar aqui! Tente usar pés de pato para nadar.	这里不能飞行！尝试使用脚蹼游泳。	ここでは飛べません！ フリッパーを使って泳いでみましょう。	Здесь нельзя летать! Попробуйте использовать ласты для плавания.
									
notification_cant_plant	Can't plant here. {item} must be planted in a hole. Use your hoe to dig a hole		Impossible de planter cette culture ici : {item}. Tu dois la planter dans un trou. Utilise ta pioche pour en creuser un.	Du kannst hier nicht pflanzen. {item} muss in einem Loch gepflanzt werden. Benutze deine Hacke, um ein Loch zu graben.	No puedes cultivar esto aquí: {item}. Tienes que cavar un hoyo con la azada para hacerlo.	Não dá para plantar aqui. Plante {item} em um buraco. Use sua enxada para cavar um buraco	无法在这里种植。必须将{item}种植在洞里。用锄头挖一个洞	ここには植えられません。 {item} は穴の中に植えてください。クワを使って穴を掘りましょう	Используйте мотыгу, чтобы вырыть лунку в земле и посадить эти семена.
notification_cant_plant_water	Can't plant here. {item} must be planted in water.		Impossible de planter cette culture ici : {item}. Tu dois la planter dans l'eau.	Du kannst hier nicht pflanzen. {item} muss in Wasser gepflanzt werden.	No puedes cultivar esto aquí: {item}. Es una planta de agua.	Não dá para plantar aqui. Plante {item} na água.	无法在这里种植。必须将{item}种植在水中。	ここには植えられません。 {item} は水中に植えてください。	Эти семена не растут в земле, посадите их в воду.
notification_cant_plant_ladder	Can't plant here. Ladder Plant must be planted under a cliff.		Impossible de planter cette culture ici. La plantéchelle doit être plantée au pied d'une falaise.	Du kannst hier nichts pflanzen. Leiterpflanze muss unter einer Klippe gepflanzt werden.	No puedes cultivar esto aquí: escaladera. Tienes que plantarla bajo un desnivel.	Não dá para plantar aqui. Plante Escadaplanta sob um penhasco.	无法在这里种植。梯植必须种植在悬崖下。	ここには植えられません。ハシゴソウが植えられるのは崖の下だけです。	Лестница-вьюн растет только под утёсом.
notification_plant_wont_grow	This plant may not have enough time to grow before the end of the season!		Cette plante n'aura peut-être pas le temps de pousser avant la fin de la saison.	Diese Pflanze hat vielleicht nicht mehr genug Zeit zum Wachsen, bis die Jahreszeit endet!	¡Puede que esta planta no crezca antes del cambio de estación!	Esta planta pode não ter tempo suficiente para crescer antes do final da temporada!	到该季节结束之前的时间可能不足以供这种植物生长！	この植物は季節が変わる前に育ちきらない可能性があります！	Это растение может не успеть вырасти до конца сезона!
notification_cant_farm_in_winter	The ground is frozen. Try using a Greenhouse.		Le sol est gelé. Essaie d'utiliser une serre.	Der Boden ist gefroren. Versuche es mit einem Gewächshaus.	El suelo está congelado. Usa el invernadero.	O chão está congelado. Tente usar uma estufa.	地面结冰了。试试使用温室。	地面が凍っています。温室を使ってみましょう。	Земля замёрзла, но вы можете выращивать растения в Теплице.
notification_cant_farm_wrong_season	It's the wrong season for this crop.		Ce n'est pas la bonne saison pour cette culture.	Es ist die falsche Jahreszeit für diese Pflanze.	No es la estación adecuada para este cultivo.	Essa é a estação errada para plantar isso.	现在不是种植这种作物的季节。	この作物が育つ季節ではありません。	Сейчас неподходящий сезон для этого растения.
UNUSED_notification_cant_destroy_in_town	I shouldn't destroy town property...		Je ferais mieux d'éviter de détruire ce qui appartient au village...	Ich sollte das Eigentum der Stadt nicht beschädigen.	No debería destruir las cosas del pueblo...	Eu não deveria destruir propriedade pública...	我不应该破坏镇上的财物……	町のものをこわしちゃダメだ…	Не стоит разрушать городскую собственность.
									
									
									
ando_message1	The Ando Tree fills you with strength...		L'arbre Ando te remplit de force...	Der Andobaum erfüllt dich mit Kraft ...	El árbol Ando te da fuerza...	A Árvore Anciã te dá forças...	安藤树会让你充满力量……	アンドの木で力がみなぎる…	Андо Дерево наполняет вас силой...
ando_message2	Your Stamina is permanently increased.		Ton endurance augmente de façon permanente.	Deine Ausdauer wird permanent erhöht.	Tu resistencia ha aumentado de forma permanente.	Sua Resistência foi aumentada permanentemente.	你的耐力得到永久增加。	スタミナの最大値が増加！	Ваша Выносливость выросла.
									
notification_quest_updated	Quest updated		Quête mise à jour	Quest aktualisiert	Misión actualizada	Missão atualizada	任务已更新	クエスト更新	Задание обновлено
									
notification_night_time	I should get to bed before the Moon gets too high!		Je ferais mieux d'aller me coucher avant qu'il soit trop tard.	Ich sollte ins Bett gehen, bevor der Mond zu hoch steht.	Debería irme a la cama antes de que la luna alcance su cenit.	Eu deveria ir para a cama antes que a Lua fique muito alta!	我应该在月亮没有升得太高时上床睡觉！	月が昇り過ぎる前に寝なくちゃ！	Мне нужно лечь спать, пока Луна не поднялась слишком высоко!
notification_date_early	I’m early! We’re meeting here at 20:00!		Je suis en avance ! On doit se retrouver ici à 20 heures.	Ich bin zu früh. Wir treffen uns erst um 20 Uhr.	¡He llegado pronto! Hemos quedado a las 20:00.	Me adiantei! A gente vai se encontrar aqui às 20h!	我来早了！我们 20:00 在这里见面！	まだ早い！ 待ち合わせは20時！	Ещё рано! Мы договорились встретиться здесь в 20:00!
notification_date_soon	My date starts in one hour!		Mon rendez-vous commence dans une heure !	Mein Date ist in einer Stunde!	¡Falta una hora para mi cita!	Meu encontro começa em uma hora!	我的约会一小时后开始！	デートまであと1時間！	Моё свидание начинается через час!
reaction_date_successful	I think that went well!		Je pense que ça s'est super bien passé !	Das lief gut.	Creo que ha ido bien.	Acho que correu muito bem!	我觉得进展顺利！	うまくいったみたい！	Мне кажется, всё прошло хорошо!
reaction_date_ok	I think that went ok.		Je pense que ça s'est bien passé.	Das lief ganz okay.	Me parece que no ha ido mal.	Acho que foi ok.	我觉得一切顺利。	大丈夫そう。	Вроде, прошло неплохо.
reaction_date_failed	I think that could have been better...		Je pense que ça aurait pu être mieux...	Das hätte besser laufen können.	Podría haber ido mejor...	Acho que poderia ter sido melhor...	我觉得本来可以更好……	もっとうまくできたのにな…	Пожалуй, что-то пошло не так...
									
notification_festival_exit	I should stay for the fireworks!		Je devrais rester pour le feu d'artifice.	Ich sollte für das Feuerwerk bleiben.	¡Debería quedarme a ver los fuegos artificiales!	Eu deveria ficar para os fogos de artifício!	我应该留下来看烟花！	待っていたら花火が始まる！	Мне стоит остаться посмотреть фейерверки!
									
fishing_success	Got it!		Je l'ai attrapé !	Hab ihn!	¡Lo tengo!	Isso!	拿到了！	やった！	Поймалась!
fishing_fail	Ugh, lost it...		Pff, le poisson a pris la fuite...	Puh, verloren ...	Arg, lo he perdido...	Ah, perdi...	呃，丢了……	ああ、逃げられちゃった…	Эх, сорвалась...
									
notification_npc_cant_talk	They're done with talking for today.		Tu ne peux plus parler avec cette personne aujourd'hui.	Der Charakter hat für heute genug geredet.	Ya no quiere hablar más por hoy.	Já conversaram o suficiente por hoje.	他们今天的谈话结束了。	今日の会話は終えました。	Этот персонаж закончил общение на сегодня.
notification_npc_cant_gift_today	You can't give any more gifts to them today.		Tu ne peux plus offrir de cadeaux à cette personne aujourd'hui.	Du kannst diesem Charakter heute kein Geschenk mehr geben.	Hoy ya no puedes hacerle más regalos.	Você já deu presentes o suficiente para essa pessoa por hoje.	今天你不能再给 TA 送礼物了。	今日はもうプレゼントできません。	Вы уже дарили подарок сегодня этому персонажу.
notification_npc_cant_gift_week	You can't give any more gifts to them this week.		Tu ne peux plus offrir de cadeaux à cette personne cette semaine.	Du kannst diesem Charakter diese Woche kein Geschenk mehr geben.	Esta semana ya no puedes hacerle más regalos.	Você já deu presentes o suficiente para essa pessoa essa semana.	这周内你不能再给 TA 送礼物了。	今週はもうプレゼントできません。	Вы уже дарили им достаточно подарков на этой неделе.
notification_npc_date_already_set	Date is already scheduled!		Tu as déjà un rendez-vous de prévu !	Du hast schon ein Date ausgemacht.	¡La cita ya está programada!	O encontro já está marcado!	日期已经定了！	既にデートの約束をしています！	Свидание уже запланировано!
notification_npc_cant_ask_today	Can't ask this character for a date today.		Tu ne peux pas proposer de rendez-vous à cette personne aujourd'hui.	Du kannst diesen Charakter heute nicht nach einem Date fragen.	Hoy no le puedes pedir una cita a este personaje.	Não posso chamar essa pessoa para um encontro hoje.	今天不能约这个人。	今日はこのキャラクターをデートに誘えません。	Сегодня вы не можете пригласить этого персонажа на свидание.
notification_npc_cant_ask_week	I'm already going on two dates with them this week! Maybe next week.		J'ai déjà deux rendez-vous avec cette personne cette semaine. On verra la semaine prochaine.	Wir haben diese Woche schon zwei Dates. Vielleicht nächste Woche.	¡Ya hemos quedado dos veces esta semana! Quizá para la próxima.	Nós já vamos a dois encontros esta semana! Talvez na próxima semana.	这周我已经和 TA 约会了两次！下周再约吧。	今週はもう、この人とデートを2回する！ 来週だね。	Я уже иду на два свидания с ними на этой неделе! Может быть, в следующую.
notification_npc_cant_ask_magicman	Can't ask on a date until his mind has been restored.		Tu ne peux pas lui proposer de rendez-vous tant qu'il n'a pas retrouvé la mémoire.	Ich kann ihn erst nach einem Date fragen, wenn er wieder er selbst ist.	No puedo pedirle que salga conmigo hasta haber restaurado su mente.	Não dá para chamá-lo para um encontro até que sua mente seja restaurada.	在他的神志恢复之前不能提出约会请求。	彼の心が元に戻るまで、デートには誘えません。	Волшебника нельзя позвать на свидание, пока его разум не восстановлен.
notification_npc_date_success	We're going on a date!		On a rendez-vous ensemble !	Wir haben ein Date!	¡Tenemos una cita!	Nós vamos a um encontro!	我们要去约会了！	デートに行こう！	Мы идем на свидание!
notification_npc_date_another_scheduled	I already have something scheduled that day.		J'ai déjà quelque chose de prévu ce jour-là.	Ich habe an dem Tag schon was vor.	Ya tengo un compromiso ese día.	Já tenho planos pra esse dia.	我那天已经有安排了。	その日はもう予定が入ってる。	У меня уже есть другие планы на этот день.
notification_npc_date_home_locked	Home dates are locked until you are in a relationship.		Les rendez-vous à la maison sont verrouillés jusqu'à ce que tu sois en couple avec la personne.	Dates zu Hause sind gesperrt, bis du in einer Beziehung bist.	Las citas en casa están bloqueadas hasta que tengas una relación.	Encontros em casa estão bloqueados até que você esteja em um relacionamento.	在你们开始交往前，“在家约会”将被锁定。	おうちデートは恋人になるまでできません。	Домашние свидания недоступны, пока вы не начнете отношения.
notification_npc_heartbroken	You've broken up.		Vous avez rompu.	Du hast dich getrennt.	Habéis roto.	Você terminou.	你们已经分手了。	破局しました。	Вы расстались.
notification_npc_no_new_spirits	I don't have any new Spirit Research to turn in.		Je n'ai pas de nouvelles données sur les esprits à transmettre.	Ich habe keine neue Geisterforschung zum Einreichen.	No tengo ningún informe de espíritus que entregar.	Não tenho nenhuma Pesquisa sobre Espíritos nova para entregar.	我没有新的精灵研究对象可以提交。	提出できる新しい精霊の調査がない。	У меня нет новой информации для исследования духов.
									
									
notification_crafting_recipe_discovered	New crafting recipe!		Nouveau plan !	Neues Herstellungsrezept!	¡Nuevo diseño de fabricación!	Nova receita de criação!	新制作配方！	新しいクラフトレシピ！	Новая схема крафта!
									
notification_spirit_points_available	I have upgrade points to spend in my Medallion!		J'ai des points d'amélioration à dépenser dans mon médaillon !	Ich habe Verbesserungspunkte für mein Medaillon!	Tengo puntos de mejora disponibles en el medallón.	Tenho pontos de melhoria para gastar no meu Medalhão!	我有升级积分，可以用来购买徽章！	メダルにアップグレードポイントがある！	Мои Духи в медальоне готовы к повышению уровня!
									
notification_no_skill_points	No skill points available in this category.		Aucun point de compétence disponible dans cette catégorie.	Keine Fähigkeitspunkte verfügbar in dieser Kategorie.	No tengo ningún punto de habilidad disponible en esta categoría.	Não há pontos de habilidade disponíveis nesta categoria.	此类别中没有可用的技能点。	このカテゴリーで使えるスキルポイントはありません。	В этой категории нет доступных Очков Навыков.
									
notification_shop_will_open_today	Opens at {time} today		Ouvre à {time} aujourd'hui.	Öffnet heute um {time}	Abre hoy a las {time}.	Abre à(s) {time} hoje	将在今日 {time} 点开启	今日の {time} に開きます	Открывается в {time} сегодня
notification_shop_will_open_tomorrow	Opens at {time} tomorrow		Ouvre à {time} demain.	Öffnet morgen um {time}	Abre mañana a las {time}.	Abre à(s) {time} amanhã	将在明日 {time} 点开启	明日の {time} に開きます	Открывается в {time} завтра
									
notification_shop_cant_purchase	I can’t afford this item!		Je n'ai pas les moyens de m'offrir cet objet.	Ich kann mir das nicht leisten.	¡Este objeto es demasiado caro para mí!	Não posso pagar por esse item!	我买不起这件物品！	このアイテムは買えない！	Я не могу купить этот товар!
notification_shop_no_items	There are no items for sale.		Il n'y a aucun article en vente.	Es gibt nichts zu verkaufen.	No hay ningún objeto a la venta.	Não há itens à venda.	没有正在出售的物品。	売れるアイテムがありません。	Нет товаров на продажу.
notification_home_upgrade_purchased	Home upgrade purchased		Amélioration du domicile achetée	Hausverbesserung gekauft.	Has comprado una mejora para la casa.	Melhoria de Lar comprada	已购买家庭房屋升级	家アップグレードを購入	Приобретено расширение для дома
notification_greenhouse_upgrade_purchased	Greenhouse upgrade purchased		Amélioration de la serre achetée	Gewächshausverbesserung gekauft.	Has comprado una mejora para el invernadero.	Melhoria de Estufa comprada	已购买温室升级	温室アップグレードを購入	Приобретено расширение для теплицы
notification_barn_upgrade_purchased	Spirit barn upgrade purchased		Amélioration de l'abri à esprits achetée	Geisterscheunenverbesserung gekauft.	Has comprado una mejora para el establo para espíritus.	Melhoria de Morada dos Espíritos comprada	已购买精灵棚升级	精霊の小屋アップグレードを購入	Приобретено расширение для амбара
notification_home_not_installed	I need to have a home placed somewhere to purchase this.		Je dois avoir mon propre domicile pour pouvoir acheter ceci.	Ich muss ein Zuhause platziert haben, um das kaufen zu können.	Si quiero comprar esto, primero tengo que colocar una casa.	Eu preciso de um lar colocado em algum lugar para comprar isso.	我需要在某处放置一座家庭房屋才可以购买这个。	どこかに家を置かないと買えない。 	Мне нужно сначала где-то разместить дом.
notification_greenhouse_not_installed	I need to have a Greenhouse placed somewhere to purchase this.		Je dois avoir une serre pour pouvoir acheter ceci.	Ich muss ein Gewächshaus platziert haben, um das kaufen zu können.	Si quiero comprar esto, primero tengo que instalar un invernadero.	Eu preciso de uma estufa colocada em algum lugar para comprar isso.	我需要在某处放置一座温室才可以购买这个。	どこかに温室を置かないと買えない。 	Мне нужно сначала где-то разместить теплицу.
notification_barn_not_installed	I need to have a Spirit Barn placed somewhere to purchase this.		Je dois avoir un abri à esprits pour pouvoir acheter ceci.	Ich muss eine Geisterscheune platziert haben, um das kaufen zu können.	Si quiero comprar esto, primero tengo que instalar un establo para espíritus.	Eu preciso de uma Morada dos Espíritos colocada em algum lugar para comprar isso.	我需要在某处放置一座精灵棚才可以购买这个。	どこかに精霊の小屋を置かないと買えない。	Мне нужно сначала где-то разместить амбар.
									
									
notification_lure_equipped	Fishing lure equipped		Hameçon équipé	Angelköder ausgerüstet.	Cebo de pesca equipado.	Iscas de pesca equipadas	配备鱼饵	釣りのルアー装備	Приманка на удочку установлена
notification_lure_no_rod	No fishing rod in the inventory		Aucune canne à pêche dans l'inventaire	Keine Angelrute im Inventar.	No hay ninguna caña de pescar en el inventario.	Sem vara de pesca no inventário	随身物品栏中没有鱼竿	釣りざおを持っていません	У меня нет удочки
notification_lure_unequipped	Fishing lure unequipped		Hameçon retiré	Angelköder nicht ausgerüstet.	Ningún cebo de pesca equipado.	Isca de pesca não equipada	未配备鱼饵	釣りのルアー未装備	Приманка с удочки убрана
									
notification_map_not_available	Map not available		Carte non disponible	Karte nicht verfügbar.	Mapa no disponible.	Mapa não disponível	地图不可用	マップは利用できません	Карта недоступна
									
notification_cant_start_new_relationship	You are already in a relationship with someone else.		Tu es déjà en couple avec quelqu'un d'autre.	Du bist schon mit jemandem in einer Beziehung.	Ya tienes una relación con otra persona.	Você já está em um relacionamento com outra pessoa.	你已经与其他人建立了交往关系。	既に他の人と交際しています。	Вы уже состоите в отношениях с кем-то другим.
notification_cant_breakup_relationship	You aren't in a relationship with them.		Tu n'es pas en couple avec cette personne.	Du bist mit diesem Charakter in keiner Beziehung.	No tienes una relación con esta persona.	Você não está em um relacionamento com essa pessoa.	你和 TA 没有建立交往关系。	この人とは交際していません。	Вы не состоите в отношениях с этим персонажем.
notification_sleepover_not_allowed	You must be in a relationship with them to sleep in their bed.		Tu dois être en couple avec cette personne pour pouvoir dormir dans son lit.	Du musst mit diesem Charakter in einer Beziehung sein, um in seinem Bett schlafen zu können.	Para dormir en la cama de otra persona, es necesario que tengáis una relación.	Você deve estar em um relacionamento com alguém para dormir na sua cama.	你必须与 TA 建立交往关系才能睡在 TA 的床上。	眠れるのは交際している相手のベッドでだけです。	Чтобы спать в их кровати, вы должны состоять с ними в отношениях.
notification_cant_enter_bedroom	You're not good enough friends to enter their bedroom.		Tu n'es pas assez proche de cette personne pour pouvoir entrer dans sa chambre.	Die Freundschaft ist noch nicht eng genug, um das Schlafzimmer zu betreten.	Vuestra relación de amistad no es tan fuerte como para entrar en su habitación.	Vocês não têm amizade o bastante para você entrar no quarto.	你们的关系不够要好，你不能进入 TA 的卧室。	寝室に入れるほど仲良くなっていません。	Вы недостаточно хорошие друзья, чтобы войти в их спальню.
									
									
player_fell_asleep1	You fell asleep...		La fatigue l'a emporté...	Du bist eingeschlafen ...	Te has dormido...	Você adormeceu...	你睡着了……	寝落ちしてしまいました…	Вы уснули...
player_fell_asleep2	Try to get to bed before 2AM!		Essaie d'aller au lit avant qu'il soit 2 heures du matin !	Versuche, vor 2 Uhr ins Bett zu gehen!	¡Intenta irte a dormir antes de las dos de la mañana!	Tente ir para a cama antes das 2 da manhã!	尽量在凌晨 2 点前上床睡觉！	AM2時より前にがんばってベッドへ行きましょう！	Постарайтесь лечь спать до 2 часов ночи!
player_fainted1	You passed out from exhaustion...		Tu as perdu connaissance à cause de la fatigue...	Du bist vor Erschöpfung eingeschlafen ...	Te has desmayado del cansancio...	Você desmaiou de exaustão...	你由于精疲力尽而昏倒了……	疲れすぎて気絶してしまいました…	Вы лишились сознания от усталости...
player_fainted2	Keep an eye on your Stamina!		Surveille ton endurance !	Achte auf deine Ausdauer!	¡Vigila tu resistencia!	Fique de olho na sua Resistência!	留意你的耐力值！	スタミナに注意しましょう！	Следите за своей выносливостью!
player_exhausted	You’re getting pretty exhausted…		Tu es presque à bout de force...	Du bist ziemlich erschöpft ...	Empiezas a notar el cansancio...	Você está ficando muito exauste...	你已经很累了……	かなり疲れてきています…	Вы сильно устали…
									
game_auto_paused	GAME PAUSED		JEU EN PAUSE	SPIEL PAUSIERT	PARTIDA PAUSADA	JOGO PAUSADO	游戏暂停	ポーズ中	ИГРА НА ПАУЗЕ
									
									
									
notification_remap_cancelled	Key was not changed		La touche n'a pas été changée.	Taste wurde nicht geändert.	No se ha cambiado la tecla.	O botão não foi alterado	未更改键	キーは変更できません	Клавиша не изменена
notification_remap_reserved	This key can not be mapped		Cette touche ne peut pas être utilisée.	Diese Taste kann nicht zugewiesen werden.	Esta tecla no se puede asignar a ninguna acción.	Esse botão não pode ser mapeado	该键无法映射	このキーは割り当てできません	Эту клавишу нельзя переназначить
notification_remap_used	This key is already assigned to another action		Cette touche est déjà associée à une autre action.	Diese Taste ist bereits einer anderen Aktion zugewiesen.	Esta tecla está asignada a otra acción.	Esse botão já está atribuído a outra ação	该键已指定为另一操作	このキーには既に別のアクションが割り当てられています	Эта клавиша уже назначена на другое действие
notification_remap_reset	All key mappings reset to default		L'association des touches a été réinitialisée aux valeurs par défaut.	Alle Tastenzuweisungen werden zurückgesetzt.	Las teclas han vuelto a sus valores predeterminados.	Todos os mapeamentos redefinidos	所有键映射重置为默认	すべてのキーマッピングを初期設定へ戻す	Все назначения клавиш сброшены на стандартные
									
									
notification_combat_doublespeed_on	Fast Mode Enabled		Mode rapide activé	Schnellmodus aktiviert	Modo rápido activado	Modo Rápido ativado	快速模式已启用	ファストモード有効	Быстрый режим включен
notification_combat_doublespeed_off	Fast Mode Disabled		Mode rapide désactivé	Schnellmodus deaktiviert	Modo rápido desactivado	Modo Rápido desativado	快速模式已禁用	ファストモード無効	Быстрый режим выключен
									
UNUSEDnotification_autosave_cant_be_removed	Can't remove an auto-save slot		Impossible de supprimer un emplacement de sauvegarde automatique.	Du kannst einen Automatischen Speicherplatz nicht entfernen.	No puedes eliminar el archivo de autoguardado.	Não é possível remover um espaço de salvamento automático	无法删除自动保存槽	オートセーブスロットは消去できません	Нельзя удалить слот автосохранения
notification_autosave_cant_be_overwritten	Can't overwrite an auto-save slot		Impossible d'écraser un emplacement de sauvegarde automatique.	Du kannst einen Automatischen Speicherplatz nicht überschreiben.	No puedes sobrescribir el archivo de autoguardado.	Não é possível substituir um espaço de salvamento automático	无法覆盖自动保存槽	オートセーブスロットには上書きできません	Нельзя перезаписать слот автосохранения
									
									
notification_cant_give_spirit_one	I can't give away the only Spirit in my medallion!		Je ne peux pas faire cadeau du seul esprit qui se trouve dans mon médaillon !	Ich kann den einzigen Geist in meinem Medaillon nicht weggeben!	¡No puedo deshacerme del único espíritu que tengo en el medallón!	Não posso entregar o único Espírito no meu medalhão!	我不能放弃我徽章中唯一的精灵！	メダルにいる精霊はこのコだけだから手放せない！	Я не могу отдать единственного Духа из моего медальона!
notification_cant_remove_cards	I cannot have fewer than 8 cards in a Spirit's deck.		Le deck d'un esprit ne peut pas contenir moins de 8 cartes.	Ich kann nicht weniger als 8 Karten in einem Geisterdeck haben.	El mazo de un espíritu no puede tener menos de 8 cartas.	Não posso ter menos de 8 cartas no baralho de um Espírito.	精灵卡组中的卡牌数量不能少于 8 张。	精霊のデッキには8枚以上のカードが必要だ。	В колоде Духа не может быть меньше 8 карт
									
notification_red_island	Spirits on this island are a much higher level than mine!		Les esprits de cette île ont un niveau bien plus élevé que les miens !	Die Geister auf dieser Insel haben eine viel höhere Stufe als meine!	¡El nivel de los espíritus de esta isla es mucho más alto que el mío!	Os Espíritos nesta ilha são de nível muito mais alto que o meu!	这座岛上的精灵的等级远远高于我的等级！	この島の精霊のレベルはこっちよりも高い！	Духи на этом острове намного выше моего уровня!
									
notification_scythe_upgrade_required	I need to upgrade my scythe to cut this...		Je dois améliorer ma faux pour couper ça...	Ich muss meine Sense verbessern, wenn ich das schneiden will ...	Voy a tener que mejorar la guadaña si quiero cortar esto...	Preciso melhorar minha foice para cortar isso...	我需要升级我的镰刀才能割……	これを刈るにはカマをアップグレードしないと…	Мне нужно улучшить мою косу, чтобы срубить это растение...
									
notification_whistle_used	I’ve already used the Warp Whistle today…		J'ai déjà utilisé la flûte de distorsion aujourd'hui...	Ich habe die Warppfeife heute schon benutzt ...	Hoy ya he usado la flauta mágica...	Já usei a Flauta Mágica hoje…	我今天已经使用过跃迁哨了……	今日はもうワープの笛を使っちゃった…	Я уже использовал сегодня Свисток Перемещения…
									
notification_cant_close_mine	I haven't collected all the chests from this mine yet.		Je n'ai pas encore ouvert tous les coffres de cette mine.	Ich habe noch nicht alle Truhen aus dieser Mine gesammelt.	Todavía no he recogido todos los cofres que hay en esta mina.	Ainda não coletei todos os baús desta mina.	我还没有把这座矿洞里的所有箱子收集完。	この鉱山には、まだ見つけていない宝箱がある。	Я ещё не собрал все сундуки из этой шахты.
									
									
									
notification_last_spirit_medallion	You need to have at least one Spirit in the Medallion.		Il te faut au moins un esprit dans ton médaillon.	Du musst mindestens einen Geist im Medaillon haben.	Tienes que guardar al menos un espíritu en el medallón.	Você precisa ter pelo menos um Espírito no medalhão.	徽章中至少需要有一名精灵。	メダルには1体以上の精霊が必要です。	Необходимо, чтобы в Медальоне был хотя бы один Дух.
notification_no_space_barn	There are no available stalls in the Spirit Barn.		Il n'y a pas de mangeoire disponible dans l'abri à esprits.	Es gibt keine verfügbaren Boxen in der Geisterscheune.	No hay ningún pesebre disponible en el establo.	Não há comedouros disponíveis na Morada dos Espíritos.	精灵棚中没有可用的隔间。	精霊の小屋に使える房がありません。	В Амбаре нет свободного стойла.
notification_no_barn	Spirits can only be moved to the barn if you have crafted and placed one!		Tu peux envoyer des esprits dans l'abri seulement si tu en as déjà construit et placé un.	Geister können nur in die Scheune bewegt werden, wenn du eine Scheune hergestellt und platziert hast.	Tienes que construir y colocar un establo para mover allí a un espíritu.	Os Espíritos só podem ser movidos para a Morada se você a tiver criado e posicionado!	只有制作并放置了精灵棚，才能将精灵移至棚内！	作って設置した小屋がある場合のみ、精霊を移動させられます！	Духов можно переместить в Амбар, только если вы создали и разместили его где-то!
									
notification_loom_copied	Copied to clipboard		Copié dans le presse-papiers	In Zwischenablage kopiert	Copiado al portapapeles.	Copiado para a área de transferência	复制到剪贴板	クリップボードにコピーしました	Скопировано в буфер обмена
									
notification_cant_open	I can’t open this…yet		Je ne peux pas ouvrir ceci... pour le moment.	Ich kann das ... noch nicht öffnen.	No se abre... Por ahora.	Não consigo abrir isso... ainda.	我暂时还无法……打开	これは開けられない… 今は。	Я пока не могу открыть эту дверь...
									
notification_sent_to_storage	The Spirit has been sent to the Science Center		L'esprit a été envoyé au labo.	Der Geist wurde zum Forschungszentrum geschickt.	Has enviado al espíritu al centro científico.	O Espírito foi enviado para o Centro de Ciências	该精灵已被送至科学中心	精霊を科学センターへ送りました	Дух был отправлен в Научный центр
notification_sent_to_barn	The Spirit has been sent to your Spirit Barn		L'esprit a été placé dans ton abri à esprits.	Der Geist wurde in deine Geisterscheune geschickt.	Has enviado al espíritu al establo para espíritus.	O Espírito foi enviado para a Morada dos Espíritos	该精灵已被送至精灵棚	精霊を精霊の小屋へ送りました	Дух был перемещен в ваш Амбар
notification_sent_to_medallion	The Spirit has been moved to your Medallion		L'esprit a été ajouté à ton médaillon.	Der Geist wurde deinem Medaillon hinzugefügt.	Has enviado al espíritu al medallón.	O Espírito foi movido para o seu medalhão	该精灵已被转移到你的徽章	精霊をメダルへ移動させました	Дух был перемещен в ваш Медальон
notification_no_space_medallion	There is no space in your Medallion		Il n'y a pas assez de place dans ton médaillon.	In deinem Medaillon ist kein Platz mehr.	No hay espacio en el medallón.	Não há espaço no seu medalhão	你的徽章内空间不足	メダルに空きがありません	В Медальоне нет места
notification_no_space_storage	Science Center storage is currently full		Le labo est plein pour le moment.	Das Forschungszentrum ist bereits voll.	El centro científico está lleno.	O armazenamento do Centro de Ciências está cheio no momento	科学中心存储库已满	科学センターのあずかりスペースに空きがありません	Хранилище Научного Центра заполнено
notification_no_spirits_in_storage	There are no spirits in storage		Il n'y a aucun esprit dans la réserve.	Es sind keine Geister im Lager vorhanden.	No hay ningún espíritu guardado.	Não há Espíritos armazenados	存储库里没有精灵	あずかりスペースに精霊がいません	В хранилище нет Духов
notification_spirit_let_go	The spirit has been let go		L'esprit a été relâché.	Der Geist wurde freigelassen.	Has soltado al espíritu.	O Espírito foi libertado	该精灵已被放走	精霊を逃がしました	Дух был отпущен на свободу
battle_tame_failed_infinidungeon	I can’t tame spirits down here		Je ne peux pas apprivoiser d'esprits ici !	Hier unten kann ich keine Geister zähmen!	¡Aquí abajo no puedo domar espíritus!	Não consigo domar Espíritos aqui!	我在下面无法驯服精灵！	ここの精霊は手なづけられない！	Я не могу приручать духов в этом подземелье
notification_tame_skill_low	This Spirit's level is too high, I need to upgrade my Spiritmancy skills to keep it		Le niveau de cet esprit est trop élevé. Je dois améliorer mes compétences en spiritomancie pour pouvoir le conserver.	Die Stufe des Geists ist zu hoch. Ich muss meine Geisterkunde verbessern, um ihn zu behalten.	El nivel del espíritu es demasiado alto. Tengo que mejorar mis habilidades de Espirimancia para mantenerlo domado.	Este Espírito tem o nível muito alto. Preciso melhorar minhas habilidades de Espiritomancia para mantê-lo.	这个精灵的等级太高了。我需要升级精灵占卜才能保留它。	この精霊はレベルが高すぎる。手なづけておくには「精霊使い」のスキルをアップグレードしないと。	Мне нужно улучшить навыки в приручении Духов, чтобы содержать его.
									
notification_npc_cant_ask_maximum	You've already been on all the dates with this character.		Tu as déjà assisté à tous les rendez-vous avec cette personne.	Du bist mit diesem Charakter schon auf allen Dates gewesen.	Ya has estado en todas las citas de este personaje.	Você já foi em todos os encontros possíveis com este personagem.	你已经用完了与这个人的所有约会次数。	このキャラクターとは最後までデートしました。	Вы уже ходили на все свидания с этим персонажем.
									
wedding_end_message	This is the first day of the rest of our lives... together!		C'est le premier jour du reste de notre vie... ensemble !	Das ist der erste Tag vom Rest ... unseres gemeinsamen Lebens!	Este es el primer día del resto de nuestras vidas... ¡como matrimonio!	Este é o primeiro dia do resto das suas vidas... juntos!	今天是我们终身相伴的……第一天！	今日からわたしたちは… 人生を共に過ごし始めるんだ！	Сегодня первый день нашей жизни... вместе!
									
notification_stove_cooking_finished	Meal finished cooking. Collect it before it burns!		Cuisson du plat terminée. Récupère-le avant qu'il soit carbonisé !	Gericht fertig zubereitet. Hol es dir, bevor es verbrennt!	La comida ya está lista. ¡Recógela antes de que se queme!	O cozimento do prato foi finalizado. Pegue-o antes que queime!	菜肴烹制完成，在烧焦之前收取起来！	調理完了。焦げる前に回収しよう！	Блюдо приготовлено. Заберите его с плиты, пока не сгорело!
notification_stove_collect	Collect the meal first		Récupère d'abord le plat.	Sammle zuerst das Gericht ein.	Primero, recoge la comida.	Pegue o prato primeiro	先收取菜肴！	先に料理を回収しよう	Сначала заберите приготовленное блюдо
notification_stove_not_empty	Stove not empty		La cuisinière n'est pas vide.	Herd ist nicht leer	La cocina está ocupada.	O fogão não está vazio	炉灶不是空的	コンロは空いてない	Плита содержит ингридиенты
notification_stove_still_cooking	The meal is still cooking...		Le plat est toujours en train de cuire.	Das Gericht kocht noch ...	La comida no está lista todavía...	O prato ainda está cozinhando...	菜肴还在烹制中……	まだ調理中だ…	Блюдо еще готовится...
									
									
									
									
									
									
									
									
									
									
									
									
									
									
									
									
									
									
									
									
									
									
									
									
									
									
									
									
									
									
									
									
									
									
									
									
									
									
									
									
									
									
									
									
									
									
									
									
									
									
									
									
									
									
									
									
									
									
									
									
									
									
									
									
									
									
									
									
									
									
									
									
									
									
									
									
									
									
									
									
									
									
									
									
									
									
									
									
									
									
									
									
									
									
									
									
									
									
									
									
									
									
									
									
									
									
									
									
									
									
									
									
									
									
									
									
									
									
									
									
									
									
									
									
									
									
									
									
									

	EN	COMMENTS	FR	DE	ES	BR	CN	JP	RU
	//MENU AND DIALOGS								
menu_okay	Okay		OK	OK	Vale	Ok	好	オーケー	Хорошо
menu_yes	Yes		Oui	Ja	Sí	Sim	是	はい	Да
menu_no	No		Non	Nein	No	Não	否	いいえ	Нет
menu_continue	Continue		Continuer	Fortfahren	Continuar	Continuar	继续	続ける	Продолжить
menu_skip	Skip		Passer	Überspringen	Omitir	Pular	跳过	スキップ	Пропустить
menu_cancel	Cancel		Annuler	Abbrechen	Cancelar	Cancelar	取消	キャンセル	Отмена
menu_back	Back		Retour	Zurück	Volver	Voltar	后退	戻る	Назад
menu_exit	Exit		Quitter	Verlassen	Salir	Sair	退出	終了	Выход
									
panel_inventory	Inventory		Inventaire	Inventar	Inventario	Inventário	随身物品栏	所持品	Инвентарь
panel_crafting	Crafting		Fabrication	Herstellen	Fabricación	Criação	制作	クラフト	Крафт
panel_map	Map		Carte	Karte	Mapa	Mapa	地图	マップ	Карта
panel_quests	Journal		Journal	Tagebuch	Diario	Diário	笔记本	日記	Журнал
panel_relationships	Relationships		Relations	Beziehungen	Relaciones	Relacionamentos	关系	人間関係	Отношения
panel_crate	Sell Crate		Caisse de vente	Verkaufskiste	Cofre de ventas	Caixa de Vendas	售物箱	出荷箱	Торговый ящик
panel_chest	Chest		Coffre	Truhe	Cofre	Baú	箱子	収納箱	Сундук
panel_mail	Mail		Courrier	Post	Correo	Correspondência	邮件	手紙	Почта
panel_objectives	[u]Objectives[/u]		[u]Objectifs[/u]	[u]Ziele[/u]	[u]Objetivos[/u]	[u]Objetivos[/u]	[u]目标[/u]	[u]目標[/u]	[u]Задания[/u]
panel_research	Spirit Research		Données sur les esprits	Geisterforschung	Informes de espíritus	Pesquisa sobre Espíritos	精灵研究	精霊の調査	Исследования Духов
panel_settings	Settings		Paramètres	Einstellungen	Ajustes	Configurações	设置	設定	Настройки
									
quick_wheel_pick_tool	Pick an item		Choisir un objet	Wähle einen Gegenstand	Recoger un objeto	Pegar um item	挑选一个物品	アイテム選択	Выберите инструмент
									
menu_battle_endturn	End turn		Fin du tour	Zug beenden	Terminar turno	Term. o turno	结束回合	ターン終了	Конец хода
menu_battle_flee	Flee		Fuir	Flüchten	Huir	Fugir	逃跑	逃げる	Бежать
menu_battle_feed	Feed		Nourrir	Füttern	Dar de comer	Alimentar	喂养	与える	Покормить
									
menu_medallion_viewcards	View Cards & Stats		Voir les cartes et les attributs	Karten & Eigenschaften anzeigen	Ver cartas y atributos	Ver cartas e atributos	查看卡牌和属性	カード＆ステータス確認	Карты и статистика
menu_medallion_feed	Feed		Nourrir	Füttern	Dar de comer	Alimentar	喂养	与える	Покормить
									
									
									
menu_medallion_upgrade	Level Up		Améliorer	Stufe aufsteigen	Subir de nivel	Subir de nível	升级	レベルアップ	Новый уровень
menu_medallion_follow	Follow me		Me suivre	Folge mir	Sígueme	Me siga	跟我来	ついてきて	Следуй за мной
menu_medallion_unfollow	Stop following me		Arrêter de me suivre	Folge mir nicht mehr	Deja de seguirme	Pare de me seguir	别再跟着我	待っていて	Перестань следовать за мной
menu_medallion_tutorial_pick	Pick this Spirit		Choisir cet esprit	Diesen Geist auswählen	Escoger a este espíritu	Pegar esse Espírito	选择这个精灵	この精霊をえらぶ	Выбрать этого Духа
menu_barn_follow	Follow me to another stall		Me suivre vers une autre mangeoire	Folge mir zu einer anderen Box	Ven conmigo a otro pesebre	Me siga para outro comedouro	跟随我去另一个隔间	他の房までついてきて	Следуй за мной в другой стойло
									
menu_medallion_replace	Which Spirit would you like to replace?		Quel esprit veux-tu remplacer ?	Welchen Geist möchtest du ersetzen?	¿A qué espíritu quieres reemplazar?	Qual Espírito você gostaria de substituir?	你想替换哪个精灵？	どの精霊を交代させますか？	Какого Духа вы хотели бы заменить?
UNUSEDmenu_medallion_move_confirm	Are you sure you want to move this Spirit to the barn?		Veux-tu vraiment envoyer cet esprit dans l'abri ?	Möchtest du diesen Geist wirklich zur Scheune bewegen?	¿Seguro que quieres mover este espíritu al establo?	Tem certeza de que deseja mover este Espírito para a Morada?	确定要将这个精灵移至精灵棚吗？	本当にこの精霊を小屋へ移動させますか？	Вы уверены, что хотите переместить этого Духа в Амбар?
									
menu_medallion_letgo_confirm	Are you sure you want to let this Spirit go?		Veux-tu vraiment abandonner cet esprit ?	Möchtest du diesen Geist wirklich gehen lassen?	¿Seguro que quieres soltar a este espíritu?	Tem certeza de que deseja libertar esse Espírito?	确定要放走这个精灵吗？	本当にこの精霊を逃がしますか？	Вы уверены, что хотите отпустить этого Духа на свободу?
									
menu_medallion_card_upgrade	Choose a card to upgrade		Choisis une carte à améliorer.	Wähle eine Karte zum Verbessern.	Escoge una carta y mejórala.	Escolha uma carta para melhorar	选择要升级的卡牌	アップグレードするカードをえらんでください	Выберите карту для улучшения
menu_medallion_card_remove	Choose a card to remove		Choisis une carte à supprimer.	Wähle eine Karte zum Entfernen.	Escoge una carta y elimínala.	Escolha uma carta para remover	选择要移除的卡牌	捨てるカードをえらんでください	Выберите карту для удаления
menu_medallion_card_add	Choose a card to add to the deck		Choisis une carte à ajouter au deck.	Wähle eine Karte, um sie dem Deck hinzuzufügen.	Escoge una carta y añádela al mazo.	Escolha uma carta para adicionar ao baralho	选择一张卡牌添加到卡组中	デッキに追加するカードをえらんでください	Выберите карту для добавления в колоду
UNUSEDmenu_medallion_spirit_added	{name} has been added to your medallion!	In other languages we can use "The spirit has been added to your medallion!" without the name tag	{name} a été ajouté à ton médaillon !	{name} wurde deinem Medaillon hinzugefügt!	¡Se ha añadido a {name} al medallón!	Adicionou {name} ao seu medalhão!	{name}已经添加到你的徽章！	{name} がメダルに追加されました！	{name} был добавлен в ваш медальон!
									
									
menu_medallion_upgrade_header	Choose a stat to upgrade.^Points remaining: {points}		Choisis un attribut à améliorer.^Points restants : {points}	Wähle eine Eigenschaft zum Verbessern.^Punkte übrig: {points}	¿Qué atributo quieres mejorar?^Puntos restantes: {points}	Escolha um atributo para melhorar.^Pontos restantes: {points}	选择一个属性进行升级。^点数剩余：{points}	アップグレードするステータスをえらんでください。^残りポイント： {points}	Выберите характеристику для улучшения.^Оставшиеся очки: {points}
menu_medallion_upgrade_card_header	Choose a card^to add to the deck.^Cards remaining: {points}		Choisis une carte^à ajouter au deck.^Cartes restantes : {points}	Wähle eine Karte,^um sie dem Deck hinzuzufügen.^Karten übrig: {points}	¿Qué carta^quieres añadir al mazo?^Cartas restantes: {points}	Escolha uma carta^para adicionar ao baralho.^Cartas restantes: {points}	选择一张卡牌^添加到卡组中。^卡牌剩余：{points}	カードをえらんで^デッキに追加しましょう。^残りカード： {points}	Выберите карту^для добавления в колоду.^Оставшиеся карты: {points}
									
menu_talisman_title	Choose a talisman		Choisis un talisman	Wähle einen Talisman	Escoge un talismán	Escolha um talismã	选择一个法宝	タリスマンをえらんでください	Выберите талисман
menu_talisman_cleanse	CLEANSE		PURGE	REINIGEN	PURIFICACIÓN	PURIFICAR	清洗	浄化	ОЧИЩЕНИЕ
menu_talisman_meditate	MEDITATE		MÉDITATION	MEDITIEREN	MEDITACIÓN	MEDITAR	冥思	めい想	МЕДИТАЦИЯ
menu_talisman_study	STUDY		ÉTUDE	STUDIEREN	ERUDICIÓN	ESTUDAR	学习	学び	ЗНАНИЕ
menu_talisman_cleanse_desc	Feed to a Spirit to remove a card from their deck		Donne ceci à un esprit pour supprimer une carte de son deck.	Verfüttere ihn an einen Geist, um eine Karte aus seinem Deck zu entfernen.	Dáselo a un espíritu para eliminar una carta de su mazo.	Use para alimentar um Espírito e remover uma carta do baralho dele	喂给精灵，即可从其卡组中移除一张卡牌。	精霊に与えてデッキからカードを外しましょう	Дайте Духу, чтобы удалить карту из его колоды
menu_talisman_meditate_desc	Feed to a Spirit to upgrade a card from their deck		Donne ceci à un esprit pour améliorer une carte de son deck.	Verfüttere ihn an einen Geist, um eine Karte aus seinem Deck zu verbessern.	Dáselo a un espíritu para mejorar una carta de su mazo.	Use para alimentar um Espírito e melhorar uma carta do baralho dele	喂给精灵，即可从其卡组中升级一张卡牌。	精霊に与えてデッキのカードをアップグレードしましょう	Дайте Духу, чтобы улучшить карту в его колоде
menu_talisman_study_desc	Feed to a Spirit to add a new card to their deck		Donne ceci à un esprit pour ajouter une carte à son deck.	Verfüttere ihn an einen Geist, um seinem Deck eine neue Karte hinzuzufügen.	Dáselo a un espíritu para añadir una carta a su mazo.	Use para alimentar um Espírito e adicionar uma carta ao baralho dele	喂给精灵，即可为其卡组中添加一张卡牌。	精霊に与えてデッキに新しいカードを追加しましょう	Дайте Духу, чтобы добавить новую карту в его колоду
									
menu_browse_deck_title	Choose one card		Choisis une carte	Wähle eine Karte.	Escoge una carta	Escolha uma carta	选择一张卡牌	カードを1枚えらんでください	Выберите одну карту
menu_tame_nospace	[size=14]{name}[/size]^has been tamed.^But you have no space in your Medallion or barn... The Spirit must be let go.		[size=14]{name}[/size]^a été apprivoisé.^Cependant, tu n'as pas de place dans ton médaillon ou ton abri... Tu dois abandonner cet esprit.	[size=14]{name}[/size]^wurde gezähmt.^Aber du hast keinen Platz in deinem Medaillon oder deiner Scheune ... Du musst den Geist gehen lassen.	Has domado a [size=14]{name}[/size].^Pero no hay espacio en el medallón ni en el establo... Tienes que soltar al espíritu.	Domou [size=14]{name}[/size].^Mas você não tem espaço no seu medalhão ou na Morada... O Espírito deve ser libertado.	{name} 已被驯服。^但你的徽章和精灵棚内都已经没有更多空间……你只得放走这个精灵。	{name}^を手なづけました。^ですが、メダルにも小屋にも空きがありません… 逃がすしかないようです。	[size=14]{name}[/size]^был приручен.^Но в вашем Медальоне или Амбаре нет места... Духа придется отпустить.
UNUSEDmenu_tame_keep	Keep		Conserver	Behalten	Conservar	Manter	保留	飼う	Оставить
menu_tame_dialog	[size=14]{name}[/size]^has been tamed.^Would you like to keep them or let them go?		[size=14]{name}[/size]^a été apprivoisé.^Veux-tu le conserver ou l'abandonner ?	[size=14]{name}[/size]^wurde gezähmt.^Möchtest du ihn behalten oder gehen lassen?	Has domado a^[size=14]{name}[/size].^¿Quieres conservarlo o soltarlo?	Domou [size=14]{name}[/size]^.^Deseja manter ou libertar?	{name} 已被驯服。^你想要保留还是放走它？	{name}^を手なづけました。^飼いますか？ 逃がしますか？	[size=14]{name}[/size]^Дух приручен!^Оставить его или отпустить?
									
tally_dungeons	Dungeons Cleared		Donjons terminés	Verliese abgeschlossen	Mazmorras despejadas	Masmorras concluídas	地下城已通关	クリアしたダンジョン	Подземелей исследовано
tally_spirits	Spirits discovered		Esprits découverts	Geister entdeckt	Espíritus descubiertos	Espíritos descobertos	已发现的精灵	見つけた精霊	Новых Духов
tally_tamed	Spirits tamed		Esprits apprivoisés	Geister gezähmt	Espíritus domados	Espíritos domados	已驯服的精灵	手なづけた精霊	Приручено Духов
tally_banished	Spirits banished		Esprits bannis	Geister gebannt	Espíritus desterrados	Espíritos banidos	已驱逐的精灵	撃退した精霊	Духов повержено
tally_sold	Items sold		Objets vendus	Gegenstände verkauft	Objetos vendidos	Itens vendidos	已售出的物品	売ったアイテム	Продажи
tally_nothing_sold	No items sold		Aucun objet vendu	Keine Gegenstände verkauft	Ningún objeto vendido	Nenhum item vendido	没有售出物品	売ったアイテムなし	Нет проданных предметов
tally_total	Total		Total	Gesamt	Total	Total	全部	合計	Итого
tally_spirits_ran_away	Oh no! I forgot to feed my Spirits in the barn and some of them ran away in the night.		Oh non ! J'ai oublié de nourrir mes esprits dans l'abri et certains se sont enfuis pendant la nuit.	Oh nein! Ich habe vergessen, meine Geister in der Scheune zu füttern und jetzt sind einige von ihnen in der Nacht davongelaufen.	¡Ay, no! He olvidado darles de comer a los espíritus que tengo en el establo y esta noche han huido varios.	Ah, não! Esqueci de alimentar meus Espíritos na Morada e alguns deles fugiram durante a noite.	不好了！我忘记给棚内的精灵喂食，有一些精灵在夜间逃跑了。	ああ！ 小屋の精霊にエサをやるのを忘れていたせいで、何体か夜に逃げちゃった。	Ну вот.. Я забыл покормить моих Духов в амбаре, и часть из них сбежала ночью.
tally_spirits_hungry	One or more of the Spirits in your barn hasn’t been fed in a while. Be sure to feed them every day or they will run away.		Un ou plusieurs esprits dans ton abri n'ont pas été nourris depuis un moment. N'oublie pas de leur donner à manger tous les jours si tu ne veux pas qu'ils s'enfuient.	Mindestens einer deiner Geister in deiner Scheune hat länger nichts mehr gefressen. Du musst deine Geister jeden Tag füttern, sonst laufen sie davon.	En el establo hay uno o varios espíritus que llevan tiempo sin comer. No olvides darles de comer todos los días o se escaparán.	Um ou mais Espíritos na sua Morada não são alimentados há algum tempo. Certifique-se de alimentá-los todos os dias ou eles vão fugir.	你棚里的一个或多个精灵已经很久没有得到喂食了。一定要每天给精灵喂食，否则它们会逃跑。	小屋にしばらくエサをもらっていない精霊がいます。毎日エサをやらないと逃げてしまいますよ。	Один или несколько Духов в вашем амбаре проголодались. Убедитесь, что в их кормушках есть еда, иначе они убегут.
tally_spirits_hatched	A Spirit has hatched in your barn!		Un esprit a éclos dans ton abri !	Ein Geist ist in deiner Scheune geschlüpft!	¡Ha eclosionado un espíritu en el establo!	Um Espírito nasceu na sua Morada!	你棚里有一个精灵孵化出壳了！	小屋で精霊がふ化しました！	В вашем амбаре вылупился новый Дух!
									
tally_progress_saved	Your progress has been saved		Ta progression a été sauvegardée.	Dein Fortschritt wurde gespeichert.	Se ha guardado el progreso.	Seu progresso foi salvo	你的进度已保存	進行状況をセーブしました	Прогресс сохранен
									
									
									
crafting_station_player	Crafting		Fabrication	Herstellen	Fabricación	Criação	制作	クラフト	Крафт
crafting_materials	Materials		Matériaux	Materialien	Materiales	Materiais	材料	素材	Материалы
									
shop_price	Price: {amount} coins	the word coins maybe omitted in other languages	Prix : {amount} pièces	Preis: {amount} Münzen	Precio: {amount} monedas.	Preço: {amount} moedas	价格：{amount} 块钱币	価格： {amount} コイン	Цена: {amount}
shop_price_free	Price: [color=green]FREE![/color]		Prix : [color=green]GRATUIT ![/color]	Preis: [color=green]UMSONST![/color]	Precio: [color=green]¡gratis![/color]	Preço: [color=green]GRÁTIS![/color]	价格：[color=green]免费！[/color]	価格： [color=green]無料！[/color]	Цена: [color=green]БЕСПЛАТНО![/color]
									
shop_requires	Requires:		Requis :	Erfordert:	Se necesita:	Requer:	需要：	必要：	Требуется:
shop_soldout	purchased		acheté(e)	gekauft	comprado	comprou	已购买	購入済み	куплено
shop_purchase_fail_card	I can’t afford this card		Je n'ai pas les moyens d'acheter cette carte.	Ich kann mir diese Karte nicht leisten.	Esta carta es demasiado cara.	Não posso pagar por essa carta	我买不起这张卡牌	このカードを買う余裕はないや	Я не могу позволить себе эту карту
shop_purchase_fail_talisman	I can’t afford this talisman		Je n'ai pas les moyens d'acheter ce talisman.	Ich kann mir diesen Talisman nicht leisten.	Esta talismán es demasiado caro.	Não posso pagar por esse talismã	我买不起这个法宝	このタリスマンを買う余裕はないや	Я не могу позволить себе этот талисман
shop_purchase_success_card	Card has been purchased		La carte a été ajoutée à ton inventaire.	Karte wurde gekauft.	Has comprado la carta.	A carta foi comprada	已购买卡牌	カードを購入しました	Карта куплена
shop_purchase_success_talisman	{talisman} has been added to your inventory		{talisman} ajouté à ton inventaire.	{talisman} wurde deinem Inventar hinzugefügt!	Se ha añadido el talismán {talisman} a tu inventario.	{talisman} foi adicionado ao seu inventário	{talisman}已经添加到你的随身物品栏！	所持品に追加: {talisman}	{talisman} добавлен в ваш инвентарь
shop_purchase_no_items	There are no items left. Come back tomorrow.		Il ne reste plus aucun article en stock. Reviens demain.	Es sind keine Gegenstände mehr übrig. Schau morgen wieder vorbei.	No queda ningún objeto. Vuelve mañana.	Não há itens restantes. Volte amanhã.	没有物品了。明天再来吧。	アイテムが残っていない。明日戻ってこよう。	Предметы закончились. Возвращайтесь завтра.
									
inventory_quest_items	Quest Items		Objets de quête	Questgegenstände	Objetos de misión	Itens de missão	任务物品	クエストアイテム	Важные предметы
									
									
crafting_alchemy_get_started	Add ingredients to get started		Ajoute des ingrédients pour commencer.	Füge Zutaten hinzu, um anzufangen.	Añade ingredientes para empezar.	Adicione os ingredientes para começar	加入原料即可开始	材料を追加して開始	Добавьте ингредиенты, чтобы начать
crafting_alchemy_collect	Collect the concoction		Récupère la préparation.	Sammle die Mixtur ein	Recoger el brebaje	Colete a preparação	收取调制糊糊	調合物を回収する	Заберите готовую настойку
crafting_furnace_get_started	Add items to get started		Ajoute des objets pour commencer.	Füge Gegenstände hinzu, um anzufangen.	Añade objetos para empezar.	Adicione itens para começar	加入物品即可开始	アイテムを追加して開始	Чтобы начать, добавьте нужные предметы
crafting_quantity_in_inventory	({number} in inventory)		({number} dans l'inventaire)	({number} im Inventar)	({number} en el inventario)	({number} no inventário)	（随身物品栏中有 {number}）	（所持：{number}）	({number} в инвентаре)
crafting_start_button	Start		Commencer	Starten	Empezar	Começar	开始	開始	Начать
UNUSED_crafting_alchemy_start_button	Brew		Concocter	Brauen	Elaborar	Fabricar	熬煮	醸造	Создать
crafting_furnace_get_started_desc	Ore (3 or more)^or Moonstone (3 or more)^or Wood (3 or more)^+^Coal (1 or more)		Minerai (3 ou plus)^ou pierre de lune (3 ou plus)^ou bois (3 ou plus)^+^charbon (1 ou plus)	Erz (3 oder mehr)^oder Mondstein (3 oder mehr)^oder Holz (3 oder mehr)^+^Kohle (1 oder mehr)	mineral (3 o más)^o piedra lunar (3 o más)^o madera (3 o más)^+^carbón (1 o más)	Minério (3 ou mais)^ou Selenita (3 ou mais)^ou Madeira (3 ou mais)^+^Carvão (1 ou mais)	矿石（3个及以上）^或月石（3个及以上）^或木头（3个及以上）^+^煤（1个及以上）	鉱石（3個以上）^またはムーンストーン（3個以上）^または木材（3個以上）^+^石炭（1個以上）	Руда (3 или больше)^или Лунный камень (3 или больше)^или Древесина (3 или больше)^+^Уголь (1 или больше)
crafting_furnace_active_wood	Produces 3x ash every {time} minutes		Produit 3 tas de cendres en {time} minutes.	Erzeugt 3x Asche alle {time} Minuten	Produce 3 de ceniza cada {time} minuto(s).	Produz 3 cinzas a cada {time} minutos	每{time}分钟生产3x灰烬	{time}分ごとに3x灰を生産	Производит 3х пепла каждые {time} минут.
crafting_furnace_active_orecopper	Produces 1 copper ingot every {time} hour(s)		Produit 1 lingot de cuivre en {time} heure(s).	Erzeugt 1 Kupferbarren alle {time} Stunde(n)	Produce 1 lingote de cobre cada {time} hora(s).	Produz 1 barra de cobre a cada {time} hora(s)	每{time}小时生产1铜锭	{time}時間ごとに1x銅のインゴットを生産	Производит 1 медный слиток каждые {time} часов
crafting_furnace_active_oreiron	Produces 1 iron ingot every {time} hours		Produit 1 lingot de fer en {time} heures.	Erzeugt 1 Eisenbarren alle {time} Stunden	Produce 1 lingote de hierro cada {time} hora(s).	Produz 1 barra de ferro a cada {time} horas	每{time}小时生产1铁锭	{time}時間ごとに1x鉄のインゴットを生産	Производит 1 железный слиток каждые {time} часов
crafting_furnace_active_moonstone	Produces 1 moonstone ingot every {time} hours		Produit 1 lingot de pierre de lune en {time} heures.	Erzeugt 1 Mondsteinbarren alle {time} Stunden	Produce 1 lingote de piedra lunar cada {time} hora(s).	Produz 1 barra de selenita a cada {time} horas	每{time}小时生产1月石锭	{time}時間ごとに1xムーンストーンのインゴットを生産	Производит 1 слиток лунного камня каждые {time} часов
crafting_furnace_output_full	Furnace output is full. Collect the crafted item to continue.		Le fourneau est plein. Récupère l'objet fabriqué pour continuer.	Die Ausgabe des Hochofens ist voll. Sammle den hergestellten Gegenstand ein, um fortzufahren.	La fragua ha alcanzado su máximo de producción. Recoge el objeto fabricado para continuar.	A fornalha está cheia. Colete o item produzido para continuar.	熔炉产出已满。收取已制造的物品以继续。	かまどの生産量が限界に達しました。続けるには生産されたアイテムを回収してください。	Заберите готовый предмет, чтобы продолжить.
crafting_alchemy_get_started_desc	Crop A^Crop B^Ash^Glass bottle^(up to 100 each)		Culture A^Culture B^Tas de cendres^Flacon en verre^(jusqu'à 100 exemplaires de chaque)	Pflanze A^Pflanze B^Asche^Glasflasche^(bis zu je 100)	cultivo A^cultivo B^ceniza^botella de cristal^(máximo 100 de cada uno)	Colheita A^Colheita B^Cinzas^Garrafa de vidro^(até 100 de cada)	作物A^作物B^灰烬^玻璃瓶^（每项最多100个）	作物A^作物B^灰^ガラスのビン^（それぞれ最大100個まで）	Растение А, Растение Б,^Пепел, Бутылка^(до 100 штук каждого)
crafting_alchemy_active	Produces 1 concoction every 30 minutes		Produit 1 préparation en 30 minutes.	Erzeugt 1 Mixtur alle 30 Minuten	Produce 1 brebaje cada 30 minutos.	Produz 1 preparação a cada 30 minutos	每30分钟生产1调制糊糊	30分ごとに1x調合物を生産	Производит 1 настойку каждые 30 минут.
									
									
									
									
									
crafting_loom_title	Selected item		Objet sélectionné	Gegenstand ausgewählt	Objeto seleccionado	Item selecionado	选中的物品	選択したアイテム	Выбранный предмет
crafting_loom_required	Required:		Requis :	Erforderlich:	Se necesita:	Requer:	需要：	必要：	Требуется:
crafting_loom_craft_button	Craft		Fabriquer	Herstellen	Fabricar	Criar	制作	クラフト	Изготовить
									
menu_sell_item	Sell {item}?		Vendre {item} ?	{item} verkaufen?	¿Quieres vender {item}?	Vender {item}?	出售{item}吗？	{item}を売りますか？	Продать {item}?
menu_qty	QTY:		QTÉ :	ANZ:	CANT.:	QNT:	数量：	数：	КОЛ-ВО:
									
menu_split_stack	Take how many?		Combien en prends-tu ?	Wie viele?	¿Cuántos quieres llevarte?	Pegar quantos?	拿几个？	いくつ取りますか？	Сколько вычесть?
menu_throw_out_confirmation	Throw this item out?		Jeter cet objet ?	Gegenstand ablegen?	¿Quieres tirar este objeto?	Jogar fora?	要扔掉这个物品吗？	このアイテムを捨てますか？	Выбросить этот предмет?
									
title_load	Load game		Charger une partie	Spiel laden	Cargar partida	Carregar jogo	加载游戏	ロードゲーム	Загрузить игру
title_continue	Continue		Continuer	Spiel fortsetzen	Continuar partida	Continuar jogo	继续游戏	コンティニュー	Продолжить
title_new	Start new game		Nouvelle partie	Neues Spiel starten	Empezar una partida nueva	Começar novo jogo	开始新游戏	ニューゲーム	Начать новую игру
title_exit	Exit to desktop		Retour au bureau	Zum Desktop zurückkehren	Salir al escritorio	Sair para a área de trabalho	退出到桌面	終了してデスクトップへ	Выйти на рабочий стол
									
									
menu_title_start	Start a new game?		Commencer une nouvelle partie ?	Neues Spiel starten?	¿Quieres empezar una partida nueva?	Começar um novo jogo?	开始新游戏？	新しくゲームを始めますか？	Начать новую игру?
menu_title_start_progresslost	Any unsaved progress will be lost. Are you sure you want to start a new game?		Toute progression non sauvegardée sera perdue. Veux-tu vraiment commencer une nouvelle partie ?	Dein ungespeicherter Fortschritt geht verloren. Möchtest du wirklich ein neues Spiel starten?	¿Seguro que quieres empezar una nueva partida? Perderás todo el progreso que no hayas guardado.	Qualquer progresso não salvo será perdido. Tem certeza de que deseja iniciar um novo jogo?	所有未保存的进度都将丢失。确定要开始新游戏吗？	未セーブの進行状況は失われます。本当に新しくゲームを始めますか？	Все несохраненные данные будут потеряны. Вы уверены, что хотите начать новую игру?
menu_title_skiptutorial	Skip tutorial?		Passer le didacticiel ?	Tutorial überspringen?	¿Quieres saltarte el tutorial?	Pular tutorial?	跳过教程吗？	チュートリアルをスキップしますか？	Пропустить обучение?
									
menu_npc_talk	Talk		Parler	Reden	Conversar	Falar	交谈	話す	Общение
menu_npc_ask	Ask on a date		Proposer un rendez-vous	Nach Date fragen	Pedir una cita	Chamar para um encontro	询问约会	デートに誘う	Пригласить на свидание
menu_npc_give_spirit	Give Spirit		Donner un esprit	Geist geben	Darle un espíritu	Dar Espírito	送出精灵	精霊をあげる	Подарить Духа
menu_npc_give	Give gift		Offrir un cadeau	Geschenk geben	Hacerle un regalo	Dar presente	送出礼物	プレゼントする	Дать подарок
menu_npc_goodbye	Say goodbye		Dire au revoir	Verabschieden	Despedirse	Dizer adeus	说再见	さよならを言う	Попрощаться
menu_npc_shop	Shop		Acheter	Kaufen	Comprar	Comprar	商店	お店	Магазин
menu_npc_sell	Sell		Vendre	Verkaufen	Vender	Vender	出售	売る	Продать
menu_npc_chat	Chat		Discuter	Unterhalten	Charlar	Papear	聊天	おしゃべり	Поговорить
menu_npc_joke	Joke		Plaisanter	Scherzen	Bromear	Fazer piada	开玩笑	冗談	Пошутить
menu_npc_flirt	Flirt		Draguer	Flirten	Flirtear	Flertar	调情	口説く	Флиртовать
menu_npc_give_seeds	Sell seeds		Vendre des graines	Samen verkaufen	Vender semillas	Vender sementes	出售种子	種を売る	Продать семена
menu_npc_give_resource	Sell Spirit resource		Donner une ressource d'esprit	Geisterressource geben	Entregar un recurso de espíritu	Dar recurso de Espírito	送出精灵资源	精霊の資源を渡す	Продать Субстанцию
menu_npc_give_shard	Give Memory Shard		Donner un fragment de mémoire	Erinnerungssplitter geben	Entregar un fragmento de memoria	Dar Fragmento de Memória	送出记忆碎片	記憶のカケラを渡す	Дать Осколок Памяти
menu_npc_turn_in	Turn in Spirit Research		Transmettre des données sur les esprits	Geisterforschung einreichen	Entregar el informe de espíritus	Entregar Pesquisa sobre Espíritos	提交精灵研究对象	精霊の調査を提出する	Сдать информацию о Духах
									
menu_place_home	Once you’ve placed your home, you can’t pick it up until you craft another one. Are you sure you want to place it here?		Une fois que tu as placé ton domicile, tu ne peux pas le mettre dans l'inventaire tant que tu n'en as pas construit un autre. Veux-tu vraiment le placer ici ?	Wenn du dein Zuhause platziert hast, kannst du es nicht mehr bewegen, solange du kein weiteres hergestellt hast. Möchtest du es wirklich hier platzieren?	Una vez hayas colocado tu casa, no podrás moverla hasta que hayas fabricado una nueva. ¿Seguro que quieres dejarla aquí?	Depois de colocar seu lar, você não pode pegá-la até criar outro. Tem certeza de que deseja colocá-lo aqui?	一旦放置了你的家庭房屋，在制作出另一个家庭房屋之前，你无法再拾取它。确定将其放置在这里吗？	いちど家を設置したら、別の家を作るまで回収できません。本当にここへ設置しますか？	Вы уверены, что хотите поставить свой дом в этом месте? Вы не сможете переместить его, пока не создадите другой.
menu_place_barn	Once you’ve placed your barn, you can’t pick it up until you craft another one. Are you sure you want to place it here?		Une fois que tu as placé ton abri, tu ne peux pas le mettre dans l'inventaire tant que tu n'en as pas construit un autre. Veux-tu vraiment le placer ici ?	Wenn du deine Scheune platziert hast, kannst du sie nicht mehr bewegen, solange du keine weitere hergestellt hast. Möchtest du sie wirklich hier platzieren?	Una vez hayas colocado el establo, no podrás moverlo hasta que hayas fabricado uno nuevo. ¿Seguro que quieres dejarlo aquí?	Depois de colocar sua Morada, você não pode pegá-la até criar outra. Tem certeza de que deseja colocá-la aqui?	一旦放置了你的精灵棚，在制作出另一个棚之前，你无法再拾取它。确定将其放置在这里吗？	いちど小屋を設置したら、別の小屋を作るまで回収できません。本当にここへ設置しますか？	Вы уверены, что хотите поставить Амбар в этом месте? Вы не сможете переместить его, пока не создадите другой.
menu_place_greenhouse	Once you’ve placed your greenhouse, you can’t pick it up until you craft another one. Are you sure you want to place it here?		Une fois que tu as placé ta serre, tu ne peux pas la mettre dans l'inventaire tant que tu n'en as pas construit une autre. Veux-tu vraiment la placer ici ?	Wenn du dein Gewächshaus platziert hast, kannst du es nicht mehr bewegen, solange du keine weitere hergestellt hast. Möchtest du es wirklich hier platzieren?	Una vez hayas colocado el invernadero, no podrás moverlo hasta que hayas fabricado uno nuevo. ¿Seguro que quieres dejarlo aquí?	Depois de colocar sua estufa, você não pode pegá-la até criar outra. Tem certeza de que deseja colocá-la aqui?	一旦放置了你的温室，在制作出另一个温室之前，你无法再拾取它。确定将其放置在这里吗？	いちど温室を設置したら、別の温室を作るまで回収できません。本当にここへ設置しますか？	Вы уверены, что хотите поставить теплицу в этом месте? Вы не сможете переместить ее, пока не создадите другую.
									
									
									
quest_unlocked_message1	[font=CyborgSister][size=9]New journal entry[/size][/font]		[font=CyborgSister][size=8]Nouvelle entrée dans le journal[/size][/font]	[font=CyborgSister][size=8]Neuer Tagebucheintrag[/size][/font]	[font=CyborgSister][size=8]Nueva entrada en el diario[/size][/font]	[font=CyborgSister][size=8]Nova entrada no diário[/size][/font]	[size=7]新的笔记本条目[/size]	[size=7]日記の新エントリ[/size]	[size=9]Новая запись в журнале[/size]
quest_unlocked_message2_keyboard	[font=CyborgSister][size=9]Open menu to view journal[/size][/font]		[font=CyborgSister][size=8]Ouvre le menu pour consulter le journal[/size][/font]	[font=CyborgSister][size=8]Öffne das Menü, um das Tagebuch anzuzeigen.[/size][/font]	[font=CyborgSister][size=8]Abre el menú para ver el diario[/size][/font]	[font=CyborgSister][size=8]Abra o menu para ver o diário[/size][/font]	[size=7]打开菜单来查看笔记本[/size]	[size=7]メニューを開いて日記を見る[/size]	[size=9]Откройте меню для просмотра журнала[/size]
quest_unlocked_message2_gamepad	[font=CyborgSister][size=9]Open menu to view journal[/size][/font]		[font=CyborgSister][size=8]Ouvre le menu pour consulter le journal[/size][/font]	[font=CyborgSister][size=8]Öffne das Menü, um das Tagebuch anzuzeigen.[/size][/font]	[font=CyborgSister][size=8]Abre el menú para ver el diario[/size][/font]	[font=CyborgSister][size=8]Abra o menu para ver o diário[/size][/font]	[size=7]打开菜单来查看笔记本[/size]	[size=7]メニューを開いて日記を見る[/size]	[size=9]Откройте меню для просмотра журнала[/size]
quest_completed_message	[font=CyborgSister][size=9]Quest completed[/size][/font]^{questName}		[font=CyborgSister][size=8]Quête terminée[/size][/font]^{questName}	[font=CyborgSister][size=8]Quest abgeschlossen[/size][/font]^{questName}	[font=CyborgSister][size=8]Misión completada[/size][/font]^{questName}	[font=CyborgSister][size=8]Missão completa[/size][/font]^{questName}	[size=7]任务已完成[/size]^{questName}	[size=7]クエスト完了[/size]^{questName}	[size=9]Квест завершен[/size]^{questName}
									
menu_npc_give_spirit_which	Which Spirit would you like to gift?		Quel esprit veux-tu donner ?	Welchen Geist möchtest du schenken?	¿Qué espíritu quieres regalar?	Qual Espírito você gostaria de presentear?	你想将哪个精灵作为礼物送出？	どの精霊をプレゼントしますか？	Какого Духа вы хотели бы подарить?
menu_npc_date_when	When would you like to go on a date?		Quand as-tu envie de donner rendez-vous à cette personne ?	Wann möchtest du ein Date haben?	¿Cuándo quieres tener la cita?	Quando você gostaria de ir a um encontro?	你想什么时候去约会？	いつデートしますか？	Когда бы вы хотели пойти на свидание?
menu_npc_date_where	Where would you like to go on a date?		Où as-tu envie de donner rendez-vous à cette personne ?	Wo möchtest du ein Date haben?	¿A dónde quieres ir con tu cita?	Aonde você gostaria de ir em um encontro?	你想去哪里约会？	どこにデートに行きますか？	Куда бы вы хотели пойти на свидание?
menu_npc_date_location1	Beach		À la plage	Strand	Playa	Praia	海滩	浜辺	Пляж
menu_npc_date_location2	Tavern		À la taverne	Taverne	Taberna	Taverna	酒馆	酒場	Таверна
menu_npc_date_location3	Hot Spring		À la source chaude	Heißquelle	Fuentes termales	Fonte termal	温泉	温泉	Горячий источник
menu_npc_date_location4	Villager’s Home		À son domicile	Dorfbewohnerhaus	Casa de alguien del pueblo	Casa da pessoa	村民之家	相手の家	Домой к этому персонажу
menu_npc_locked_option	locked		lieu verrouillé	gesperrt	no disponible	trancado	锁定	ロック中	заблокировано
									
									
									
									
									
menu_research_new_tab	New		Nouveau	Neu	Nuevos	Novo	新出现	新	Новых
menu_research_seen	Seen		Vus	Gesehen	Avistados	Visto	见过	目撃	Замечено
menu_research_banished	Banished		Bannis	Gebannt	Desterrados	Banido	已驱逐	撃退	Повержено
menu_research_tamed	Tamed		Apprivoisés	Gezähmt	Domados	Domado	已驯服	手なづけ	Приручено
menu_research_total_new	Total New		Total (nouveaux)	Neu entdeckt	Total de nuevos	Total novo	新出现总计	新規	Всего новых
menu_research_more_to_discover	More to discover!		Et ce n'est pas tout !	Mehr zu entdecken!	¡Aún no los has visto a todos!	Mais coisas para descobrir!	还有更多有待发现！	もっと発見しましょう！	Есть еще неизвестные духи!
									
menu_turn_in_seen	Spirits Seen		Esprits vus	Geister gesehen	Espíritus avistados	Espíritos vistos	见过的精灵	目撃した精霊	Замечено Духов
menu_turn_in_banished	Spirits Banished		Esprits bannis	Geister gebannt	Espíritus desterrados	Espíritos banidos	已驱逐的精灵	撃退した精霊	Повержено Духов
menu_turn_in_tamed	Spirits Tamed		Esprits apprivoisés	Geister gezähmt	Espíritus domados	Espíritos domados	已驯服的精灵	手なづけた精霊	Приручено Духов
menu_turn_in_discovered	New Spirits Discovered		Nouveaux esprits découverts	Neue Geister entdeckt	Espíritus nuevos descubiertos	Novos Espíritos descobertos	已发现的新出现精灵	見つけた新しい精霊	Новых Духов
menu_turn_in_tasks	Tasks Completed		Tâches terminées	Aufgaben abgeschlossen	Tareas completadas	Tarefas concluídas	考验已完成	クリアしたタスク	Выполнено заданий
menu_turn_in_total	TOTAL		TOTAL	GESAMT	TOTAL	TOTAL	全部	合計	ИТОГО
									
									
menu_saveload_autosave	Autosave		Sauvegarde auto	Autospeichern	Autoguardado	Autosalvamento	自动保存	オートセーブ	Автосохранение
menu_saveload_newsave	New save		Nouvelle sauvegarde	Neuer Spielstand	Nueva partida	Novo salvamento	新存档	新しいセーブ	Новое сохранение
menu_saveload_save	Save game		Sauvegarder la partie	Spiel speichern	Guardar partida	Salvar jogo	保存游戏	ゲームをセーブ	Сохранить игру
menu_saveload_load	Load game		Charger la partie	Spiel laden	Cargar partida	Carregar jogo	加载游戏	ゲームをロード	Загрузить игру
menu_saveload_playtime	Play time:		Temps de jeu :	Spielzeit:	Tiempo de juego:	Tempo de jogo:	游玩时间：	プレイ時間：	Время игры:
									
									
UNUSEDmenu_confirmation_load	Are you sure you want to load this file? Any unsaved progress will be lost!		Veux-tu vraiment charger cette partie ? Toute progression non sauvegardée sera perdue.	Möchtest du diese Datei wirklich laden? Dein ungespeicherter Fortschritt geht verloren!	¿Seguro que quieres cargar este archivo? ¡Perderás todo el progreso que no hayas guardado!	Tem certeza de que deseja carregar esse arquivo? Qualquer progresso não salvo será perdido!	确定要加载该文件吗？所有未保存的进度都将丢失！	本当にこのファイルをロードしますか？ 未セーブの進行状況は失われます！	Вы уверены, что хотите загрузить этот файл? Все несохраненные данные будут потеряны!
menu_confirmation_overwrite_save	Are you sure you want to overwrite this file?		Veux-tu vraiment écraser cette sauvegarde ?	Möchtest du diese Datei wirklich überschreiben?	¿Seguro que quieres sobrescribir este archivo?	Tem certeza de que deseja substituir esse arquivo?	确定要覆盖此文件吗？	本当にこのファイルに上書きしますか？	Вы уверены, что хотите перезаписать этот файл?
menu_confirmation_delete_save	Are you sure you want to delete this file?		Veux-tu vraiment supprimer cette sauvegarde ?	Möchtest du diese Datei wirklich löschen?	¿Seguro que quieres eliminar este archivo?	Tem certeza de que deseja deletar esse arquivo?	确定要删除该文件吗？	本当にこのファイルを削除しますか？	Вы уверены, что хотите удалить этот файл?
menu_confirmation_quit_battle	Are you sure you want to exit to main menu? The battle will be lost and the day will end.		Veux-tu vraiment retourner au menu principal ? Le combat sera perdu et la journée prendra fin.	Möchtest du wirklich zum Hauptmenü zurückkehren? Der Kampf geht verloren und der Tag ist zu Ende.	¿Seguro que quieres ir al menú principal? Perderás el combate y el día llegará a su fin.	Tem certeza de que deseja sair para o menu principal? A batalha será perdida e o dia terminará.	确定要退出主菜单吗？战斗将会失败，这一天将会结束。	本当にメインメニューへ戻りますか？ バトルがなかったことになり、一日が終わります。	Вы уверены, что хотите выйти в главное меню? Битва будет проиграна, и день закончится.
menu_confirmation_quit_tutorial	Are you sure you want to exit the tutorial? Your progress will be lost.		Veux-tu vraiment quitter le didacticiel ? Ta progression sera perdue.	Möchtest du das Tutorial wirklich verlassen? Dein Fortschritt geht verloren!	¿Seguro que quieres salir del tutorial? Perderás todo el progreso.	Tem certeza de que deseja sair do tutorial? Seu progresso será perdido.	确定要退出教程吗？你的进度将会丢失。	本当にチュートリアルを終了しますか？ 進行状況は失われます。	Вы уверены, что хотите выйти из обучения? Ваш прогресс будет потерян.
menu_confirmation_exit_game	Are you sure you want to exit the game? Any unsaved progress will be lost.		Veux-tu vraiment quitter le jeu ? Toute progression non sauvegardée sera perdue.	Möchtest du das Spiel wirklich verlassen? Dein ungespeicherter Fortschritt geht verloren!	¿Seguro que quieres salir del juego? Perderás todo el progreso que no hayas guardado.	Tem certeza de que deseja sair do jogo? Qualquer progresso não salvo será perdido.	确定要退出游戏吗？所有未保存的进度都将丢失。	本当にゲームを終了しますか？ 未セーブの進行状況は失われます。	Вы уверены, что хотите выйти из игры? Все несохраненные данные будут потеряны.
									
									
menu_wheel_hint_keyboard	Hold {key} to open the tool wheel		Maintenir {key} pour ouvrir la roue des outils	Halte {key}, um das Werkzeugrad zu öffnen.	Mantén pulsado {key} para abrir la rueda de herramientas.	Segure {key} para abrir a roda de ferramentas	长按{key}即可打开工具轮盘	{key}長押しでツールホイールを開く	Удерживайте {key}, чтобы открыть меню инструментов
menu_wheel_hint_gamepad	Hold LT to open the tool wheel		Maintenir la gâchette gauche pour ouvrir la roue des outils	Halte LT, um das Werkzeugrad zu öffnen.	Mantén pulsado el gatillo izquierdo para abrir la rueda de herramientas.	Segure LT para abrir a roda de ferramentas	长按 LT 打开工具轮盘	LT長押しでツールホイールを開く	Удерживайте LT, чтобы открыть меню инструментов
menu_wheel_hint_gamepad_ps	Hold L2 to open the tool wheel		Maintenir la gâchette gauche pour ouvrir la roue des outils	Halte L2, um das Werkzeugrad zu öffnen.	Mantén pulsado el gatillo izquierdo para abrir la rueda de herramientas.	Segure L2 para abrir a roda de ferramentas	长按 L2 打开工具轮盘	L2長押しでツールホイールを開く	Удерживайте L2, чтобы открыть меню инструментов
menu_wheel_hint_gamepad_switch	Hold ZL to open the tool wheel		Maintenir la gâchette gauche pour ouvrir la roue des outils	Halte ZL, um das Werkzeugrad zu öffnen.	Mantén pulsado el gatillo izquierdo para abrir la rueda de herramientas.	Segure ZL para abrir a roda de ferramentas	长按 ZL 打开工具轮盘	ZL長押しでツールホイールを開く	Удерживайте ZL, чтобы открыть меню инструментов
									
title_settings	Settings		Paramètres	Einstellungen	Ajustes	Configurações	设置	設定	Настройки
title_credits	Credits		Crédits	Mitwirkende	Créditos	Créditos	制作人员	クレジット	Создатели
title_settings_fullscreen	Toggle fullscreen		Plein écran/Fenêtré	Vollbild ein/aus	Cambiar a pantalla completa	Alternar para tela cheia	切换全屏	フルスクリーン切替	Переключить полноэкранный режим
title_settings_language	Language:		Langue :	Sprache:	Idioma:	Idioma:	语言：	言語：	Язык:
									
									
worldgen_title	Generating world...		Génération du monde...	Welt wird generiert ...	Generando mundo...	Gerando mundo...	正在生成世界……	世界を生成中…	Генерация мира...
worldgen_desc	Building islands, placing Shrines & adding dungeons.^Don't worry, we only have to do this once.^Thanks for waiting!		Création des îles, placement des autels et ajout des donjons.^Ne t'inquiète pas, cette opération n'a lieu qu'une seule fois.^Merci pour ta patience !	Inseln werden geformt, Schreine platziert und Verliese hinzugefügt.^Keine Sorge, wir müssen das nur einmal machen.^Danke für deine Geduld!	Construyendo las islas, colocando los santuarios y añadiendo las mazmorras.^No te preocupes, solo tenemos que hacerlo una vez.^¡Gracias por esperar!	Construindo ilhas, montando santuários e adicionando masmorras.^Não se preocupe, só precisamos fazer isso uma vez.^Agradecemos por esperar!	建造岛屿、放置神龛并添加地下城。^别担心，我们仅需进行一次此操作。^感谢你的耐心等待！	島の作成、祭壇の設置、ダンジョンの追加を行っています。^この作業は今回だけなのでご心配なく。^ご協力ありがとう！	Создание островов, размещение Святилищ и добавление подземелий. Не волнуйтесь, это нужно сделать только один раз. Спасибо за ожидание!
									
loader_press_any_key	Press any button		Appuie sur une touche	Beliebige Taste drücken	Pulsa cualquier tecla	Pressione qualquer tecla	按任意键	いずれかのボタンを押してください	Нажмите любую кнопку
									
									
									
title_settings_language_EN	English	// NO NEED TO TRANSLATE							
title_settings_language_FR	Français (French)	// NO NEED TO TRANSLATE							
title_settings_language_DE	Deutsch (German)	// NO NEED TO TRANSLATE							
title_settings_language_ES	Español (Spanish)	// NO NEED TO TRANSLATE							
title_settings_language_CN	简体中文 (Chinese)	// NO NEED TO TRANSLATE							
title_settings_language_BR	Português (Portuguese)	// NO NEED TO TRANSLATE							
title_settings_language_JP	日本語 (Japanese)	// NO NEED TO TRANSLATE							
title_settings_language_RU	Русский (Russian)	// NO NEED TO TRANSLATE							
									
UNUSED_quote	The more clearly we can focus our attention on the wonders and realities of the universe about us the less taste we shall have for destruction. ^Rachel Carson. Silent Spring.		Plus nous prêterons attention aux merveilles et aux phénomènes de l'univers qui nous entoure, moins nous aurons le goût de la destruction. ^Rachel Carson, Printemps silencieux	Je klarer wir unsere Aufmerksamkeit auf die Wunder und Realitäten des uns umgebenden Universums lenken können, desto weniger Geschmack werden wir an der Zerstörung haben. ^Rachel Carson. Der stumme Frühling.	«Cuanto más claramente podamos centrar nuestra atención en las maravillas y las realidades del universo que nos rodea, menos gusto tendremos por la destrucción».^Rachel Carson («Primavera silenciosa»)	Quanto mais pudermos focar claramente nossa atenção nas maravilhas e realidades do universo ao nosso redor, menos gosto teremos pela destruição. ^Rachel Carson. Primavera Silenciosa	我们越是明确地将注意力放在我们周围宇宙的奇妙与真实上，我们对毁灭的兴趣就越小。^蕾切尔·卡逊。《寂静的春天》。	わたしたちがこの世界の驚異や現実に明確に注目すればするほど、破壊を求めることは減る。 ^『沈黙の春』 レイチェル・カーソン	
UNUSED_menu_npc_date_location4_magicman	Moonstone Mountain		Montagne de l'île de la Pierre de lune	Mondsteinberg	Montaña Lunapétrea	Montanha Selenita	月石山	ムーンストーン山	Гора Лунного Камня
									
									
new_crafting_recipes_aviailable_notification	New items are available for crafting!		De nouveaux objets peuvent être fabriqués !	Neue Gegenstände zum Herstellen verfügbar!	¡Ya puedes fabricar objetos nuevos!	Novos itens estão disponíveis para criação!	快来制作全新物品！	新しいアイテムがクラフト可能！	Доступны новые предметы для крафта!
dlc_notification_dialogue	Thank you for purchasing our DLC! You can find your exclusive craftable items in the Decoration Station and the Moonstone Enchanter.		Merci d'avoir acheté notre DLC ! Tu trouveras tes objets exclusifs à l'atelier de décoration et dans l'enchanteur de pierres de lune.	Danke für den Kauf unseres DLCs! Du findest deine exklusiven herstellbaren Gegenstände in der Dekorationsstation und im Mondsteinverzauberer.	¡Gracias por comprar nuestro DLC! Encontrarás los objetos exclusivos que puedes fabricar en el banco de decoración y el encantador de piedra lunar.	Agradecemos por adquirir nosso DLC! Você pode encontrar seus itens de criação exclusivos na Estação de Decoração e no Encantador de Selenita.	感谢购买 DLC！你可以前往装饰台和月石魔法台找到你的专属可制作物品。	DLCをご購入いただき、ありがとうございます！ 限定クラフトアイテムは、装飾ステーションとムーンストーンエンチャンターでご確認ください。	Спасибо за покупку дополнения! Вы можете найти ваши эксклюзивные предметы для создания на Верстаке и в Лунном Зачарователе.
dlc_notification_dialogue_workbench_only	Thank you for purchasing our DLC! You can find your exclusive craftable items in the Decoration Station.		Merci d'avoir acheté notre DLC ! Tu trouveras tes objets exclusifs à l'atelier de décoration.	Danke für den Kauf unseres DLCs! Du findest deine exklusiven herstellbaren Gegenstände in der Dekorationsstation.	¡Gracias por comprar nuestro DLC! Encontrarás los objetos exclusivos que puedes fabricar en el banco de decoración.	Agradecemos por adquirir nosso DLC! Você pode encontrar seus itens de criação exclusivos na Estação de Decoração.	感谢购买 DLC！你可以前往装饰台找到你的专属可制作物品。	DLCをご購入いただき、ありがとうございます！ 限定クラフトアイテムは、装飾ステーションでご確認ください。	Спасибо за покупку дополнения! Вы можете найти ваши эксклюзивные предметы для создания на Верстаке Декоратора.
									
menu_close_mine	If you close this mine it cannot be reopened, and no other mines will appear on this island. Are you sure you want to close this mine?		Si tu condamnes cette mine, tu ne pourras pas la rouvrir et aucune autre mine n'apparaîtra sur cette île. Veux-tu vraiment la condamner ?	Wenn du diese Mine schließt, kann sie nicht wieder geöffnet werden und es erscheinen keine weiteren Minen auf dieser Insel. Möchtest du diese Mine wirklich schließen?	Si cierras esta mina, no podrás volver a abrirla y no aparecerá ninguna otra en esta isla. ¿Seguro que quieres cerrarla?	Se você fechar essa mina, ela não poderá ser reaberta e nenhuma outra mina aparecerá nesta ilha. Tem certeza de que deseja fechar essa mina?	若关闭矿洞，将无法再次开启，并且这座岛上将不会再出现其他矿洞。确定要关闭此矿洞吗？	この鉱山を閉じると、再び開くことができなくなり、この島に他の鉱山も現れなくなります。本当にこの鉱山を閉じますか？	Если вы закроете эту шахту, её нельзя будет открыть снова, и другие шахты на этом острове не появятся. Вы уверены, что хотите ее закрыть?
									
menu_send_medallion	Move to Medallion		Placer dans le médaillon	Zu Medaillon bewegen	Mover al medallón	Mover para o medalhão	移至徽章	メダルへ移動	Отправить в Медальон
menu_send_barn	Move to Spirit Barn		Placer dans l'abri à esprits	Zur Geisterscheune bewegen	Mover al establo para espíritus	Mover para a Morada dos Espíritos	移至精灵棚	精霊の小屋へ移動	Отправить в Амбар
menu_send_letgo	Let go		Abandonner	Gehen lassen	Soltar	Libertar	放走	逃がす	Отпустить на свободу
									
UNUSEDmenu_confirmation_autosave	The Autosave slot is shared between game sessions and will be overwritten. If you have an in-progress game be sure to create a manual save before starting a new game.		L'emplacement de sauvegarde automatique est partagé entre toutes les sessions de jeu et sera écrasé. Pense donc à sauvegarder manuellement ta partie en cours avant d'en commencer une nouvelle.	Der Autospeicherplatz wird für mehr als eine Spielsitzung benutzt und überschrieben. Falls du ein Spiel angefangen hast, speichere manuell einen Spielstand, bevor du ein neues Spiel beginnst.	La ranura de autoguardado se comparte entre las diferentes sesiones de juego y se irá sobreescribiendo. Si tienes una partida empezada, no olvides crear un archivo de guardado de forma manual antes de comenzar una partida nueva.	O espaço de salvamento automático é compartilhado entre sessões de jogo e será substituído. Se você tiver um jogo em andamento, crie um salvamento manual antes de iniciar um novo jogo.	自动保存槽位共用于每次游戏，并且会被覆盖。如果你有正在进行的游戏进度，请在开始新游戏前，一定要确保已进行过手动保存。	オートセーブスロットは、すべてのプレイデータで共有され、上書きされます。進行中のプレイデータがある場合は、ニューゲームを始める前に手動でセーブを行ってください。	Слот автосохранения используется будет перезаписан между игровыми сессиями. Если у вас есть игра в процессе, обязательно создайте ручное сохранение перед началом новой игры.
									
macos_permission_dialogue1	Moonstone Island was unable to access saved files in the Documents folder. Please try the following options:^1. Uninstall/install the game in Steam.^2. Open System Settings > Privacy & Security > Files and folders. Make sure that Moonstone Island has access to Documents folder.		Moonstone Island n'a pas pu accéder aux fichiers sauvegardés dans le dossier Documents. Essaie les options suivantes :^1. Désinstalle puis réinstalle le jeu sur Steam.^2. Accède à Réglages Système > Confidentialité et sécurité > Fichiers et dossiers. Vérifie que Moonstone Island a bien accès au dossier Documents.	Moonstone Island konnte im Ordner „Dokumente“ nicht auf gespeicherte Dateien zugreifen. Bitte probiere folgende Optionen:^1. Deinstalliere/Installiere das Spiel bei Steam.^2. Öffne Systemeinstellungen > Datenschutz und Sicherheit > Dateien und Ordner. Sorge dafür, dass Moonstone Island auf den Ordner „Dokumente“ zugreifen kann.	Moonstone Island no ha podido acceder a los archivos guardados en la carpeta Documentos. Prueba a hacer lo siguiente:^1. Desinstala y vuelve a instalar el juego en Steam.^2. Ve a Ajustes del sistema > Privacidad y seguridad > Archivos y carpetas. Asegúrate de que Moonstone Island tiene acceso a la carpeta Documentos.	Moonstone Island não conseguiu acessar os arquivos salvos na pasta Documentos. Tente as seguintes opções:^1. Desinstale/instale o jogo no Steam.^2. Abra Configurações do sistema > Privacidade e Segurança > Arquivos e pastas. Verifique se Moonstone Island tem acesso à pasta Documentos.	《月石岛》无法访问“文档”文件夹中的存档文件。请尝试以下选项：^1. 在 Steam 中卸载/安装游戏。^2. 打开“系统设置”>“隐私与安全”>“文档和文档夹”。确保设置为允许《月石岛》访问“文档”文件夹。	『Moonstone Island』がドキュメントフォルダ内のセーブデータにアクセスできませんでした。次の手順をお試しください。^1. Steamで当ゲームをアンインストール/インストールする^2. 設定 > プライバシーとセキュリティ > ファイルとフォルダ を開き、『Moonstone Island』がドキュメントフォルダへアクセスするのを許可する	Остров Лунного Камня не смог получить доступ к сохраненным файлам в папке Документы. Пожалуйста, попробуйте следующие варианты:^1. Переустановите игру в Steam.^2. Откройте Системные настройки > Конфиденциальность и безопасность > Файлы и папки. Убедитесь, что у приложения есть доступ к папке Документы.
macos_permission_dialogue2	3. If the issue persists, open System Settings > Privacy & Security > Full Disk Access and add Moonstone Island app to the list.		3. Si le problème persiste, ouvre Réglages Système > Confidentialité et sécurité > Accès complet au disque et ajoute l'application Moonstone Island à la liste.	3. Bleibt das Problem bestehen, öffne Systemeinstellungen > Datenschutz und Sicherheit > Festplattenvollzugriff und füge die App „Moonstone Island“ zur Liste hinzu.	3. Si el problema persiste, ve a Ajustes del sistema > Privacidad y seguridad > Acceso completo al disco. Después, añade la aplicación Moonstone Island a la lista.	3. Se o problema persistir, abra Configurações do sistema > Privacidade e Segurança > Acesso Total ao Disco e adicione o aplicativo Moonstone Island à lista.	3. 如果问题仍然存在，打开“系统设置”>“隐私与安全”>“完全磁盘访问”，并将《月石岛》应用程序添加到列表中。	3. エラーが解決しない場合、設定 > プライバシーとセキュリティ > フルディスクアクセス を開き、『Moonstone Island』アプリをリストへ追加してください	3. Если проблема не исчезнет, откройте Системные настройки > Конфиденциальность и безопасность > Полный доступ к диску и добавьте приложение Остров Лунного Камня в список.
									
menu_buy_item	Purchase {item}?		Acheter ceci : {item} ?	„{item}“ kaufen?	¿Quieres comprar {item}?	Comprar {item}?	确认购买{item}？	{item}を買う？	Приобрести '{item}'?
									
menu_transfer_title	What would you like to do with this spirit?		Que veux-tu faire de cet esprit ?	Was möchtest du mit diesem Geist tun?	¿Qué quieres hacer con este espíritu?	O que você gostaria de fazer com esse Espírito?	你想如何安置这个精灵？	この精霊をどうしますか？	Что вы хотите сделать с этим духом?
menu_tame_keep_party	Add to your Medallion		L'ajouter à ton médaillon	Zu deinem Medaillon hinzufügen	Añadir al medallón	Adicionar ao seu medalhão	添加到徽章	メダルに追加	Добавить в ваш Медальон
menu_send_storage	Move to Science Center		L'envoyer au labo	Zum Forschungszentrum bewegen	Mover al centro científico	Mover para o Centro de Ciências	移至科学中心	科学センターへ送る	Отправить в Научный Центр
menu_transfer_spirit	Transfer or let go		Le transférer ou l'abandonner	Transferieren oder freilassen	Transferir o soltar	Transferir ou Libertar	转移或放走	移動または逃がす	Переместить / отпустить
									
menu_rename_spirit	Rename		Renommer	Umbenennen	Renombrar	Renomear	重命名	改名	Переименовать
menu_rename_spirit_title	Enter new name:		Saisis un nouveau nom :	Neuen Namen eingeben:	Introduce el nombre nuevo:	Digite o novo nome:	输入新名称：	新しい名前を入力してください：	Введите новое имя:
									
menu_rename_reset	Reset		Réinitialiser	Zurücksetzen	Restablecer	Reiniciar	重置	リセット	Сброс
menu_rename_confirm	Confirm		Confirmer	Bestätigen	Confirmar	Confirmar	确认	OK	Подтвердить
									
menu_npc_view_spirits_storage	View spirits in storage		Affiche les esprits de la réserve.	Geister im Lager ansehen	Ver los espíritus guardados	Ver Espíritos armazenados	查看存储库里的精灵	あずかりスペースの精霊を見る	Посмотреть Духов в хранилище
menu_spirit_storage_title	Spirit storage		Réserve à esprits	Geisterlager	Espíritus guardados	Armazenamento de Espíritos	精灵存储库	精霊あずかりスペース	Хранилище Духов
									
	// Text of Waldo's letter from the Holo Hunter promotion. the letter is disabled, but may still exist in ongoing games								
mail_text_holo_day_hunt	<3^^Magic Man		<3^^Mage	<3^^Magier	<3^^Mago	<3^^Homem Mágico	<3^^魔术师	<3^^魔法使い	<3^^Волшебник
									
menu_npc_marriage_when	When would you like to have the ceremony? (The ceremony will take up the entire day and cannot be skipped.)		Quand veux-tu que la cérémonie ait lieu ? (La cérémonie dure toute la journée et ne peut pas être passée.)	Wann soll die Hochzeit stattfinden? (Die Feierlichkeiten dauern den ganzen Tag und können nicht übersprungen werden.)	¿Cuándo quieres celebrar la ceremonia? (La ceremonia durará todo el día y no se puede omitir).	Quando você gostaria de realizar a cerimônia? (A cerimônia levará o dia todo e não pode ser pulada.)	你们想什么时候举行仪式？（仪式将耗时一整天，且无法跳过。）	挙式はいつにしますか？（式は丸一日行われ、スキップできません）	Когда бы вы хотели провести свадьбу? (Церемония займет весь день и её нельзя пропустить.)
menu_wedding_outfit	Your wedding is today!^Which outfit would you like to wear?		Ton mariage a lieu aujourd'hui ! Quelle tenue veux-tu porter ?	Heute ist deine Hochzeit! Welches Outfit möchtest du tragen?	¡La boda es hoy! ¿Qué te gustaría ponerte?	Seu casamento é hoje! Qual roupa você gostaria de vestir?	你的婚礼就在今天！你想要穿哪套衣服？	今日は結婚式です！ どの服を着ますか？	Сегодня ваша свадьба!^Какой наряд вы хотели бы надеть?
									
menu_warp_destination	Where would you like to warp to?		Où veux-tu te téléporter ?	Wohin möchtest du warpen?	¿A dónde quieres teletransportarte?	Para onde deseja se teletransportar?	你想跃迁到哪里？	どこへワープしますか？	Куда бы вы хотели телепортироваться?
menu_warp_destination_statue	The Goddess Statue		La statue de la déesse	Die Göttinnenstatue	La estatua de la diosa	A Estátua da Deusa	女神像	女神の像	Статуя Богини
menu_warp_destination_totem	Warp Whistle Totem		Totem de la flûte de distorsion	Warppfeifentotem	Tótem de la flauta mágica	Totem da Flauta Mágica	跃迁哨图腾	ワープホイッスルのトーテム	Тотем Перемещения
									
itemframe_title	Select an item to put into the picture frame		Sélectionne un objet à placer dans le cadre.	Wähle ein Objekt für den Bilderrahmen	Escoge un objeto para ponerlo en el marco.	Selecione um objeto para colocar no porta-retratos	选择物品放入画框	額に入れるアイテムをえらんでください	Выберите предмет, чтобы поместить в рамку
									
menu_select_gamefile	Select game		Sélectionner	Auswählen	Seleccionar	Selecionar	选择已保存游戏	セーブデータ	Выбрать игру
menu_load_from_gamefile	Load from '{game_file}'		Charger ({game_file})	Von "{game_file}" laden	Cargar {game_file}	Carregar "{game_file}"	从'{game_file}'中读取	{game_file}'をロード	Загрузить из '{game_file}'
gamefile_default_name	Game #{index}		Partie no {index}	Spiel {index}	Partida {index}	Jogo #{index}	游戏#{index}	ゲーム#{index}	Игра №{index}
menu_maximum_games	Can't create more than 10 games. Please delete one or more old games first.		Impossible de créer plus de 10 parties. Supprimes-en au moins une.	Du kannst nicht mehr als 10 Spiele erstellen. Lösche bitte zuerst ein oder mehrere alte Spiele.	No se pueden crear más de 10 partidas. Elimina una o más primero.	Não é possível criar mais de 10 jogos. Apague um ou mais jogos para continuar.	无法创建超过10个游戏存档。请先删除一个或多个旧游戏存档。	データは10個以上作成できません。古いデータを削除してください。	Невозможно создать более 10 игр. Сначала удалите одну или несколько старых игр.
menu_rename_game_file	Enter game name:		Saisis le nom de la partie :	Spielnamen eingeben:	Nombre de la partida:	Digite o nome do jogo:	输入游戏存档名称：	データ名を入力：	Введите новое название:
									
menu_confirmation_exit_to_mainmenu	Are you sure you want to exit to the main menu? Any unsaved progress will be lost.		Veux-tu vraiment retourner au menu principal ? Toute progression non sauvegardée sera perdue.	Möchtest du wirklich zurück zum Hauptmenü? Dein ungespeicherter Fortschritt geht verloren.	¿Seguro que quieres volver al menú principal? Perderás todo el progreso que no hayas guardado.	Deseja mesmo sair do menu principal? Qualquer progresso não salvo será perdido.	确定要退出至主菜单吗？所有未保存的进度都将丢失。	終了してメインメニューへ戻りますか？ 未セーブの進行状況は失われます。	Вы уверены, что хотите выйти в главное меню? Весь несохраненный прогресс будет утерян.
									
menu_choose_starter_spirit	Choose your starter Spirit		Choisis ton esprit de départ	Wähle deinen Startgeist	Escoge tu espíritu inicial.	Escolha seu espírito inicial	选择你的初始精灵	開始時の精霊をえらんでください	Выберите стартового Духа
									
menu_sleep_title	How long should I sleep for?		Combien de temps dois-je dormir ?	Wie lange soll ich schlafen?	¿Cuánto tiempo debería dormir?	Por quanto tempo eu durmo?	我应该睡多久？	どれくらい眠る？	Как долго мне спать?
menu_sleep_night	Sleep for the night		Toute la nuit	Schlafe die ganze Nacht	Dormir toda la noche	Dormir a noite toda	睡一整晚	一晩中	До утра
menu_sleep_1_hour	Sleep 1 hour		1 heure	Schlafe 1 Stunde	Dormir 1 hora	Dormir por 1 hora	睡 1 小时	1時間	Спать 1 час
menu_sleep_3_hours	Sleep 3 hours		3 heures	Schlafe 3 Stunden	Dormir 3 horas	Dormir por 3 horas	睡 3 小时	3時間	Спать 3 часа
menu_sleep_6_hours	Sleep 6 hours		6 heures	Schlafe 6 Stunden	Dormir 6 horas	Dormir por 6 horas	睡 6 小时	6時間	Спать 6 часов
menu_sleep_12_hours	Sleep 12 hours		12 heures	Schlafe 12 Stunden	Dormir 12 horas	Dormir por 12 horas	睡 12 小时	12時間	Спать 12 часов
									
menu_rent_room	Rent a room (50 coins)?		Louer une chambre (50 pièces) ?	Ein Zimmer nehmen (50 Münzen)?	¿Quieres alquilar una habitación (50 monedas)?	Alugar um quarto (50 moedas)?	租一个房间吗？（50 钱币）	部屋を借りる？（50コイン）	Снять комнату (50 монет)?
									
rift_party_leave	Are you sure you want to leave?		Veux-tu vraiment partir ?	Willst du wirklich weggehen?	¿Seguro que quieres irte?	Deseja mesmo sair?	确定要离开吗？	本当に立ち去りますか？	Покинуть вечеринку?
rift_party_end_message	My big quest is over. Now my life truly begins.		J'ai accompli ma quête. Maintenant, je vais pouvoir vivre ma vie.	Mein großer Auftrag ist erledigt. Jetzt beginnt das wahre Leben.	Mi gran misión ha terminado. Ahora por fin comienza mi vida.	Minha grande missão acabou. Agora, minha verdadeira vida começa.	我的宏大征途已然结束。此刻，我的人生才真正开始。	大きな仕事が終わった。これからは本当の人生が始まる。	Мой большой квест окончен. Теперь начинается моя настоящая жизнь.
									
	// COOKING								
panel_cookbook	Cookbook		Livre de recettes	Kochbuch	Recetario	Livro de Receitas	食谱	料理本	Книга рецептов
cooking_category_meal_general	Special		Spéciales	Spezial	Especial	Especiais	特殊	スペシャル	Особые блюда
cooking_category_meal_spring	Spring recipes		Printemps	Frühlingsrezepte	Primavera	Primavera	春季配方	春のレシピ	Весенние блюда
cooking_category_meal_summer	Summer recipes		Été	Sommerrezepte	Verano	Verão	夏季配方	夏のレシピ	Летние блюда
cooking_category_meal_fall	Fall recipes		Automne	Herbstrezepte	Otoño	Outono	春季配方	秋のレシピ	Осенние блюда
cooking_category_meal_winter	Winter recipes		Hiver	Winterrezepte	Invierno	Inverno	冬季配方	冬のレシピ	Зимние блюда
cooking_category_meal_fish	Fish recipes		Poisson	Fischrezepte	Pescado	Peixe	鱼类配方	サカナのレシピ	Рыбные блюда
cooking_category_meal_all	All		Toutes	Alles	Todas	Todas	所有	すべて	Все блюда
cooking_category_meal_new	New		Nouveau	Neu	Nuevos	Novo	新出现	新	Новые
									
									
									
									
									
									

	PLAYER SKILLS	COMMENTS	FR	DE	ES	BR	CN	JP	RU
									
skill_upgrade_points	Points: {number}		Points : {number}	Punkte: {number}	Puntos: {number}	Pontos: {number}	点数：{number}	ポイント： {number}	Очки: {number}
									
									
skill_category_Spirits	Spirits		Esprits	Geister	Espíritus	Espíritos	精灵	精霊	Духи
skill_category_Combat	Combat		Combat	Kampf	Combate	Combate	战斗	戦闘	Сражение
skill_category_Archeology	Archeology		Archéologie	Archäologie	Arqueología	Arqueologia	考古学	考古学	Археология
skill_category_Agriculture	Agriculture		Agriculture	Ackerbau	Agricultura	Agricultura	农业	農学	Фермерство
skill_category_Foraging	Foraging		Récolte	Überleben	Recolección	Forragem	觅食	狩猟採集	Природа
skill_category_SettlingIn	Social		Social	Soziales	Social	Social	社交	人間関係	Общество
									
skill_stream_Spiritmancy	Spiritmancy		Spiritomancie	Geisterkunde	Espirimancia	Espiritomancia	精灵占卜	精霊使い	Приручение духов
skill_stream_SpiritKeeping	Spirit Keeping		Élevage d'esprits	Geisterzucht	Cuidado de espíritus	Cuidado de Espíritos	精灵饲养	精霊飼育	Воспитание духов
skill_stream_Cartomancy	Cartomancy		Cartomancie	Kartenlegen	Cartomancia	Cartomancia	卡牌占卜	カード使い	Картомантия
skill_stream_Banishment	Banishment		Bannissement	Bannung	Destierro	Banimento	驱逐	撃退	Сражение с духами
skill_stream_DungeonDelving	Dungeons		Donjons	Verliese	Mazmorras	Masmorras	地下城	ダンジョン	Подземелья
skill_stream_Mining	Mines		Mines	Minen	Minas	Minas	矿洞	鉱山	Шахты
skill_stream_Herbology	Herbology		Herboristerie	Kräuterkunde	Herbología	Herbologia	草药学	ハーブの研究	Травничество
skill_stream_Farming	Farming		Cultivation	Pflanzenbau	Agricultura	Cultivo	农业	農業	Огородничество
skill_stream_Fishing	Fishing		Pêche	Angeln	Pesca	Pescaria	钓鱼	釣り	Рыбалка
skill_stream_Scavenging	Scavenging		Ressources	Sammeln	Acopio de recursos	Coleta	拾荒	スカベンジング	Ресурсы
skill_stream_Home	Home		Sommeil	Zuhause	Hogar	Lar	家	家	Жилище
skill_stream_Social	Relationships		Relations	Beziehungen	Relaciones	Relacionamentos	关系	人間関係	Отношения
									
									
skill_category_Spirits_description	Earn points by taming, feeding and hatching Spirits.		Gagne des points en apprivoisant, en nourrissant et en faisant éclore des esprits.	Verdiene Punkte, indem du Geister zähmst, fütterst und ausbrütest.	Doma, da de comer y ayuda a eclosionar a los espíritus para ganar puntos.	Ganhe pontos domando, alimentando e chocando Espíritos.	通过驯服、喂养和孵化精灵来赚取点数。	精霊の手なづけやエサやり、ふ化をするとポイントが入ります。	Набирайте очки, приручая, кормя и выращивая Духов.
skill_category_Combat_description	Earn points by feeding Talismans to your Spirits and by banishing wild Spirits.		Gagne des points en donnant des talismans à tes esprits et en bannissant des esprits sauvages.	Verdiene Punkte, indem du deine Geister mit Talismanen fütterst und wilde Geister bannst.	Dales talismanes a tus espíritus y destierra a los espíritus silvestres para ganar puntos.	Ganhe pontos alimentando seus Espíritos com talismãs e banindo Espíritos Selvagens.	通过向你的精灵喂法宝和驱逐野生精灵来赚取点数。	精霊にタリスマンを与えたり野生の精霊を撃退したりすると、ポイントが入ります。	Набирайте очки, давая Духам талисманы и побеждая диких Духов.
skill_category_Archeology_description	Earn points by looting mines and dungeons, defeating dungeon Guardians, and activating Ando Trees.		Gagne des points en fouillant les mines et les donjons, en terrassant les gardiens des donjons et en activant des arbres Ando.	Verdiene Punkte, indem du Minen und Verliese plünderst, Verlieswächter besiegst und Andobäume aktivierst.	Saquea minas y mazmorras, derrota a todos los Guardian de las mazmorras y activa los árboles Ando para ganar puntos.	Ganhe pontos saqueando minas e masmorras, derrotando guardiões de masmorras e ativando Árvores Anciãs.	通过洗劫矿洞和地下城、击败地下城守护者以及激活安藤树来赚取点数。	鉱山やダンジョンのガーディアンから物を奪ったりアンドの木を起動したりすると、ポイントが入ります。	Набирайте очки, обследуя шахты и подземелья, побеждая стражей подземелий и активируя Андо дерево.
skill_category_Agriculture_description	Earn points by selling crops.		Gagne des points en vendant des cultures.	Verdiene Punkte, indem du deine Ernte verkaufst.	Vende cultivos para ganar puntos.	Ganhe pontos vendendo colheitas.	通过出售作物赚取点数。	作物を売るとポイントが入ります。	Набирайте очки, продавая урожай.
skill_category_Foraging_description	Earn points by chopping down trees, smashing rocks, and catching fish.		Gagne des points en abattant des arbres, en détruisant des rochers et en pêchant des poissons.	Verdiene Punkte, indem du Bäume fällst, Felsen zerkleinerst und Fische fängst.	Tala árboles, parte rocas y pesca para ganar puntos.	Ganhe pontos derrubando árvores, quebrando pedras e pescando.	通过砍树、打碎岩石和捕鱼来赚取点数。	木を切り倒したり、岩をこわしたり、サカナを釣るとポイントが入ります。	Набирайте очки, валя деревья, круша камни и ловя рыбу.
skill_category_SettlingIn_description	Earn points by talking, giving gifts, and going on dates.		Gagne des points en discutant avec les villageois, en leur offrant des cadeaux et en allant à des rendez-vous avec eux.	Verdiene Punkte, indem du redest, Geschenke verteilst und Dates ausmachst.	Conversa, haz regalos y ten citas para ganar puntos.	Ganhe pontos conversando, dando presentes e indo a encontros.	通过交谈、赠送礼物和约会来赚取点数。	会話、プレゼント、デートをすると、ポイントが入ります。	Набирайте очки, общаясь, даря подарки и посещая свидания.
									
									
									
skill_name_TameUpgrade1	Tame Adept{desc}Improve chance of successfully taming spirits		Adepte de l'apprivoisement{desc}Augmente les chances d'apprivoiser les esprits.	Zähmexperte{desc}Verbessere die Chance, Geister zu zähmen.	Doma Avanzada{desc}Aumenta bastante la probabilidad de domar a un espíritu.	Domadore{desc}Aumenta a chance de domar Espíritos com sucesso	驯服能手{desc}提高成功驯服精灵的几率	手なづけ名人{desc}精霊手なづけの際の成功率が高くなる	Новичок Укротитель{desc}Улучшает шанс успешного приручения духов.
skill_name_BeginnerSpiritmancer	Beginner Spiritmancer{desc}Can keep tamed Spirits up to level 10		Néophyte en spiritomancie{desc}Permet de conserver les esprits apprivoisés jusqu'au niveau 10.	Unerfahrener Geisterjäger{desc}Kann gezähmte Geister bis Stufe 10 behalten.	Espirimancia Básica{desc}Permite mantener domados a los espíritus de hasta nivel 10.	Espiritomante Principiante{desc}Capaz de manter Espíritos domados até o nível 10.	入门精灵占卜师{desc}可以保留 10 级以内的已驯服精灵	精霊使い初心者{desc}レベル10までの精霊を手なづけておける	Начинающий Духомант{desc}Вы можете содержать прирученных Духов до 10 уровня.
skill_name_NoviceSpiritmancer	Novice Spiritmancer{desc}Can keep tamed Spirits up to level 20		Novice en spiritomancie{desc}Permet de conserver les esprits apprivoisés jusqu'au niveau 20.	Junger Geisterjäger{desc}Kann gezähmte Geister bis Stufe 20 behalten.	Espirimancia Elemental{desc}Permite mantener domados a los espíritus de hasta nivel 20.	Espiritomante Aprendiz{desc}Capaz de manter Espíritos domados até o nível 20.	新手精灵占卜师{desc}可以保留 20 级以内的已驯服精灵	新米精霊使い{desc}レベル20までの精霊を手なづけておける	Любитель Духомант{desc}Вы можете содержать прирученных Духов до 20 уровня.
skill_name_TameUpgrade2	Tame Pro{desc}Further improve chance of successfully taming spirits		Pro de l'apprivoisement{desc}Augmente davantage les chances d'apprivoiser les esprits.	Zähmprofi{desc}Verbessere die Chance noch mehr, Geister zu zähmen.	Doma Profesional{desc}Aumenta mucho la probabilidad de domar a un espíritu.	Profissional em Doma{desc}Aumenta a chance de domar Espíritos com sucesso	驯服高手{desc}进一步提高成功驯服精灵的几率	手なづけのプロ{desc}精霊手なづけの際の成功率がさらに高くなる	Бывалый Укротитель{desc}Дополнительно улучшает шанс успешного приручения духов.
skill_name_IntermediateSpiritmancer	Intermediate Spiritmancer{desc}Can keep tamed Spirits up to level 30		Élève en spiritomancie{desc}Permet de conserver les esprits apprivoisés jusqu'au niveau 30.	Erfahrener Geisterjäger{desc}Kann gezähmte Geister bis Stufe 30 behalten.	Espirimancia Intermedia{desc}Permite mantener domados a los espíritus de hasta nivel 30.	Espiritomante Intermediário{desc}Capaz de manter Espíritos domados até o nível 30.	中级精灵占卜师{desc}可以保留 30 级以内的已驯服精灵	中級精霊使い{desc}レベル30までの精霊を手なづけておける	Искушенный Духомант{desc}Вы можете содержать прирученных Духов до 30 уровня.
skill_name_ExpertSpiritmancer	Expert Spiritmancer{desc}Can keep tamed Spirits up to level 40		Spécialiste de la spiritomancie{desc}Permet de conserver les esprits apprivoisés jusqu'au niveau 40.	Ausgezeichneter Geisterjäger{desc}Kann gezähmte Geister bis Stufe 40 behalten.	Espirimancia Avanzada{desc}Permite mantener domados a los espíritus de hasta nivel 40.	Espiritomante Experiente{desc}Capaz de manter Espíritos domados até o nível 40.	精灵占卜专家{desc}可以保留 40 级以内的已驯服精灵	ベテラン精霊使い{desc}レベル40までの精霊を手なづけておける	Опытный Духомант{desc}Вы можете содержать прирученных Духов до 40 уровня.
skill_name_TameUpgrade3	Tame Wizard{desc}Greatly improve chance of successfully taming spirits		Virtuose de l'apprivoisement{desc}Augmente nettement les chances d'apprivoiser les esprits.	Zähmgenie{desc}Verbessere die Chance erheblich, Geister zu zähmen.	Doma Mística{desc}Aumenta muchísimo la probabilidad de domar a un espíritu.	Mague da Doma{desc}Aumenta consideravelmente a chance de domar Espíritos com sucesso	驯服神手{desc}大幅提高成功驯服精灵的几率	手なづけの魔術師{desc}精霊手なづけの際の成功率がかなり高くなる	Профессиональный Укротитель{desc}Значительно улучшает шанс успешного приручения духов.
skill_name_MasterSpiritmancer	Master Spiritmancer{desc}Can keep tamed Spirits of any level		As de la spiritomancie{desc}Permet de conserver les esprits apprivoisés de tout niveau.	Meisterhafter Geisterjäger{desc}Kann gezähmte Geister aller Stufen behalten.	Espirimancia Superior{desc}Permite mantener domados a espíritus de cualquier nivel.	Espiritomante Mestre{desc}Capaz de manter Espíritos domados de qualquer nível.	驯服大师{desc}可以保留任意级别的已驯服精灵	マスター精霊使い{desc}どのレベルの精霊でも手なづけておける	Мастер Духомант{desc}Вы можете содержать прирученных Духов любого уровня.
									
skill_name_SpiritFarmer	Spirit Farmer{desc}Increases chance of Spirits dropping eggs or resources		Élevage d'esprits{desc}Augmente les chances que les esprits donnent des œufs ou des ressources.	Geisterzüchter{desc}Erhöht die Chance, dass Geister Eier oder Ressourcen hinterlassen.	Granjeando Espíritus{desc}Aumenta la probabilidad de que los espíritus suelten recursos o huevos.	Cuidadore de Espíritos{desc}Aumenta a chance de Espíritos deixarem cair ovos ou recursos	精灵农夫{desc}提升精灵下蛋或掉落资源的几率	精霊育て人{desc}精霊がタマゴや資源を落とす可能性が高くなる	Фермер Духов{desc}Увеличивает шанс того, что Духи в Амбаре будут оставлять яйца или субстанции.
skill_name_SpiritBond	Spirit Bond{desc}Spirits will stay one day longer in Spirit Barn before running away if not fed		Lien spirituel{desc}S'ils ne sont pas nourris, les esprits resteront un jour de plus dans l'abri avant de s'enfuir.	Geisterbindung{desc}Wenn Geister nicht gefüttert werden, bleiben sie noch einen Tag in der Geisterscheune, bevor sie davonlaufen.	Conectando con los Espíritus{desc}Los espíritus aguantan un día más sin comer en el establo antes de huir.	Conexão com os Espíritos{desc}Espíritos permanecerão mais um dia na Morada dos Espíritos antes de fugir se não forem alimentados	精灵羁绊{desc}精灵得不到喂食时，会在精灵棚多待一天才逃跑	精霊とのキズナ{desc}精霊の小屋でエサをもらっていない精霊が逃げるまで、1日延びる	Узы Духов{desc}Голодные Духи в Амбаре сбегают на день позже.
skill_name_SpiritEggs	Spirit Eggs{desc}Increase chance that Spirits drop eggs after combat		Œufs d'esprits{desc}Augmente les chances que les esprits lâchent un œuf après un combat.
	Geistereier{desc}Erhöhe die Chance, dass Geister nach dem Kampf Eier hinterlassen.	Poniendo Espirihuevos{desc}Aumenta la probabilidad de que los espíritus dejen huevos tras el combate.
	Ovos de Espíritos{desc}Aumentam a chance de os Espíritos deixarem cair ovos após o combate
	精灵蛋{desc}提升精灵在战斗之后下蛋的几率
	精霊のタマゴ{desc}戦闘後に精霊がタマゴを落とす可能性が高くなる	Яйца Духов{desc}Увеличивает шанс получить яйцо в награду после победы в бою.
skill_name_SpiritNester	Spirit Nester{desc}Spirits in Spirit Barn sometimes drop eggs		Reproduction{desc}Les esprits dans l'abri donnent parfois un œuf.	Geisternester{desc}Geister in der Geisterscheune hinterlassen manchmal Eier.	Anidando Espíritus{desc}Los espíritus del establo dejan huevos de vez en cuando.	Ninho de Espíritos{desc}Espíritos na Morada dos Espíritos às vezes deixam cair ovos	精灵筑巢者{desc}精灵棚里的精灵会偶尔下蛋	巣作り人{desc}精霊の小屋にいる精霊がときどきタマゴを落とす	Опекун Духов{desc}Духи в Амбаре будут иногда оставлять яйца.
skill_name_SpiritHatcher	Spirit Hatcher{desc}Spirit eggs hatch 1 day earlier		Couveuse{desc}Les œufs d'esprits éclosent 1 jour plus tôt.	Geisterbrüter{desc}Geister schlüpfen 1 Tag früher.	Incubando Espíritus{desc}Los espirihuevos eclosionan 1 día antes.	Incubadora de Espíritos{desc}Ovos de Espíritos eclodem 1 dia antes	精灵孵化者{desc}精灵蛋提前一天孵化	タマゴかえし人{desc}精霊のタマゴのふ化が1日早くなる	Заводчик Духов{desc}Духи из яиц вылупляются на день раньше.
skill_name_SpiritWalker	Spirit Walker{desc}Spirits gain XP while following you		Marche productive{desc}Les esprits gagnent de l'EXP lorsqu'ils te suivent.	Geisterwanderer{desc}Geister erhalten EP, während sie dir folgen.	Paseando a los Espíritus{desc}Los espíritus ganan EXP mientras te siguen.	Passeadore de Espíritos{desc}Espíritos recebem EXP enquanto te seguem	精灵行者{desc}跟随你时，精灵的经验值提升	精霊のお散歩{desc}うしろについてきている精霊がXPを得る	Проводник Духов{desc}Духи получают очки опыта, когда следуют за вами.
									
skill_name_BeginnerCartomancer	Beginner Cartomancer{desc}Increase chance of Uncommon cards appearing during level up		Néophyte en cartomancie{desc}Augmente les chances de voir apparaître des cartes peu communes lors d'un gain de niveau.	Junger Kartenleger{desc}Erhöhe die Chance, dass ungewöhnliche Karten beim Stufenaufstieg erscheinen.	Cartomancia Básica{desc}Aumenta la probabilidad de que aparezcan cartas poco comunes al subir de nivel.	Cartomante Iniciante{desc}Aumenta a chance de cartas incomuns aparecerem durante a subida de nível	入门卡牌占卜师{desc}提高升级时出现“罕见”卡牌的几率	カード使い初心者{desc}レベルアップ中、カード（アンコモン）が現れる可能性が高くなる	Начинающий игрок{desc}Увеличивает шанс получить необычную карту при повышении уровня.
skill_name_Trader	Trader{desc}10% Chance to upgrade cards when adding them to a Spirit's deck		Évolution{desc}10 % de chances d'améliorer les cartes lorsqu'elles sont ajoutées au deck d'un esprit.	Händler{desc}Chance von 10%, Karten zu verbessern, wenn du sie dem Geisterdeck hinzufügst.	Comercio{desc}10 % de probabilidad de mejorar las cartas al añadirlas al mazo de un espíritu.	Comerciante{desc}10% de chance de melhorar as cartas ao adicioná-las ao baralho de um Espírito	商人{desc}为精灵卡组添加卡牌时，有 10% 的几率使这些卡牌升级	トレーダー{desc}10%の確率で、精霊のデッキに追加されたカードがアップグレードされる	Купец{desc}10% шанс улучшить карты при добавлении их в колоду Духа.
skill_name_IntermediateCartomancer	Intermediate Cartomancer{desc}Increase chance of Rare cards appearing during level up		Élève en cartomancie{desc}Augmente les chances de voir apparaître des cartes rares lors d'un gain de niveau.	Erfahrener Kartenleger{desc}Erhöhe die Chance, dass seltene Karten beim Stufenaufstieg erscheinen.	Cartomancia Intermedia{desc}Aumenta la probabilidad de que aparezcan cartas infrecuentes al subir de nivel.	Cartomante Intermediárie{desc}Aumenta a chance de cartas raras aparecerem durante a subida de nível	中级卡牌占卜师{desc}提高升级时出现“稀有”卡牌的几率	中級カード使い{desc}レベルアップ中、カード（レア）が現れる可能性が高くなる	Искушенный игрок{desc}Увеличивает шанс получить редкую карту при повышении уровня.
skill_name_Transformer	Transformer{desc}20% Chance to upgrade cards when adding them to a Spirit's deck		Transformation{desc}20 % de chances d'améliorer les cartes lorsqu'elles sont ajoutées au deck d'un esprit.	Verwandler{desc}Chance von 20%, Karten zu verbessern, wenn du sie dem Geisterdeck hinzufügst.	Transformación{desc}20 % de probabilidad de mejorar las cartas al añadirlas al mazo de un espíritu.	Transformação{desc}20% de chance de melhorar as cartas ao adicioná-las ao baralho de um Espírito	变革者{desc}为精灵卡组添加卡牌时，有 20% 的几率使这些卡牌升级	トランスフォーマー{desc}20%の確率で、精霊のデッキに追加されたカードがアップグレードされる	Коммерсант{desc}20% шанс улучшить карты при добавлении их в колоду Духа.
skill_name_ExpertCartomancer	Expert Cartomancer{desc}Increase chances of Secret cards appearing during level up		Spécialiste de la cartomancie{desc}Augmente les chances de voir apparaître des cartes secrètes lors d'un gain de niveau.	Ausgezeichneter Kartenleger{desc}Erhöhe die Chance, dass geheime Karten beim Stufenaufstieg erscheinen.	Cartomancia Avanzada{desc}Aumenta la probabilidad de que aparezcan cartas secretas al subir de nivel.	Cartomante Experiente{desc}Aumenta a chance de cartas raras aparecerem durante a subida de nível	卡牌占卜专家{desc}提高升级时出现“神秘”卡牌的几率	ベテランカード使い{desc}レベルアップ中、カード（シークレット）が現れる可能性が高くなる	Опытный игрок{desc}Увеличивает шансы получить секретную карту при повышении уровня.
skill_name_Transmogrifier	Transmogrifier{desc}30% Chance to upgrade cards when adding them to a Spirit's deck		Métamorphose{desc}30 % de chances d'améliorer les cartes lorsqu'elles sont ajoutées au deck d'un esprit.	Transmogrifizierer{desc}Chance von 30%, Karten zu verbessern, wenn du sie dem Geisterdeck hinzufügst.	Metamorfosis{desc}30 % de probabilidad de mejorar las cartas al añadirlas al mazo de un espíritu.	Transmogrificação{desc}30% de chance de melhorar as cartas ao adicioná-las ao baralho de um Espírito	彻底变革者{desc}为精灵卡组添加卡牌时，有 30% 的几率使这些卡牌升级	トランスモグリフィア{desc}30%の確率で、精霊のデッキに追加されたカードがアップグレードされる	Магнат{desc}30% шанс улучшить карты при добавлении их в колоду Духа.
									
skill_name_CloseCall	Close Call{desc}5% chance incoming attacks do 0 damage		Dérobade{desc}5 % de chances que les attaques subies n'infligent pas de dégâts.	Knappe Kiste{desc}Chance von 5%, dass Angriffe gegen dich 0 Schaden verursachen.	Milagro{desc}5 % de probabilidad de que los ataques inflijan 0 puntos de daño.	Por um Triz{desc}5% de chance de ataques recebidos causarem 0 de dano	侥幸逃脱{desc}有 5% 的几率免受下一次攻击的伤害	危機一髪{desc}5%の確率で、受ける攻撃のダメージが0になる	Удачное уклонение{desc}5% шанс, что атака врага не нанесет урона.
skill_name_PeacefulPresence	Peaceful Presence{desc}50% more likely to succeed when fleeing from combat		Présence pacifique{desc}75 % de chances de réussir à fuir lors d'un combat.	Friedliche Präsenz{desc}Die Flucht aus dem Kampf hat 50% wahrscheinlicher Erfolg.	Presencia Apacible{desc}50 % más de probabilidad de huir de un combate.	Presença Pacífica{desc}50% a mais de chance de sucesso ao fugir do combate	和平代表{desc}逃离战斗的成功率增加 50 %	平和主義者{desc}バトルから逃げる際の成功率が50%上がる	Мирное присутствие{desc}На 50% выше шанс успешно сбежать из боя.
skill_name_OneStepAhead	One Step Ahead{desc}Draw an additional card at the start of combat		Longueur d'avance{desc}Permet de piocher une carte supplémentaire au début d'un combat.	Ein Schritt voraus{desc}Ziehe eine zusätzliche Karte zu Beginn des Kampfs.	Ventaja{desc}Al inicio del combate, roba una carta adicional.	Um Passo à Frente{desc}Compre uma carta adicional no início do combate	先发制人{desc}在战斗开始时，多抽一张卡牌	一枚上手{desc}バトル開始時、追加でカードを1枚引く	На шаг впереди{desc}Получайте дополнительную карта в начале боя.
skill_name_CriticalHits	Critical Hits{desc}5% chance your Spirit's attacks deal double damage		Coups critiques{desc}5 % de chances que les attaques de ton esprit infligent deux fois plus de dégâts.	Kritische Treffer{desc}Chance von 5%, dass die Angriffe deines Geists doppelten Schaden verursachen.	Golpes Críticos{desc}5 % de probabilidad de que los ataques de tu espíritu inflijan el doble de daño.	Acertos Críticos{desc}5% de chance de os ataques do seu Espírito causarem o dobro de dano	暴击{desc}精灵的攻击有 5% 的几率造成双倍伤害	クリティカルヒット{desc}5%の確率で、自分の精霊が与える攻撃のダメージが2倍になる	Критические удары{desc}5% шанс, что атака вашего Духа нанесет двойной урон.
skill_name_FleetFoot	Fleet Foot{desc}100% likely to succeed when fleeing from battle		Vivacité{desc}100 % de chances de réussir à fuir lors d'un combat.	Schnell zu Fuß{desc}Die Flucht aus dem Kampf klappt zu 100%.	A Toda Mecha{desc}Tienes un 100 % de probabilidad de huir de un combate.	Pés Velozes{desc}100% de probabilidade de sucesso ao fugir da batalha	逃跑大师{desc}逃离战斗的成功率增加 100 %	俊足{desc}バトルから100%逃げられる	Легкая поступь{desc}100% шанс успешно сбежать из боя.
skill_name_EnergyBoost	Energy Boost{desc}Start combat with 1 extra Energy		Énergie à revendre{desc}Tu commences le combat avec 1 point d'énergie supplémentaire.	Energieschub{desc}Starte den Kampf mit 1 Energie zusätzlich.	Chute de Energía{desc}Comienzas el combate con 1 punto de energía adicional.	Reforço de Energia{desc}Comece o combate com 1 de Energia extra	能源大亨{desc}开始战斗时，能源+1	エネルギーブースト{desc}バトル開始時、エネルギーが1追加される	Прилив энергии{desc}Получайте +1 к энергии в начале боя.
									
skill_name_WeakLink	Weak Link{desc}Dungeon Bosses start combat with 2 less Armor		Maillon faible{desc}Les boss de donjon commencent le combat avec 2 points d'armure en moins.	Schwache Verbindung{desc}Verliesbosse starten den Kampf mit 2 Rüstung weniger.	Punto Débil{desc}Los jefes de las mazmorras comienzan el combate con 2 puntos menos de Armadura.	Elo Fraco{desc}Chefes de Masmorras começam o combate com 2 a menos de Armadura	暴露弱点{desc}开始战斗时，地下城首领的防御-2	弱いつながり{desc}戦闘開始時、ダンジョンボスのアーマーが2少なくなる	Слабое звено{desc}Боссы подземелий получают -2 к броне в начале боя.
skill_name_DungeonDasher	Dungeon Dasher{desc}Move faster in dungeons		À toute vitesse{desc}Tu te déplaces plus rapidement dans les donjons.	Verliessprinter{desc}Bewege dich schnell in Verliesen.	Velocista de Mazmorra{desc}Te mueves más rápido en las mazmorras.	Corredore de Masmorras{desc}Mova-se mais rápido nas masmorras	地下城飞毛腿{desc}在地下城内移动速度加快	ダンジョンダッシャー{desc}ダンジョンでの移動が速くなる	Ретивый исследователь{desc}Вы быстрее передвигаетесь в подземельях.
skill_name_PowerfulPresence	Powerful Presence{desc}Dungeon Bosses start combat with 20% less health		Domination{desc}Les boss de donjon commencent le combat avec 20 % de PV en moins.	Mächtige Präsenz{desc}Verliesbosse starten den Kampf mit 20% LP weniger.	Presencia Poderosa{desc}Los jefes de las mazmorras comienzan el combate con un 20 % menos de salud.	Presença Intimidadora{desc}Chefes de masmorra começam o combate com 20% a menos de Vida	强势开场{desc}开始战斗时，地下城首领的生命值减少 20%	強力な存在感{desc}戦闘開始時、ダンジョンボスのHPが20%少なくなる	Доминирование{desc}Боссы подземелий получают -20% к здоровью в начале боя.
skill_name_AndoAcolyte	Ando Acolyte{desc}Activating Ando Trees grants more Stamina		Acolyte de l'Ando{desc}L'activation des arbres Ando octroie plus d'endurance.	Andoakolyth{desc}Das Aktivieren von Andobäumen gewährt mehr Ausdauer.	Fiel al Árbol Ando{desc}Al activar un árbol Ando, ganas más resistencia.	Força Ancestral{desc}Ativar Árvores Anciãs concede mais Resistência	安藤侍僧{desc}激活安藤树可得到更多耐力加成	アンドの侍者{desc}アンドの木を起動すると得るスタミナが増える	Андо послушник{desc}Дерево Андо дает больше выносливости.
skill_name_DungeonMaster	Dungeon Master{desc}Spirits gain 10% more XP in Dungeons		Donjons d'abondance{desc}Les esprits gagnent 10 % d'EXP en plus dans les donjons.	Verliesmeister{desc}Geister erhalten in Verliesen 10% mehr EP.	As de la Mazmorra{desc}Los espíritus ganan un 10 % más de EXP en las mazmorras.	Mestre das Masmorras{desc}Espíritos recebem 10% a mais de EXP em masmorras	地下宗师{desc}精灵在地下城得到的经验值提高 10%	ダンジョンマスター{desc}精霊がダンジョンで得るXPが10%増える	Повелитель подземелий{desc}Духи получают +10% очков опыта в подземельях.
skill_name_ArtfulArcheologist	Artful Archeologist{desc}In dungeons, start combat with 1 extra Energy		Archéologue infatigable{desc}Dans les donjons, tu commences le combat avec 1 point d'énergie supplémentaire.	Listiger Archäologe{desc}In Verliesen startest du den Kampf mit 1 Energie zusätzlich.	Arqueología Astuta{desc}En las mazmorras, comienzas el combate con 1 punto de energía adicional.	Habilidade em Arqueologia{desc}Nas masmorras, comece o combate com 1 de Energia extra	机智考古家{desc}在地下城开始战斗时，能源+1	巧みな考古学者{desc}ダンジョン内でのバトル開始時、エネルギーが1追加される	Искусный археолог{desc}Получайте +1 к энергии в начале боя в подземельях.
									
skill_name_ExtraShiny	Extra Shiny{desc}Ore sells for 10% more		Tout ce qui brille{desc}Le minerai se vend 10 % plus cher.	Glitzerpracht{desc}Erz verkauft sich für 10% mehr.	Brillo Adicional{desc}Ganas un 10 % más al vender minerales.	Brilhante{desc}Minérios são vendidos por 10% a mais	加倍闪耀{desc}矿石售价提高 10%	もっとキラキラ{desc}鉱石の売却価格が10%増える	Блестящая руда{desc}Руда продается на 10% дороже.
skill_name_OreGalore	Ore Galore{desc}Rocks drop 10% more ore in mines		Bon filon{desc}Les rochers donnent 10 % de minerai en plus dans les mines.	Erz im Überfluss{desc}Felsen hinterlassen 10% mehr Erz in Minen.	Minerales a Montones{desc}Las rocas otorgan un 10 % más de minerales en las minas.	Abundância{desc}Rochas deixam cair 10% a mais de minérios nas minas	矿石丰产{desc}矿洞中的岩石掉落的矿石数量增加 10%	豊富な鉱石{desc}鉱山で岩が落とす鉱石が10%増える	Рудное изобилие{desc}В шахтах камни дают на 10% больше руды.
skill_name_RockSmack	Rock Smack{desc}10% chance to destroy adjacent rocks in mines		Ricochet{desc}10 % de chances de détruire les rochers adjacents dans les mines.	Felsenbrecher{desc}Chance von 10%, angrenzende Felsen in Minen zu zerstören.	Aplastarrocas{desc}10 % de probabilidad de destruir las rocas contiguas en las minas.	Esmagamento{desc}10% de chance de destruir rochas adjacentes nas minas	狂暴岩石{desc}有 10% 的几率破坏矿洞中邻近的岩石	ロックスマック{desc}鉱山で岩をこわしたとき、10%の確率で隣の岩もこわれる	Цепная реакция{desc}10% шанс разбить соседние камни в шахтах.
skill_name_IdealIngots	Ideal Ingots{desc}Ingots sell for 10% more		Chers lingots{desc}Les lingots se vendent 10 % plus cher.	Ideale Barren{desc}Barren verkaufen sich für 10% mehr.	Lingotes Primorosos{desc}Ganas un 10 % más al vender lingotes.	Barras Ideais{desc}Barras são vendidas por 10% a mais	金锭愿景{desc}矿锭的售价提高 10%	理想のインゴット{desc}インゴットの売却価格が10%増える	Идеальные слитки{desc}Слитки продаются на 10% дороже.
skill_name_RockSmash	Rock Smash{desc}15% chance to destroy adjacent rocks in mines		Réaction en chaîne{desc}15 % de chances de détruire les rochers adjacents dans les mines.	Felsensprenger{desc}Chance von 15%, angrenzende Felsen in Minen zu zerstören.	Machacarrocas{desc}15 % de probabilidad de destruir las rocas contiguas en las minas.	Trituração{desc}15% de chance de destruir rochas adjacentes nas minas	狂躁岩石{desc}有 15% 的几率破坏矿洞中邻近的岩石	ロックスマッシュ{desc}鉱山で岩をこわしたとき、15%の確率で隣の岩もこわれる	Камнедробилка{desc}15% шанс уничтожить соседние камни в шахтах.
skill_name_TreasureTrove	Treasure Trove{desc}Additional treasure chests appear in mines		Mine de trésors{desc}Des coffres au trésor supplémentaires apparaissent dans les mines.	Schatzhort{desc}In Minen erscheinen zusätzliche Schatztruhen.	Colección de Tesoros{desc}Aparecen más cofres del tesoro en las minas.	Caça ao Tesouro{desc}Baús de tesouro adicionais aparecem nas minas	藏宝地{desc}矿洞中出现更多藏宝箱	宝の山{desc}鉱山で追加の宝箱が現れる	Сокровищница{desc}В шахтах появляется дополнительные сундуки с сокровищами.
									
skill_name_HeartyHerbologist	Hearty Herbologist{desc}Unlock Stamina Fertilizer crafting recipe		Herboriste infatigable{desc}Débloque le plan « Engrais d'endurance ».	Herzlicher Kräuterologe{desc}Schalte das Herstellungsrezept für Ausdauerdünger frei.	Herbología Tenaz{desc}Desbloquea el diseño de fabricación para el fertilizante resistente.	Herbologista Diligente{desc}Desbloqueia a receita de criação de Fertilizante de Resistência	热心草药学者{desc}解锁耐力肥料制作配方	達者なハーブ研究者{desc}「スタミナの肥料」のクラフトレシピがアンロックされる	Неутомимый огородник{desc}Открывает рецепт Удобрения Выносливости
skill_name_HealthyHerbologist	Healthy Herbologist{desc}Unlock Healing Fertilizer crafting recipe		Herboriste robuste{desc}Débloque le plan « Engrais de vie ».	Gesunder Kräuterologe{desc}Schalte das Herstellungsrezept für Heildünger frei.	Herbología Medicinal{desc}Desbloquea el diseño de fabricación para el fertilizante curativo.	Herbologista Saudável{desc}Desbloqueia a receita de criação de Fertilizante de Cura	健康草药学者{desc}解锁治疗肥料制作配方	堅実なハーブ研究者{desc}「癒やしの肥料」のクラフトレシピがアンロックされる	Здоровый огородник{desc}Открывает рецепт Удобрения Здоровья
skill_name_HospitableHerbologist	Hospitable Herbologist{desc}Unlock Tame Fertilizer crafting recipe		Herboriste sympathique{desc}Débloque le plan « Engrais d'apprivoisement ».	Gastfreundlicher Kräuterologe{desc}Schalte das Herstellungsrezept für Zähmdünger frei.	Herbología Dócil{desc}Desbloquea el diseño de fabricación para el fertilizante domador.	Herbologista Gentil{desc}Desbloqueia a receita de criação de Fertilizante de Doma	好客草药学者{desc}解锁驯服肥料制作配方	手厚いハーブ研究者{desc}「手なづけの肥料」のクラフトレシピがアンロックされる	Приветливый огородник{desc}Открывает рецепт Удобрения Приручения
skill_name_HeftyHerbologist	Hefty Herbologist{desc}Unlock Power Fertilizer crafting recipe		Herboriste redoutable{desc}Débloque le plan « Engrais de puissance ».	Gewaltiger Kräuterologe{desc}Schalte das Herstellungsrezept für Kraftdünger frei.	Herbología Potente{desc}Desbloquea el diseño de fabricación para el fertilizante vigoroso.	Herbologista Forte{desc}Desbloqueia a receita de criação de Fertilizante de Poder	健壮草药学者{desc}解锁能量肥料制作配方	強烈なハーブ研究者{desc}「パワーの肥料」のクラフトレシピがアンロックされる	Могучий огородник{desc}Открывает рецепт Удобрения Силы
skill_name_HurriedHerbologist	Hurried Herbologist{desc}Unlock Speed Fertilizer Crafting recipe		Herboriste véloce{desc}Débloque le plan « Engrais de vitesse ».	Hastiger Kräuterologe{desc}Schalte das Herstellungsrezept für Tempodünger frei.	Herbología Rauda{desc}Desbloquea el diseño de fabricación para el fertilizante veloz.	Herbologista Célere{desc}Desbloqueia a receita de criação de Fertilizante de Velocidade	迅捷草药学者{desc}解锁速度肥料制作配方	忙しないハーブ研究者{desc}「スピードの肥料」のクラフトレシピがアンロックされる	Торопливый огородник{desc}Открывает рецепт Удобрения Скорости
skill_name_HistoricHerbologist	Historic Herbologist{desc}Unlock Experience Fertilizer Crafting recipe		Herboriste émérite{desc}Débloque le plan « Engrais d'expérience ».	Historischer Kräuterologe{desc}Schalte das Herstellungsrezept für Erfahrungsdünger frei.	Herbología Avezada{desc}Desbloquea el diseño de fabricación para el fertilizante experto.	Herbologista Ilustre{desc}Desbloqueia a receita de criação de Fertilizante de Experiência	博学草药学者{desc}解锁经验肥料制作配方	歴史的なハーブ研究者{desc}「経験の肥料」のクラフトレシピがアンロックされる	Мудрый огородник{desc}Открывает рецепт Удобрения Опыта
									
skill_name_Propogator	Propogator{desc}Crops have 25% chance to drop 3 seeds when cut down with scythe		Propagation{desc}Les cultures ont 25 % de chances de donner 3 graines lorsqu'elles sont coupées à l'aide de la faux.	Propogator{desc}Pflanzen hinterlassen zu 25% 3 Samen, wenn sie mit der Sense abgeschnitten werden.	Propagación{desc}25 % más de probabilidad de que los cultivos suelten 3 semillas al segarlos.	Propagadore{desc}Colheitas têm 25% de chance de deixar cair 3 sementes quando cortadas com foice	播种家{desc}用镰刀收割时，作物有 25% 的几率掉落 3 颗种子	繁殖者{desc}作物をカマで刈る際、25%の確率で種を3つ落とす	Селекционер{desc}Растения имеют 25% шанс выронить больше семян при срезании их косой
skill_name_FineProduce	Fine Produce{desc}Crops sell for 10% more		Produit de qualité{desc}Les cultures se vendent 10 % plus cher.	Gute Ernte{desc}Pflanzen verkaufen sich für 10% mehr.	Buen Producto{desc}Ganas un 10 % más al vender cultivos.	Produção Nobre{desc}Colheitas são vendidas por 10% a mais	良好收成{desc}作物的售价提高 10%	良質な農作物{desc}作物の売却価格が10%増える	Хороший урожай{desc}Растения продаются на 10% дороже
skill_name_GreenThumb	Green Thumb{desc}Crops grow 1 day faster		Main verte{desc}Les cultures poussent 1 jour plus vite.	Grüner Daumen{desc}Pflanzen wachsen 1 Tag schneller.	Dotes de Agricultura{desc}Los cultivos crecen 1 día antes.	Dedo Verde{desc}Colheitas crescem 1 dia mais rápido	绿手指{desc}作物生长速度加快 1 天	園芸上手{desc}作物の生長が1日早くなる	Зеленая жилка{desc}Урожай поспевает на 1 день быстрее
skill_name_QualityProduce	Quality Produce{desc}Crops sell for 20% more		Produit raffiné{desc}Les cultures se vendent 20 % plus cher.	Hochwertige Ernte{desc}Pflanzen verkaufen sich für 20% mehr.	Producto de Calidad{desc}Ganas un 20 % más al vender cultivos.	Produção de Qualidade{desc}Colheitas são vendidas por 20% a mais	品质收成{desc}作物的售价提高 20%	高品質な農作物{desc}作物の売却価格が20%増える	Отличный урожай{desc}Растения продается на 20% дороже
skill_name_LuckyLandscaper	Lucky Landscaper{desc}Crops have 50% chance to drop seeds when harvested		Coup de chance{desc}Les cultures ont 50 % de chances de donner des graines lorsqu'elles sont récoltées.	Glücklicher Landschaftsgärtner{desc}Pflanzen hinterlassen zu 50% Samen, wenn sie geerntet werden.	Paisajismo Portentoso{desc}50 % más de probabilidad de que los cultivos suelten semillas al cosecharlos.	Jardineire de Sorte{desc}Colheitas têm 50% de chance de deixar cair sementes quando colhidas	幸运园艺家{desc}收割时，作物有 50% 的几率掉落种子	幸運な庭師{desc}作物収穫時、50%の確率で種を落とす	Удачливый фермер{desc}Растения имеют 50% шанс выронить семена при сборе урожая
skill_name_BestProduce	Best Produce{desc}Crops sell for 30% more		Produit exquis{desc}Les cultures se vendent 30 % plus cher.	Beste Ernte{desc}Pflanzen verkaufen sich für 30% mehr.	Producto Inmejorable{desc}Ganas un 30 % más al vender cultivos.	Produção de Ponta{desc}Colheitas são vendidas por 30% a mais	最佳收成{desc}作物的售价提高 30%	最高の農作物{desc}作物の売却価格が30%増える	Превосходный урожай{desc}Растения продается на 30% дороже
									
skill_name_BeginnerAngler	Beginner Angler{desc}More likely to catch Silver quality fish		Néophyte de la pêche{desc}Augmente les chances de pêcher des poissons de qualité Argent.	Junger Angler{desc}Du fängst wahrscheinlicher Fische der Silberqualität.	Pesca Básica{desc}Mayor probabilidad de pescar peces de calidad plata.	Pescadore Iniciante{desc}Maior probabilidade de pescar peixes de qualidade Prata	入门垂钓者{desc}有更高几率钓到白银品质的鱼	釣り人初心者{desc}サカナ（シルバー）を釣り上げる可能性が高くなる	Начинающий рыбак{desc}Больше шансов поймать рыбу Серебряного качества
skill_name_Scallywag	Scallywag{desc}5% chance to catch a treasure chest		Subtilisation{desc}5 % de chances de pêcher un coffre au trésor.	Tunichtgut{desc}Chance von 5%, eine Schatztruhe zu fangen.	Sabandija{desc}5 % de probabilidad de pescar un cofre del tesoro.	Patife{desc}5% de chance de pegar um baú de tesouro	调皮鬼{desc}有 5% 的几率抓到一个藏宝箱	ならず者{desc}5%の確率で、宝箱を釣り上げる	Ловкач{desc}5% шанс поймать сундук с сокровищами
skill_name_IntermediateAngler	Intermediate Angler{desc}More likely to catch Gold quality fish		Spécialiste de la pêche{desc}Augmente les chances de pêcher des poissons de qualité Or.	Erfahrener Angler{desc}Du fängst wahrscheinlicher Fische der Goldqualität.	Pesca Intermedia{desc}Mayor probabilidad de pescar peces de calidad oro.	Pescadore Intermediárie{desc}Maior probabilidade de pescar peixes de qualidade Ouro	中级垂钓者{desc}有更高几率钓到黄金品质的鱼	中級釣り人{desc}サカナ（ゴールド）を釣り上げる可能性が高くなる	Опытный рыбак{desc}Больше шансов поймать рыбу Золотого качества
skill_name_Plunderer	Plunderer{desc}10% chance to catch a treasure chest		Pillage{desc}10 % de chances de pêcher un coffre au trésor.	Plünderer{desc}Chance von 10%, eine Schatztruhe zu fangen.	Mangante{desc}10 % de probabilidad de pescar un cofre del tesoro.	Saqueadore{desc}10% de chance de pegar um baú de tesouro	掠夺者{desc}有 10% 的几率抓到一个藏宝箱	略奪者{desc}10%の確率で、宝箱を釣り上げる	Плут{desc}10% шанс поймать сундук с сокровищами
skill_name_ExpertAngler	Expert Angler{desc}More likely to catch Moonstone quality fish		As de la pêche{desc}Augmente les chances de pêcher des poissons de qualité Pierre de lune.	Ausgezeichneter Angler{desc}Du fängst wahrscheinlicher Fische der Mondsteinqualität	Pesca Avanzada{desc}Mayor probabilidad de pescar peces de calidad piedra lunar.	Pescadore Experiente{desc}Maior probabilidade de pescar peixes de qualidade Selenita	垂钓专家{desc}有更高几率钓到月石品质的鱼	ベテラン釣り人{desc}サカナ（ムーンストーン）を釣り上げる可能性が高くなる	Профессиональный рыбак{desc}Больше шансов поймать рыбу Лунного качества
skill_name_Pirate	Pirate{desc}15% chance to catch a treasure chest		Piraterie{desc}15 % de chances de pêcher un coffre au trésor.	Pirat{desc}Chance von 15%, eine Schatztruhe zu fangen.	Pirata{desc}15 % de probabilidad de pescar un cofre del tesoro.	Pirata{desc}15% de chance de pegar um baú de tesouro	大盗{desc}有 15% 的几率抓到一个藏宝箱	海賊{desc}15%の確率で、宝箱を釣り上げる	Пират{desc}15% шанс поймать сундук с сокровищами
									
skill_name_IntimidatingPresence	Intimidating Presence{desc}Spirits that are lower than your average Spirit level run away from you		Présence intimidante{desc}Les esprits dont le niveau est inférieur au niveau moyen des tiens ne s'approchent pas de toi.	Einschüchternde Präsenz{desc}Geister, die unter deiner durchschnittlichen Geisterstufe liegen, laufen vor dir davon.	Presencia Intimidante{desc}Los espíritus con un nivel inferior a la media del nivel de los tuyos huyen de ti.	Presença Intimidadora{desc}Espíritos de nível inferior ao nível médio dos seus Espíritos fogem de você	拔腿就跑{desc}比你的精灵的平均等级更低级别的精灵，见到你会逃走	脅威的な存在{desc}自分の精霊の平均よりレベルの低い精霊が逃げ出す	Устрашающее присутствие{desc}Дикие Духи будут убегать от вас, если их уровень ниже среднего уровня ваших Духов.
skill_name_LinkToTheGrass	Link to the Grass{desc}50% chance that crops drop coins when cut down		Fermage{desc}50 % de chances que les cultures donnent des pièces lorsqu'elles sont coupées.	Verbindung zum Gras{desc}Chance von 50%, dass Pflanzen Münzen hinterlassen, wenn sie abgeschnitten werden.	Vínculo Terrenal{desc}50 % de probabilidad de que los cultivos suelten monedas al segarlos.	Ligação com as Plantas{desc}50% de chance de as colheitas deixarem cair moedas quando cortadas	草地生金{desc}收割时，作物有 50% 的几率掉落钱币	草とのつながり{desc}作物を刈った際、50%の確率でコインを落とす	Единение с травой{desc}50% шанс, что растения выронят монеты при сборе урожая
skill_name_WoodThumb	Wood Thumb{desc}Trees drop 20% more wood		Bûcheronnage{desc}Les arbres donnent 20 % de bois en plus.	Holzdaumen{desc}Bäume hinterlassen 20% mehr Holz.	Dotes de Tala{desc}Los árboles otorgan un 20 % más de leña.	Marcenaria{desc}Árvores deixam cair 20% a mais de madeira	木手指{desc}树木掉落木头的数量增加 20%	伐採上手{desc}木の落とす木材が20%増える	Деревянная жилка{desc}Деревья дают на 20% больше древесины
skill_name_MoonstoneMinded	Moonstone-minded{desc}Chests have +5% chance of dropping Moonstone		Sélénophilie{desc}Les coffres ont 5 % de chances en plus de contenir une pierre de lune.	Auf Mondstein gepolt{desc}Truhen haben eine Chance von +5%, Mondstein zu hinterlassen.	Lunapetremante{desc}5 % más de probabilidad de encontrar piedras lunares en los cofres.	Caça às Selenitas{desc}+5% de chance de receber Selenitas em baús	月石思维{desc}从箱子得到月石的几率增加 5%	ムーンストーン志向{desc}宝箱がムーンストーンを落とす確率が5%増える	Искатель Лунного Камня{desc}Сундуки имеют +5% шанс дать Лунный Камень
skill_name_StoneThumb	Stone Thumb{desc}Rocks drop 20% more stone		Pétropulence{desc}Les rochers donnent 20 % de minerai en plus dans les mines.	Steindaumen{desc}Felsen hinterlassen 20% mehr Stein.	Dotes de Geología{desc}Las rocas otorgan un 20 % más de piedra.	Dedo Cinza{desc}Rochas deixam cair 20% mais pedras	石手指{desc}岩石掉落石头的数量增加 20%	採石上手{desc}岩の落とす石が20%増える	Каменная жилка{desc}Камни дают на 20% больше щебня
skill_name_Moonstonemancer	Moonstonemancer{desc}Chests have +10% chance of dropping Moonstone		Sélénomancie{desc}Les coffres ont 10 % de chances en plus de contenir une pierre de lune.	Mondsteinjäger{desc}Truhen haben eine Chance von +10%, Mondstein zu hinterlassen.	Lunapetremancia{desc}10 % más de probabilidad de encontrar piedras lunares en los cofres.	Selenitomante{desc}+10% de chance de receber Selenitas em baús	月石巫师{desc}从箱子得到月石的几率增加 10%	ムーンストーン使い{desc}宝箱がムーンストーンを落とす確率が10%増える	Мастер Лунного Камня{desc}Сундуки имеют +10% шанс дать Лунный Камень
skill_name_Luminous	Luminous{desc}Increase light radius by 50%		Luminosité{desc}Augmente de 50 % la taille du rayon de lumière.
	Brillant{desc}Erhöht den Lichtradius um 50%	Luminosidad{desc}Aumenta un 50 % el radio de la luz.
	Luz Viva{desc}Aumenta o raio de luz em 50%
	光芒万丈{desc}光照半径增加 50%
	発光{desc}光の範囲が50%増える	Лучистый{desc}Увеличивает радиус освещения на 50%
									
skill_name_RiseAndShine	Rise and Shine{desc}10% chance to wake up with extra Stamina		Du bon pied{desc}10 % de chances de se réveiller avec un surplus d'endurance.	Morgenstund{desc}Chance von 10%, mit zusätzlicher Ausdauer aufzuwachen.	¡Buenos Días!{desc}10 % de probabilidad de despertarte con más resistencia.	Bom Dia!{desc}10% de chance de acordar com Resistência extra	懒虫起床{desc}醒来时有 10% 的几率获得额外耐力	起床{desc}10%の確率で、目覚めたときにスタミナが追加される	Доброе утро{desc}10% шанс проснуться с дополнительной выносливостью
skill_name_MorningPerson	Morning Person{desc}10% chance of waking up one hour early		Lève-tôt{desc}10 % de chances de se réveiller une heure plus tôt.	Morgenmensch{desc}Chance von 10%, eine Stunde früher aufzuwachen.	Alondra{desc}10 % de probabilidad de despertarte una hora antes.	Matinal{desc}10% de chance de acordar uma hora mais cedo	早起鸟儿{desc}有 10% 的几率提前一小时醒来	朝型{desc}10%の確率で1時間早く目が覚める	Выспавшийся{desc}10% шанс проснуться на час раньше
skill_name_GoodNightsSleep	Good Night's Sleep{desc}20% chance to wake up with extra Stamina		Sommeil réparateur{desc}20 % de chances de se réveiller avec un surplus d'endurance.	Guter Schlaf{desc}Chance von 20%, mit zusätzlicher Ausdauer aufzuwachen.	Sueño Reparador{desc}20 % de probabilidad de despertarte con más resistencia.	Bom Descanso{desc}20% de chance de acordar com Resistência extra	整晚安睡{desc}醒来时有 20% 的几率获得额外耐力	熟睡{desc}20%の確率で、目覚めたときにスタミナが追加される	С той ноги{desc}20% шанс проснуться с дополнительной выносливостью
skill_name_BrightAndEarly	Bright and Early{desc}20% chance of waking up one hour early		Aux aurores{desc}20 % de chances de se réveiller une heure plus tôt.	In aller Frühe{desc}Chance von 20%, eine Stunde früher aufzuwachen.	Alondra Tempranera{desc}20 % de probabilidad de despertarte una hora antes.	Boa Disposição{desc}20% de chance de acordar uma hora mais cedo	晨间活力{desc}有 20% 的几率提前一小时醒来	早朝{desc}20%の確率で1時間早く目が覚める	С восходом солнца{desc}20% шанс проснуться на час раньше
skill_name_SmellTheCoffee	Smell the Coffee{desc}30% chance to wake up with extra Stamina		Dose de caféine{desc}30 % de chances de se réveiller avec un surplus d'endurance.	Kaffeegeruch{desc}Chance von 30%, mit zusätzlicher Ausdauer aufzuwachen.	Aroma de Café{desc}30 % de probabilidad de despertarte con más resistencia.	Cafezinho{desc}30% de chance de acordar com Resistência extra	咖啡扑鼻{desc}醒来时有 30% 的几率获得额外耐力	コーヒーの香り{desc}30%の確率で、目覚めたときにスタミナが追加される	Кофейный аромат{desc}30% шанс проснуться с дополнительной выносливостью
skill_name_EarlyRiser	Early Riser{desc}30% chance of waking up one hour early		Dès potron-minet{desc}30 % de chances de se réveiller une heure plus tôt.	Frühaufsteher{desc}Chance von 30%, eine Stunde früher aufzuwachen.	Alondra Madrugadora{desc}30 % de probabilidad de despertarte una hora antes.	Madrugadore{desc}30% de chance de acordar uma hora mais cedo	早起大王{desc}有 30% 的几率提前一小时醒来	早起き{desc}30%の確率で1時間早く目が覚める	Ранняя пташка{desc}30% шанс проснуться на час раньше
									
skill_name_GreatListener	Great Listener{desc}Gain relationship points 5% faster		À l'écoute{desc}Gagne des points de relation 5 % plus vite.	Guter Zuhörer{desc}Erhalte Beziehungspunkte 5% schneller.	Escucha Activa{desc}Ganas puntos de relación un 5 % más rápido.	Ouvinte Atenciose{desc}Recebe pontos de relacionamento 5% mais rápido	聆听者{desc}提升关系点数的速度加快 5%	聞き上手{desc}獲得する好感度が5%増える	Внимательный слушатель{desc}Накапливаете очки отношений на 5% быстрее
skill_name_Generous	Generous{desc}Can give 1 additional gift per week		Générosité{desc}Permet d'offrir 1 cadeau supplémentaire par semaine.	Großzügig{desc}Kann 1 zusätzliches Geschenk pro Woche schenken.	Generosidad{desc}Puedes dar un regalo adicional por semana.	Generosidade{desc}Pode dar 1 presente adicional por semana	慷慨者{desc}每周可以多送出一份礼物	太っ腹{desc}毎週プレゼントできる回数が1回増える	Щедрая душа{desc}Можете дарить 1 дополнительный подарок в неделю
skill_name_CaringPerson	Caring Person{desc}Gain relationship points 10% faster		Personne attentionnée{desc}Gagne des points de relation 10 % plus vite.	Fürsorglicher Mensch{desc}Erhalte Beziehungspunkte 10% schneller.	Empatía{desc}Ganas puntos de relación un 10 % más rápido.	Agradável{desc}Recebe pontos de relacionamento 10% mais rápido	善解人意{desc}提升关系点数的速度加快 10%	世話好き{desc}獲得する好感度が10%増える	Заботливый{desc}Накапливаете очки отношений на 10% быстрее
skill_name_FastTalker	Fast Talker{desc}Can talk to villagers one extra time per day		Moulin à paroles{desc}Permet de parler aux villageois une fois de plus par jour.	Schneller Redner{desc}Du kannst mit Dorfbewohnern ein zusätzliches Mal am Tag reden.	Cotorra{desc}Puedes tener una conversación adicional con la gente del pueblo por día.	Tagarela{desc}Permite falar com os habitantes da ilha uma vez a mais por dia	快嘴{desc}每天多 1 次与村民们交谈的机会	早口{desc}毎日、村人と話せる回数が1回増える	Интересный собеседник{desc}Можете общаться на один раз больше каждый день
skill_name_NicePerson	Nice Person{desc}Gain relationship points 15% faster		Amabilité{desc}Gagne des points de relation 15 % plus vite.	Netter Mensch{desc}Erhalte Beziehungspunkte 15% schneller.	Bondad{desc}Ganas puntos de relación un 15 % más rápido.	Amável{desc}Recebe pontos de relacionamento 15% mais rápido	好相处{desc}提升关系点数的速度加快 15%	善人{desc}獲得する好感度が15%増える	Приятный человек{desc}Накапливаете очки отношений на 15% быстрее
skill_name_Forgivable	Forgivable{desc}Missing dates doesn't reduce Friendship		Pardonnable{desc}Les rendez-vous manqués ne réduisent pas l'amitié.	Nicht nachtragend{desc}Verpasste Dates verschlechtern nicht die Freundschaft.	Disculpable{desc}La amistad no se reduce aunque olvides una cita.	Perdoável{desc}Faltar a encontros não diminui a amizade	心胸宽广{desc}错过约会不会损害友谊	赦免{desc}デートをドタキャンしても好感度が減らない	Забытая обида{desc}Пропущенное свидание больше не снижает уровень дружбы
skill_name_MoreThanACrush	More than a Crush{desc}Unlock Moonstone Bracelet crafting recipe		Une histoire qui compte{desc}Débloque le plan « Bracelet en pierre de lune ».	Da ist mehr{desc}Schalte das Herstellungsrezept für das Mondsteinarmband frei.	Más que un Flechazo{desc}Desbloquea el diseño de fabricación para la pulsera de piedra lunar.	Mais que uma Paquera{desc}Desbloqueia a receita de criação para o bracelete de Selenita	神魂颠倒{desc}解锁月石手镯制作配方	本気の恋{desc}「ムーンストーンのブレスレット」のクラフトレシピがアンロックされる	Больше, чем друг{desc}Открывает схему изготовления Лунного Браслета
skill_name_Chatty	Chatty{desc}Increase chances of successfully chatting by 10%		Pipelette{desc}Augmente de 10 % les chances de réussite lorsque tu bavardes avec une personne.	Redselig{desc}Erhöht die Chance auf eine erfolgreiche Unterhaltung um 10%.	Locuaz{desc}Aumenta un 10 % la probabilidad de tener una buena conversación.	Bom Papo{desc}Aumenta as chances de sucesso ao papear em 10%	爽朗健谈{desc}交谈的成功几率提升 10%	おしゃべり好き{desc}会話の成功率が10%上がる	Разговорчивый{desc}Увеличивает шанс успешного разговора на 10%
skill_name_Funny	Funny{desc}Increase chances of successfully joking by 10%		Boute-en-train{desc}Augmente de 10 % les chances de réussite lorsque tu plaisantes avec une personne.	Lustig{desc}Erhöht die Chance auf erfolgreiches Scherzen um 10%.	Ocurrente{desc}Aumenta un 10 % la probabilidad de hacer un chiste gracioso.	Bom Humor{desc}Aumenta as chances de sucesso ao fazer piada em 10%	幽默风趣{desc}开玩笑的成功几率提升 10%	ユーモラス{desc}冗談の成功率が10%上がる	Забавный{desc}Увеличивает шанс успешной шутки на 10%
skill_name_Flirty	Flirty{desc}Increase chances of successfully flirting by 10%		Séduction{desc}Augmente de 10 % les chances de réussite lorsque tu dragues une personne.	Flirtlaune{desc}Erhöht die Chance auf erfolgreiches Flirten um 10%.	Rompecorazones{desc}Aumenta un 10 % la probabilidad de ligar.	Bom Flerte{desc}Aumenta as chances de sucesso ao flertar em 10%	风情万种{desc}调情的成功几率提升 10%	思わせぶり{desc}口説く成功率が10%上がる	Обольстительный{desc}Увеличивает шанс успешного флирта на 10%
									
									
									
									
									
									
									
									
									
									
									
									
									
									
									
									
									
									
									
									
									
									
									
									
									
									
									
									
									
									
									
									
									
									
									
									
									
									
									
									
									
									
									
									
									
									
									
									
									
									
									
									
									
									
									
									
									
									
									
									
									
									
									
									
									
									
									
									
									
									
									
									
									
									
									
									
									
									
									
									
									
									
									
									
									
									
									
									
									
									
									
									
									
									
									
									
									
									
									
									
									
									
									
									
									
									
									
									
									
									
									
									
									
									
									
									
									
									
									
									
									
									
									
									
									
									
									
									
									
									
									
									
									
									
									
									
									
									
									
									
									
									
									
									
									
									
									
									
									
									
									
									
									
									
									
									
									
									
									
									
									
									
									
									
									
									
									
									
									
									
									
									
									
									
									
									
									
									
									
									
									
									
									
									
									
									
									
									
									
									
									
									
									
									

	SPIRITS NAMES AND STATS	COMMENTS	FR	DE	ES	BR	CN	JP	
									
stat_armor	Armor		Armure	Rüstung	Armadura	Armadura	防御	アーマー(ARM)	Броня
stat_speed	Speed		Vitesse	Tempo	Velocidad	Velocidade	速度	スピード(SPD)	Скорость
stat_vitality	Vitality		Vigueur	Vitalität	Vitalidad	Vitalidade	活力	バイタリティ(VIT)	Живучесть
stat_power	Power		Puissance	Kraft	Vigor	Poder	能量	パワー(PWR)	Сила
stat_stamina	Stamina		Endurance	Ausdauer	Resistencia	Resistência	耐力	スタミナ	Выносливость
stat_tame	Tame		Apprivoisement	Zähmen	Facilidad de doma	Doma	驯服	手なづけ	Приручение
stat_hp	HP		PV	LP	PS	PV	生命值	HP	O3
stat_xp	XP		EXP	EP	EXP	EXP	经验值	XP	OO
stat_armor_short	ARM		ARM	RÜS	ARM	ARM	防御	ARM	Броня
stat_speed_short	SPD		VIT	TEM	VEL	VEL	速度	SPD	Скор.
stat_vitality_short	VIT		VIG	VIT	VIT	VIT	火力	VIT	Жив.
stat_power_short	PWR		PUI	KRA	VIG	PDR	能量	PWR	Сила
stat_sells_for	Sells for: {amount}		Prix de vente : {amount}	Verkaufspreis: {amount}	Se vende por: {amount}	Vende por: {amount}	售价：{amount}	売却価格: {amount}	Цена продажи: {amount}
stat_level	Lvl		Niv.	St.	Nvl.	Nvl	等级	レベル	УР.
									
									
									
									
stat_armor_desc	Reduces damage from Attacks		Réduit les dégâts subis.	Senkt den Schaden von Angriffen	Reduce el daño de los ataques	Reduz o dano dos ataques	减少攻击造成的伤害	アタックで受けるダメージが減ります	Снижает урон от Атак
stat_speed_desc	Determines Bash strength and who goes first in battle		Établit la puissance des cartes Impact.	Bestimmt Hiebstärke und die Kampfreihenfolge	Determina la fuerza de la carta Aporrear	Determina a força do Golpear	决定猛击的强度以及战斗中谁先行	「なぐる」の強さとバトルでの行動順を決めます	Определяет силу Тарана и кто ходит первым в бою
stat_vitality_desc	Raises Base HP^from {points_from} to {points_to}		Augmente les PV de base^de {points_from} à {points_to}.	Erhöht Basis-LP^von {points_from} auf {points_to}	Aumenta los PS de base^de {points_from} a {points_to}	Aumenta o PV base^de {points_from} para {points_to}	将基础生命值^由{points_from}提高至{points_to}	基礎HPが上がります^{points_from}→{points_to}	Повышает базовые ОЗ^с {points_from} до {points_to}
stat_power_desc	Determines Attack damage		Détermine les dégâts d'attaque.	Bestimmt Angriffsschaden	Determina el daño de ataque	Determina o dano de ataque	决定攻击的伤害程度	アタックのダメージ量を決めます	Определяет урон Атаки
									
stat_current	Current		Actuels	Aktuell	Actual	Atual	当前	現在	Сейчас
									
card_type_Skill	Skill		Compétence	Fähigkeit	Habilidad	Habilidade	技能	スキル	Навык
card_type_Attack	Attack		Attaque	Angriff	Ataque	Ataque	攻击	アタック	Атака
									
									
element_Dark	Dark		Ténèbres	Dunkel	Oscuridad	Sombrio	暗黑	やみ	Тьма
element_Poison	Poison		Poison	Gift	Veneno	Veneno	毒	どく	Яд
element_Water	Water		Eau	Wasser	Agua	Água	水	みず	Вода
element_Electric	Electric		Électricité	Elektro	Electricidad	Elétrico	电	でんき	Электро
element_Psychic	Psychic		Psychisme	Psycho	Psíquico	Paranormal	超自然	エスパー	Магия
element_Ice	Ice		Glace	Eis	Hielo	Gelo	冰	こおり	Лед
element_Earth	Earth		Terre	Erde	Tierra	Terra	土	つち	Земля
element_Fire	Fire		Feu	Feuer	Fuego	Fogo	火	ほのお	Огонь
									
spirit_Arkeya	Arkeya		Cyclopython	Arkeya	Arkeya	Arkeya	阿基亚	アーケヤ	Аркея
spirit_Karyote	Karyote		Karyote	Karyote	Karyote	Karyote	核生物	カリョーテ	Кариот
spirit_Darkoffee	Darkoffee		Caoua	Dunkaffee	Darkoffee	Darkoffee	黑咖	ダーコーヒー	Мракофе
spirit_Puppox	Puppox		Pantimpie	Puppox	Puppox	Puppox	痘痘木偶	パップポクス	Куклос
spirit_Ribbite	Ribbite		Mordrainette	Quakbiss	Ribbite	Ribbite	呱呱饕餮	リブバイト	Кважба
spirit_Trunkle	Trunkle		Coniféroce	Stämmchen	Trunkle	Trunkle	树墩小宝	トランクル	Мхопень
spirit_Minishroom	Emoshroom		Emorille	Emopilz	Emoshroom	Emoshroom	蓝瘦菇	エモシュルーム	Эмогриб
spirit_Taddle	Taddle		Batracide	Quappi	Taddle	Taddle	蹒跚蛙宝	タドル	Лягувастик
spirit_Fishbo	Fishbo		Bubulle	Goldfisch	Fishbo	Fishbo	菲什博	フィッシュボー	Фишбо
spirit_Flote	Flote		Poiscaille	Treibi	Flote	Flote	浮儿	フロート	Плыба
spirit_Starsee	Starsee		Oculétoile	Sternauge	Starsee	Starsee	多眼星	スターシー	Астроглаз
spirit_Torble	Torble		Caramousse	Schildkröti	Torble	Torble	泡泡龟	トーブル	Торбель
spirit_Snorcko	Snorcko		Tubaxolotl	Schnorchi	Snorcko	Snorcko	潜水灵	シュノアッコ	Сноркус
spirit_Sandcrashle	Sandcrashle		Chatofor	Sandwirbler	Sandcrashle	Sandcrashle	塌陷沙堡	サンドクラッシュル	Песочник
spirit_Beabeau	Beabeau		Balonron	Stranballa	Beabeau	Beabeau	沙滩球球	ビーボウ	Мячо
spirit_Claudio	Claudio		Cyrus	Claudio	Claudio	Claudio	克劳迪奥	クラウディオ	Клаудио
spirit_Burgloon	Burgloon		Raton-voleur	Klaubär	Burgloon	Burgloon	神偷浣熊	バーグルーン	Злеенот
spirit_Cumulo	Cumulo		Cumulo	Kumulo	Cumulo	Cumulo	绵绵云	キューミュロ	Кумулон
spirit_Capacibee	Capacibee		Voltabeille	Elektribiene	Capacibee	Capacibee	电容蜂	キャパシビー	Пчеловольт
spirit_Armbot	Armbot		Membroïde	Blechmann	Armbot	Armbot	长臂机器人	アームボット	Хватобот
spirit_Posho	Posho		Angélixir	Feschi	Posho	Posho	时髦药灵	ポショー	Эликсирчик
spirit_Taro	Taro		Trottignon	Flinki	Taro	Taro	塔罗	タロ	Таро
spirit_Lookachoo	Lookachoo		Fantomouchoir	Hapütschii	Lookachoo	Lookachoo	卢阿嚏	ルックアチョー	Привидень
spirit_Minoot	Minoot		Hiboustache	Mini	Minoot	Minoot	时钟猫头鹰	ミヌート	Совиус
spirit_Rablit	Rablit		Lampin	Meister Lampe	Rablit	Rablit	兔兔灯	ラブリット	Раблит
spirit_Sorbaton	Sorbaton		Sorbâton	Sorbi	Sorbaton	Sorbaton	冰糕棍	ソルバトン	Шербетон
spirit_Bonguin	Bonguin		Bongouin	Penguin	Bonguin	Bonguin	企鹅子	ボングイン	Бонгвин
spirit_Mumbleweed	Mumbleweed		Branchonchon	Murmelkraut	Mumbleweed	Mumbleweed	咕哝草	マンブルウィード	Клубовей
spirit_Oaken	Oaken		Chênapan	Eichhorst	Oaken	Oaken	橡木灵	オークン	Дуббин
spirit_Ankylo	Ankylo		Ankylo	Ankylo	Ankylo	Ankylo	甲龙	アンキロ	Анкило
spirit_Gemlin	Gemlin		Gemmelin	Gemlin	Gemlin	Gemlin	宝石小灵	ジェムリン	Гемлин
spirit_Hopstraw	Hopstraw		Épouvanpaille	Strohli	Hopstraw	Hopstraw	闪退稻草人	ホップストロー	Прыгало
spirit_Flambit	Flambit		Flamignon	Flammbi	Flambit	Flambit	火焰狂棋	フレイムビット	Фламбит
spirit_Prikli	Prikli		Kipik	Piksi	Prikli	Prikli	刺刺	プリクリ	Колкус
spirit_Sheemp	Sheemp		Diabloton	Schaap	Sheemp	Sheemp	羊辛普	シーンプ	Жарашек
spirit_Lucerna	Lucerna		Lucerna	Luzerna	Lucerna	Lucerna	卢塞恩旧灯	ルーチェルナ	Лучинна
spirit_Sinjin	Sinjin		Cobrasier	Sinjin	Sinjin	Sinjin	恶灵	シンジン	Синжин
spirit_Firetyre	Carkey		Carbolide	Fahrschlüssli	Carkey	Carkey	车钥机关	カーキー	Врумврум
spirit_Longlog	Longlog		Trondin	Langholz	Longlog	Longlog	大个子	ロングログ	Бревняш
spirit_Coolslime	Coolslime		Gelax	Cooler Schleim	Slime Cool	Coolslime	冷冷泥	クールスライム	Крутослизень
spirit_Pappus	Pappus		Pappus	Pappus	Pappus	Pappus	冠毛	パップス	Сдуванчик
spirit_Brickhouse	Brickhouse		Kahute	Mucki	Brickhouse	Brickhouse	壮硕灵	ブリックハウス	Доммин
spirit_Dusty	Dusty		Fourminus	Staubi	Dusty	Dusty	灰扑扑	ダスティ	Крепыль
spirit_Punchypot	Punchypot		Pot-gnons	Boxtopf	Punchypot	Punchypot	拳力盆	パンチポット	Колотук
spirit_Fluffox	Fluffox		Renardoux	Flauschifuchs	Fluffox	Fluffox	茸茸狐	フラフフォックス	Пушлис
spirit_Mystislime	Mystislime		Mystigelée	Mystischleim	Slime Místico	Mystislime	神秘黏液	ミスティスライム	Мистислизень
spirit_Magicat	Magicat		Magichat	Magimiau	Magicat	Magicat	魔术猫	マジキャット	Чарокотик
spirit_Beardini	Beardini		Barbini	Barti	Beardini	Beardini	胡蒂尼	ベアディーニ	Бородини
UNUSED spirit_Octopups	Octopups		Octochien	Oktowuffs	Octopups	Octopups	章鱼狗	オクトパップ	Пёсминог
spirit_Flamane	Flamane		Déflagralion	Löwi	Flamane	Flamane	火焰鬃毛	フレイムメイン	Фламанн
spirit_Bandicle	Bandicle		Glaçalo	Bandizapfen	Bandicle	Bandicle	冰棍大盗	バンディクル	Эскимон
spirit_Evileye	Evileye		Maléfiris	Bösauge	Evileye	Evileye	邪眼	イビルアイ	Сумроко
spirit_Wolfbane	Wolfbane		Canidémon	Wolfsbann	Wolfbane	Wolfbane	灵厄狼	ウルフベイン	Волктень
spirit_Birdbrain	Birdbrain		Aristoizo	Vogelhirn	Birdbrain	Birdbrain	笨笨	バードブレイン	Птицум
spirit_Marsha	Marsha		Tourbécorce	Sumpfi	Marsha	Marsha	玛莎地	マーシャ	Марша
spirit_Radlad	Radlad		Camaradis	Radi	Radlad	Radlad	棒拉德	ラッドラド	Редисон
spirit_Loonylid	Loonylid		Chapodingo	Verrückti	Loonylid	Loonylid	疯帽子	ルーニーリド	Шляп
spirit_Bulbot	Bulbot		Filamandroïde	Glühlampi	Bulbot	Bulbot	灯泡机器人	ブルボット	Бульбот
spirit_Dropple	Dropple		Perlebleu	Tröpfchen	Dropple	Dropple	滴滴	ドロップル	Булькап
spirit_Octopup	Octopup		Octochien	Oktowuff	Octopup	Octopup	八爪修狗	オクトパップ	Пёсьминог
spirit_Sparky	Sparky		Étincelle	Funkelnd	Sparky	Sparky	火花	スパーキー	Искрик
spirit_Missingno	Missingno		Missingno	Missingno	Missingno	Missingno	异形宝可梦	ケツバン	Миссингно
spirit_Snapdragon	Snapdragon		Gueule-de-loup	Löwenmäulchen	Snapdragon	Snapdragon	龙嘴花	スナップドラゴン	Ядоящер
spirit_Sparking	Sparking		Wattyran	Funkenmarie	Sparking	Sparking	火花之王	スパーキング	Громовой
spirit_Womr	Womr		Vergala	Wumr	Womr	Womr	虫虫	イムシモ	Чевряк
spirit_Catsket	Catsket		Nécrominet	Katzensarg	Catsket	Catsket	猫棺	キャットスケット	Гробокот
spirit_Bonefire	Bonefire		Carbononosse	Bannfeuer	Bonefire	Bonefire	骨火	ボーンファイア	Кострищ
spirit_Snaplant	Snaplant		Dionéfaste	Schnapper	Snaplant	Snaplant	迅猛植	スナップラント	Захлопок
spirit_Hygge	Hygge		Ocho	Hygge	Hygge	Hygge	舒适暖衣	ヒュッゲ	Хигги
spirit_Whistler	Whistler		Alpingouin	Whistler	Whistler	Whistler	惠斯勒雪场	ウィスラー	Альпингвин
spirit_Yeeti	Yeeti		Yétitan	Yeeti	Yeeti	Yeeti	大雪头	イエーティ	Снежить
spirit_Honkshoo	Honkshoo		Ronflocon	Schnarchi	Honkshoo	Honkshoo	呼噜	グーグー	Сплюш
spirit_Eyesee	Eyesee		Cornélius	Eisblick	Eyesee	Eyesee	冰睛凌	アイシー	Айсик
spirit_Toxitoe	Toxitoe		Piékipu	Toxistrumpf	Toxitoe	Toximeia	毒袜	トキシトゥ	Токсинос
spirit_Barkbyte	Barkbyte		Robocabot	Bellobyte	Barkbyte	Dogbyte	字节犬	バークバイト	Байттерьер
spirit_Kiwiwatt	Kiwiwatt		Kiwiwatt	Kiwiwatt	Kiwiwatt	Kiwiwatt	几维电鸟	キウイワット	Кививатт
spirit_Breadmaus	Breadmaus		Ratartine	Brotmaus	Breadmaus	Baguetemaus	面包鼠	ブレッドマウス	Тостермаус
spirit_Snohm	Snohm		Rampère	Schlohm	Snohm	Cobrohm	电蛇	スオーム	Сномм
spirit_Spyreling	Spyreling		Spyrolin	Feuerturmling	Spyreling	Spyreling	火塔幽灵	スパイアリング	Спирлинг
									
// BOSSES									
spirit_Wildwood	Wildwood		Manitouffu	Wildholz	Wildwood	Wildwood	荒木灵	ワイルドウィード	Сверхдуб
spirit_Guardian	Guardian		Gardien	Wächter	Guardian	Guardian	守护者	ガーディアン	Страж
spirit_Tidan	Tidan		Aquaduc	Tidan	Tidan	Tidan	怒潮泰坦	タイダン	Волнорёв
									
spirit_InfinidungeonMiniboss	◰◱◲◱◰◱								
spirit_InfinidungeonBoss	◰◲◱◰◲◰◱◲								
									
spirit_Chiminea	Chiminea		Bellâtre	Öfchenmauli	Chiminea	Chamichá	炽焰炉灵	チミニー	Печина
spirit_Shrubbin	Shrubbin		Tibuisson	Büschelli	Shrubbin	Arbustin	灌木宝箱	シュラッビン	Зарослик
spirit_Pombomb	Pombomb		Canidétoile	Spitzbomber	Pombomb	Pomebomba	嘭美犬	ポムボム	Бумдог
spirit_Darclock	Darclock		Malheure	Düstertock	Darclock	Relúgubre	幽冥时钟	ダークロック	Злоклок
spirit_Fangface	Fangface		Croc-croc	Zähnefratze	Fangface	Caninudo	锐齿魔	ファングフェイス	Клыклик
spirit_Grampus	Grampus		Glachalot	Opifisch	Grampus	Gelaleia	逆戟鲸	グランパス	Китус
spirit_Eleplant	Eleplant		Éléplante	Elepflanz	Eleplant	Aquafante	灌木象	エレプラント	Слончик
spirit_Jelbell	Jelbell		Psychozoa	Qualli	Jelbell	Psidusa	果冻铃	ジェルベル	Железвон
spirit_Shadeling	Shadeling		Ombrelin	Schattenling	Shadeling	Sombrito	暗影灵	シェードリング	Барабаш
spirit_Bungo	Bungo		Bungo	Bungo	Bungo	Bungo	邦戈	ブンゴ	Банго
spirit_Glovem	Glovem		Gantial	Handschühlein	Glovem	Goluva	暖手套	グローブン	Холодыш
spirit_Bittybolt	Bittybolt		Électigre	Miniblitz	Bittybolt	Tigraio	霹雳贝蒂	ビティボルト	Тококус
spirit_Hoppot	Hoppot		Marmiton	Hüpftopf	Hoppot	Quicapanela	跳跳锅	ホップポット	Прыгуляш
									
									
									
									
									
									
									
									
									
									
									
									
									
									
									
									
									
									
									
									
									
									
									
									
									
									
									
									
									
									
									
									
									
									
									
									
									
									
									
									
									
									
									
									
									
									
									
									
									
									
									
									
									
									
									
									
									
									
									
									
									
									
									
									
									
									
									
									
									
									
									
									
									
									
									
									
									
									
									
									
									
									
									
									
									
									
									
									
									
									
									
									
									
									
									
									
									
									
									
									
									
									
									
									
									
									
									
									
									
									
									
									
									
									
									
									
									
									
									
									
									
									
									
									
									
									
									
									
									
									
									
									
									
									
									
									
									
									
									
									
									
									
									
									
									
									
									
									
									
									
									
									
									
									
									
									
									
									
									
									
									
									
									
									
									
									
									
									
									
									
									
									
									
									
									
									
									
									

	BATTLE CONDITIONS, ABILITIES	COMMENTS	FR	DE	ES	BR	CN	JP	RU
									
condition_Freeze	Freeze{desc}Deal 25% less damage with attacks. Reduced by 1 per turn.		Gel{desc}Les attaques infligent 25 % de dégâts en moins. Diminue de 1 à chaque tour.	Einfrieren{desc}Angriffe verursache 25% weniger Schaden. Wird pro Zug um 1 gesenkt.	Congelación{desc}Los ataques infligen un 25 % menos de daño. Se reduce en 1 con cada turno.	Congelamento{desc}Causa 25% a menos de dano com ataques. Reduz em 1 por turno.	冻结{desc}攻击造成的伤害减少 25%每回合消耗 1 技能点。	凍結{desc}アタックで与えるダメージが25%減る。1ターンごとに1減る。	Озноб{desc}Наносит на 25% меньше урона атаками. Уменьшается на 1 за ход.
condition_Charge	Charge{desc}Adds additional damage to each attack. Reduced by 1 per turn.		Charge{desc}Chaque effet augmente les dégâts infligés par les attaques. Diminue de 1 à chaque tour.	Ladung{desc}Jeder Angriff verursacht zusätzlichen Schaden. Wird pro Zug um 1 gesenkt.	Asalto{desc}Los ataques infligen daño adicional. Se reduce en 1 con cada turno.	Carga{desc}Adiciona dano adicional a cada ataque. Reduz em 1 por turno.	充能{desc}每一次攻击造成额外伤害。每回合消耗 1 技能点。	チャージ{desc}アタックにダメージが追加される。1ターンごとに1減る。	Заряд{desc}Добавляет дополнительный урон к каждой атаке. Уменьшается на 1 за ход.
condition_Sharp	Sharp{desc}Deals damage to any attacker. Ignores Armor. Reduced by half per turn.		Perforation{desc}Inflige des dégâts à chaque attaquant. Ignore l'armure. Diminue de moitié à chaque tour.	Spitz{desc}Verursacht Schaden bei jedem Angreifer. Ignoriert Rüstung. Wird jeden Zug halbiert.	Perforación{desc}Inflige daño a cualquier rival. Ignora la Armadura. Se reduce a la mitad con cada turno.	Afiado{desc}Causa dano a qualquer atacante. Ignora Armadura. Reduz pela metade por turno.	锐利{desc}对任意攻击者造成伤害。无视防御。每回合消耗一半技能点。	刺傷{desc}アタックカードを使う敵のいずれかへダメージを与える。アーマー無効。1ターンごとに半分減る。	Шипы{desc}Наносит ответный урон любому атакующему. Игнорирует броню. Уменьшается вдвое за ход.
condition_Intangible	Intangible{desc}All incoming damage and HP loss is reduced to 1. Reduced by 1 per turn.		Intangible{desc}Les dégâts subis et les PV perdus sont réduits à 1. Diminue de 1 à chaque tour.	Unberührbar{desc}Der gesamte eingehende Schaden und LP-Verlust wird auf 1 gesenkt. Wird pro Zug um 1 gesenkt.	Intocable{desc}El daño que sufras y los PS que pierdas se reducen a 1. Se reduce en 1 con cada turno.	Intangível{desc}Toda a perda de PV e dano recebido são reduzidos para 1. Reduz em 1 por turno.	无形{desc}所有遭受的伤害和生命值损失减少到 1。每回合消耗 1 技能点。	無形{desc}すべての被ダメージとHP減少が1になる。1ターンごとに1減る。	Фантом{desc}Весь входящий урон и потеря ОЗ снижены до 1. Уменьшается на 1 за ход.
condition_Regen	Regen{desc}Recovers HP at the start of each turn. Reduced by 1 per turn.		Régénération{desc}Récupère des PV au début de chaque tour. Diminue de 1 à chaque tour.	Regeneration{desc}Stellt zu Beginn jedes Zugs LP wieder her. Wird pro Zug um 1 gesenkt.	Regeneración{desc}Al inicio de cada turno, recuperas PS. Se reduce en 1 con cada turno.	Regeneração{desc}Recupera PV no início de cada turno. Reduz em 1 por turno.	再生{desc}每回合开始时恢复生命值。每回合消耗 1 技能点。	リジェネ{desc}各ターン開始時にHPが回復する。1ターンごとに1減る。	Лечение{desc}Восстанавливает ОЗ в начале каждого хода. Уменьшается на 1 за ход.
condition_Tangle	Tangle{desc}Cannot play Skill cards. Reduced by 1 per turn.		Enchevêtrement{desc}Empêche de jouer des cartes Compétence. Diminue de 1 à chaque tour.	Fessel{desc}Kann keine Fähigkeitskarten spielen. Wird pro Zug um 1 gesenkt.	Atadura{desc}No puedes jugar ninguna carta de habilidad. Se reduce en 1 con cada turno.	Emaranhado{desc}Impede de usar cartas de habilidade. Reduz em 1 por turno.	纠缠{desc}不可出技能牌。每回合消耗 1 技能点。	混乱{desc}スキルカードが使えない。1ターンごとに1減る。	Путы{desc}Невозможно использовать карты Навыков. Уменьшается на 1 за ход.
condition_Calm	Calm{desc}Cannot play Attack cards. Reduced by 1 per turn.		Calme{desc}Empêche de jouer des cartes Attaque. Diminue de 1 à chaque tour.	Ruhe{desc}Kann keine Angriffskarten spielen. Wird pro Zug um 1 gesenkt.	Calma{desc}No puedes jugar ninguna carta de ataque. Se reduce en 1 con cada turno.	Calmaria{desc}Impede de usar cartas de ataque. Reduz em 1 por turno.	镇静{desc}不可出攻击牌。每回合消耗 1 技能点。	平静{desc}アタックカードが使えない。1ターンごとに1減る。	Покой{desc}Невозможно использовать карты Атаки. Уменьшается на 1 за ход.
condition_Rage	Rage{desc}Deals and receives double damage from Attacks. Reduced by 1 per turn.		Rage{desc}Double les dégâts infligés et subis. Diminue de 1 à chaque tour.	Zorn{desc}Verursacht und erleidet doppelten Schaden durch Angriffe. Wird pro Zug um 1 gesenkt.	Furia{desc}Sufres e infliges el doble de daño con cada ataque. Se reduce en 1 con cada turno.	Fúria{desc}Causa e recebe o dobro de dano de ataques. Reduz em 1 por turno.	愤怒{desc}攻击和遭受的伤害都会加倍。每回合消耗 1 技能点。	激怒{desc}アタックの与・被ダメージが2倍になる。1ターンごとに1減る。	Ярость{desc}Наносит и получает вдвое больше урона от атак. Уменьшается на 1 за ход.
condition_Poison	Poison{desc}Takes Poison damage at the start of each turn. Reduced by 1 per turn.		Poison{desc}Inflige des dégâts de poison au début de chaque tour. Diminue de 1 à chaque tour.	Gift{desc}Erleidet Giftschaden zu Beginn jedes Zugs. Wird pro Zug um 1 gesenkt.	Veneno{desc}Al inicio de cada turno, sufres daño de veneno. Se reduce en 1 con cada turno.	Veneno{desc}Recebe dano de Veneno no início de cada turno. Reduz em 1 por turno.	中毒{desc}每回合开始时受到中毒伤害。每回合消耗 1 技能点。	猛毒{desc}各ターン開始時にどくダメージを受ける。1ターンごとに1減る。	Яд{desc}Получает урон от яда в начале каждого хода. Уменьшается на 1 за ход.
condition_Burn	Burn{desc}Takes Fire damage at the start of each turn. Reduced by half per turn.		Brûlure{desc}Inflige des dégâts de feu au début de chaque tour. Diminue de moitié à chaque tour.	Verbrennen{desc}Erleidet Feuerschaden zu Beginn jedes Zugs. Wird jeden Zug halbiert.	Quemadura{desc}Al inicio de cada turno, sufres daño de fuego. Se reduce a la mitad con cada turno.	Queimadura{desc}Recebe dano de Fogo no início de cada turno. Reduz pela metade por turno.	灼烧{desc}每回合开始时受到火力伤害。每回合消耗一半技能点。	やけど{desc}各ターン開始時にほのおダメージを受ける。1ターンごとに半分減る。	Ожог{desc}Получает урон от огня в начале каждого хода. Уменьшается вдвое за ход.
condition_Barrier	Barrier{desc}Prevents conditions from being applied. Reduced by 1 per turn.		Barrière{desc}Empêche d'appliquer des effets à la cible. Diminue de 1 à chaque tour.	Barriere{desc}Zustände haben keinen Effekt. Wird pro Zug um 1 gesenkt.	Barrera{desc}Impide que el espíritu padezca cualquier estado alterado. Se reduce en 1 con cada turno.	Barreira{desc}Impede que efeitos sejam aplicados. Reduz em 1 por turno.	障碍{desc}阻止状态生效。每回合消耗 1 技能点。	バリア{desc}いかなる状態も受けない。1ターンごとに1減る。	Барьер{desc}Предотвращает применение эффектов. Уменьшается на 1 за ход.
condition_Ethereal	Ethereal{desc}This Spirit's attacks ignore Armor. Reduced by 1 per turn.		Éthéré{desc}Les attaques de cet esprit ignorent l'armure. Diminue de 1 à chaque tour.	Ätherisch{desc}Die Angriffe dieses Geists ignorieren Rüstung. Wird pro Zug um 1 gesenkt.	Etéreo{desc}Los ataques de este espíritu ignoran la Armadura. Se reduce en 1 con cada turno.	Etéreo{desc}Os ataques desse Espírito ignoram Armadura. Reduz em 1 por turno.	虚无{desc}这个精灵的攻击可无视防御。每回合消耗 1 技能点。	神秘{desc}この精霊の攻撃ではアーマーが無効になる。1ターンごとに1減る。	Эфирность{desc}Атаки этого Духа игнорируют броню. Уменьшается на 1 за ход.
									
card_retain	Retain{desc}Does not get discarded at the end of your turn. Discarded once played.		Conservation{desc}La carte n'est pas envoyée dans la défausse à la fin du tour, mais une fois qu'elle est jouée.	Behalten{desc}Wird am Ende deines Zugs nicht abgeworfen. Wird erst abgeworfen, wenn gespielt.	Conservar{desc}Esta carta se descarta al usarla, no al finalizar el turno.	Retenção{desc}Não é descartada no final do seu turno. Descartada ao ser usada.	始终保留{desc}你的回合结束时，不会被弃置。打出即弃。	保持{desc}自分のターン終了時に捨てられない。使用すると捨て札へ行く。	Удерживается{desc}Не сбрасывается в конце вашего хода. Сбрасывается после использования.
card_exhaust	Exhaust{desc}Once played, this card is removed from your deck for the rest of combat.		Élimination{desc}Une fois jouée, cette carte est retirée de ton deck pour le reste du combat.	Erschöpfen{desc}Nach dem Ausspielen wird diese Karte für den Rest des Kampfs aus dem Deck entfernt.	Consumir{desc}Cuando juegues esta carta, se eliminará del mazo para el resto del combate.	Exaustão{desc}Ao ser usada, essa carta é removida do seu baralho até o fim do combate.	耗尽{desc}一旦打出，这张卡牌将从你的卡组中移除，直到战斗结束。	消耗{desc}一度使用すると、バトルが終わるまでこのカードはデッキから排除される。	Сжигается{desc}Сыгранная карта удаляется из колоды до конца боя.
									
									
ability_title	ABILITY		APTITUDE	FÄHIGKEIT	HABILIDAD	HABILIDADE	能力	アビリティ	УМЕНИЕ
									
ability_Eldritch Toll	Eldritch Toll{desc}Subtract 10% of HP from all enemies at the start of Arkeya's first turn.		Ponction occulte{desc}Au début du premier tour de cet esprit, retire 10 % des PV de tous les ennemis.	Tribut des Schreckens{desc}Ziehe zu Beginn von Arkeyas erstem Zug 10% der LP aller Gegner ab.	Tributo Pavoroso{desc}Al inicio del primer turno de Arkeya, resta el 10 % de los PS de todos los enemigos.	Impacto Sobrenatural{desc}Subtrai 10% do PV de todos os inimigos no início do primeiro turno de Arkeya.	邪能伤亡{desc}在阿基亚的首回合开始时，使所有敌人的生命值减少 10%。	不気味な通行料{desc}アーケヤの最初のターン開始時、敵全体からHPを10%減らす。	Оккультный налог{desc}В начале первого хода Аркея уменьшает ОЗ всех врагов на 10%.
ability_Dark Blessing	Dark Blessing{desc}At the start of your first turn, draw 1 additional card.		Bénédiction des ténèbres{desc}Au début du premier tour de cet esprit, pioche 1 carte supplémentaire.	Dunkler Segen{desc}Ziehe zu Beginn deines ersten Zugs 1 zusätzliche Karte.	Bendición Oscura{desc}Al inicio de tu primer turno, robas 1 carta adicional.	Bênção Macabra{desc}No início do seu primeiro turno, receba 1 carta adicional.	暗黑庇佑{desc}在你的首回合开始时，多抽取 1 张牌。	闇の恩恵{desc}自分の最初のターン開始時、追加でカードを1枚引く。	Тёмное напутствие{desc}В начале вашего первого хода получаете 1 дополнительную карту.
ability_Bouncing Bane	Bouncing Bane{desc}Whenever an enemy dies, transfer any Poison it has to a random enemy.		Calamité{desc}Dès qu'un ennemi est banni, tous ses effets Poison sont transférés à un ennemi aléatoire.	Springender Fluch{desc}Immer wenn ein Gegner stirbt, überträgt sich jedes Gift in seinem Körper auf einen zufälligen Gegner.	Flagelo Contagioso{desc}Cada vez que muere un enemigo, transfiere sus acumulaciones de Veneno a un rival al azar.	Ruína Saltitante{desc}Sempre que um inimigo morre, transfere qualquer Veneno que ele tenha para um inimigo aleatório.	厄运传递{desc}每当一个敌人死亡，将其所有中毒状态转移给另一个随机敌人。	跳ねる苦しみ{desc}敵が倒れると必ず、その敵が持っていた毒をランダムな敵1体に移す。	Прыгучая пакость{desc}Когда враг умирает, весь его яд передаётся случайному врагу.
ability_Fungal Fumes	Fungal Fumes{desc}At the start of this Spirit’s first turn, automatically apply 3 poison to all enemies.		Émanations fongiques{desc}Au début du premier tour de cet esprit, applique automatiquement 3 effets Poison à tous les ennemis.	Sporenwolke{desc}Zu Beginn des ersten Zugs dieses Geists erhalten alle Gegner automatisch 3 Gift.	Vapores Fúngicos{desc}Al inicio del primer turno de este espíritu, provoca automáticamente 3 acumulaciones de Veneno a todos los enemigos.	Fumaça Fúngica{desc}No início do primeiro turno desse Espírito, aplica automaticamente 3 de Veneno a todos os inimigos.	真菌烟雾{desc}在该精灵的首回合开始时，对所有敌人自动施加 3 点中毒伤害。	キノコガス{desc}この精霊の最初のターン開始時、自動的に敵全体へ毒を3付与する。	Зловонные споры{desc}В начале первого хода этот Дух автоматически наносит 3 яда всем врагам.
ability_Friendly Face	Friendly Face{desc}Enemy Spirits are 20% easier to Tame.		Visage amical{desc}Les esprits ennemis sont 20 % plus faciles à apprivoiser.	Freundliches Gesicht{desc}Gegnerische Geister sind 20% leichter zu zähmen.	Cara Conocida{desc}Los espíritus enemigos son un 20 % más fáciles de domar.	Rosto Amigo{desc}Espíritos inimigos são 20% mais fáceis de domar.	精灵之友{desc}驯服敌方精灵的难度降低 20%。	やさしい顔{desc}敵の精霊を手なづけるのが20%簡単になる。	Приветливая мордашка{desc}Враждебные Духи на 20% легче поддаются приручению.
ability_Tough Tortoise	Tough Tortoise{desc}The first time Torble’s HP falls below 50%, automatically apply 5 regen.		Tortue tenace{desc}La première fois que les PV de cet esprit tombent sous les 50 %, applique automatiquement 5 effets Régénération.	Zäh{desc}Wenn Schildkrötis LP das erste Mal unter 50% fallen, regeneriert er automatisch 5 LP.	Tortuga Robusta{desc}La primera vez que Torble pierda más del 50 % de sus PS, provoca automáticamente 5 acumulaciones de Regeneración.	Jabuti Resistente{desc}Na primeira vez que o PV de Torble cair abaixo de 50%, aplica automaticamente 5 de Regeneração.	坚强龟{desc}泡泡龟的生命值首次低于 50% 时，自动施加 5 点再生。	不屈のカメ{desc}トーブルのHPが初めて50%を切ったとき、自動的にリジェネが5付与される。	Крепкий панцирь{desc}Первый раз, когда этот Дух теряет более 50% здоровья, он автоматически получает +5 Исцеления.
ability_Breaker	Breaker{desc}At the start of your first turn, remove 1 Armor from all enemies.		Disjoncteur{desc}Au début du premier tour de cet esprit, réduit l'armure de tous les ennemis de 1.	Brecher{desc}Entferne zu Beginn deines ersten Zugs 1 Rüstung von allen Gegnern.	Ariete{desc}Al inicio de tu primer turno, elimina 1 punto de Armadura a todos los enemigos.	Disjuntor{desc}No início do seu primeiro turno, remove 1 de Armadura de todos os inimigos.	破局者{desc}在你的首回合开始时，所有敌人解除 1 点防御。	ブレーカー{desc}自分の最初のターン開始時、敵全体からアーマーを1減らす。	Разрушитель{desc}В начале своего первого хода снимает 1 броню со всех врагов.
ability_Recharge	Recharge{desc}The first time Capacibee falls to 0 HP, its HP is restored to 10.		Recharge{desc}La première fois que les PV de cet esprit tombent à 0, ils sont restaurés à hauteur de 10 PV.	Erneuerung{desc}Wenn Elektribiene das erste Mal auf 0 LP fällt, regeneriert sie 10 LP.	Recarga{desc}La primera vez que Capacibee se quede con 0 PS, se cura 10 PS.	Recarga{desc}Na primeira vez que o PV de Capacibee reduz para 0, seu PV é restaurado para 10.	焕发新生{desc}电容蜂的生命值首次降为 0 时，其生命值恢复至 10 点。	リチャージ{desc}キャパシビーのHPが初めて0になったとき、HPが10まで回復する。	Перезарядка{desc}Когда Пчеловольт первый раз в бою теряет все ОЗ, его ОЗ восстанавливается до 10.
ability_Become Ethereal	Become Ethereal{desc}Every 3 turns Posho applies 1 intangible to itself.		Éthérique{desc}Tous les 3 tours, cet esprit s'applique 1 effet Intangible.	Ätherische Existenz{desc}Alle 3 Züge bewirkt Feschi 1 Unberührbar auf sich selbst.	Estado Etéreo{desc}Cada 3 turnos, Posho se provoca 1 acumulación de Intocable a sí mismo.	Tornar-se Etéreo{desc}A cada 3 turnos, Posho aplica 1 de Intangível a si.	潜入虚无{desc}每隔 3 回合，时髦药灵给自己施加 1 点无形。	エーテル化{desc}3ターンごとに、ポショーが自身に無形を1付与する。	Фантомная фора{desc}Каждые 3 хода Эликсирчик получает +1 Фантом.
ability_Tranquil Trot	Tranquil Trot{desc}While following you, wild Spirits are 50% less likely to detect you.		Petit trot{desc}Lorsque cet esprit te suit, les esprits sauvages ont 50 % de chances en moins de te détecter.	Auf leisen Sohlen{desc}Wenn er dir folgt, ist es 50% weniger wahrscheinlich, dass wilde Geister dich entdecken.	Trote Tranquilo{desc}Mientras te siguen, los espíritus silvestres tienen un 50 % menos de probabilidad de detectarte.	Trote Sereno{desc}Enquanto te segue, reduz em 50% a sua probabilidade de detecção por Espíritos Selvagens.	寂静小跑{desc}跟随你时，野生精灵察觉到你的几率降低 50%。	しずかな早足{desc}後ろについてきている間、野生の精霊から50%見つかりにくくなる。	Крадущийся в тени{desc}Когда следует за вами, дикие Духи имеют 50% меньше шансов вас обнаружить.
ability_Shaved Ice	Shaved Ice{desc}At the start of combat apply 1 Freeze to all enemies.		Glace pilée{desc}Au début du combat, applique 1 effet Gel à tous les ennemis.	Raspeleis{desc}Bewirke zu Beginn des Kampfs 1 Einfrieren bei allen Gegnern.	Granizado{desc}Al inicio del combate, provoca 1 acumulación de Congelación a todos los enemigos.	Raspas de Gelo{desc}No início do combate, aplica 1 de Congelamento a todos os inimigos.	散冰攻势{desc}战斗开始时，对所有敌人施加 1 点冻结。	かき氷{desc}バトル開始時、敵全体に凍結を1付与する。	Ледяной скраб{desc}В начале боя добавляет +1 Озноб всем врагам.
ability_Frost Layer	Frost Layer{desc}If Bonguin isn't Dizzy, its Armor increases by 1 up to its maximum every turn.		Couche de givre{desc}Si cet esprit n'est pas étourdi, son armure augmente de 1 à chaque tour jusqu'à atteindre son maximum.	Eisschicht{desc}Wenn Penguin nicht betäubt ist, erhöht sich seine Rüstung jeden Zug bis zum Maximum um 1.	Capa Helada{desc}Si Bonguin no sufre Mareo, su Armadura aumenta 1 punto cada turno hasta alcanzar el máximo.	Camada Gélida{desc}Se Bonguin não estiver Tonto, a Armadura dele aumenta em 1 até o máximo a cada turno.	厚霜铠甲{desc}如果企鹅子没有处于晕眩状态，其防御每回合提升 1 点，但不得超过上限。	氷の層{desc}ボングインが気絶していない場合、ターンのたびにそのアーマーが最大まで1増える。	Слой инея{desc}Если Бонгвин не оглушен, он получает +1 к броне каждый ход, до максимума.
ability_Bad Temper	Bad Temper{desc}Ankylo automatically gains 1 Rage every 3 turns.		Sale caractère{desc}Cet esprit gagne automatiquement 1 effet Rage tous les 3 tours.	Schlechte Laune{desc}Ankylo erhält alle 3 Züge automatisch 1 Zorn.	Mal Genio{desc}Cada 3 turnos, Ankylo obtiene automáticamente 1 acumulación de Furia.	Mau Humor{desc}Ankylo recebe automaticamente 1 de Fúria a cada 3 turnos.	暴脾气{desc}每隔 3 回合，甲龙自动获得 1 点愤怒。	ふきげん{desc}3ターンごとに、アンキロが自動的に激怒を1得る。	Вспыльчивость{desc}Анкило автоматически получает +1 Ярости каждые 3 хода.
ability_Reliable Talent	Reliable Talent{desc}At the start of each turn, draw an additional Attack card.		Talent fiable{desc}Pioche une carte Attaque supplémentaire au début de chaque tour.	Zuverlässigkeit{desc}Ziehe zu Beginn jedes Zugs eine zusätzliche Angriffskarte.	Talento Eficaz{desc}Al inicio de cada turno, roba una carta de ataque adicional.	Talento Eficaz{desc}No início de cada turno, compre uma carta de ataque adicional.	可靠天赋{desc}每回合开始时，多抽一张攻击牌。	頼れる才能{desc}各ターンの開始時、追加でアタックカードを1枚引く。	Надёжный талант{desc}В начале каждого хода получаете дополнительную карту Атаки.
ability_Rekindle	Rekindle{desc}At the end of combat, Lucerna restores 50% of HP lost.		Ravivage{desc}À la fin du combat, cet esprit récupère 50 % des PV qu'il a perdus.	Wiederbelebung{desc}Am Ende des Kampfs heilt Luzerna 50% ihrer verlorenen LP.	Reanimación{desc}Al final del combate, Lucerna recupera el 50 % de los PS que ha perdido.	Reacender{desc}Ao final do combate, Lucerna restaura 50% do PV perdido.	重燃生机{desc}战斗结束时，卢塞恩旧灯恢复其损失的 50% 生命值。	再点火{desc}バトル終了時、ルーチェルナが減ったHPの50%を回復する。	Возрождение{desc}В конце боя Люцерна восстанавливает 50% потерянных ОЗ.
ability_Burn Bright	Burn Bright{desc}Increase either Power or Speed by 1 and lose 3 HP each turn.		Combustion{desc}Chaque tour, augmente sa puissance ou sa vitesse de 1 et perd 3 PV.	Volle Energie{desc}Erhöhe entweder Kraft oder Tempo um 1 und verliere in jedem Zug 3 LP.	Fulgurante{desc}Aumenta el Vigor o la Velocidad en 1 punto y pierdes 3 PS cada turno.	Brilho Ardente{desc}Aumenta o Poder ou a Velocidade em 1 e perde 3 PV por turno.	燃烧生命{desc}每回合，能量或速度提升 1 点，且生命值失去 3 点。	バーンブライト{desc}毎ターン、パワーかスピードが1増え、HPを3失う。	Жаркое пламя{desc}Получает +1 к Силе или Скорости, но теряет -3 ОЗ каждый ход.
ability_Fish Food	Fish Food{desc}Whenever you feed a Spirit in combat, this Spirit gains 10 HP.		Nourriture pour poisson{desc}Chaque fois que tu nourris un esprit au combat, cet esprit gagne 10 PV.	Fischfutter{desc}Immer wenn du einen Geist im Kampf fütterst, erhält dieser Geist 10 LP.	Comida para Peces{desc}Cada vez que le des de comer a un espíritu en combate, este obtiene 10 PS.	Comida de Peixe{desc}Sempre que você alimenta um Espírito em combate, esse Espírito recebe 10 PV.	鱼食{desc}战斗中，每当你给一个精灵喂食，该精灵的生命值提升 10 点。	魚肉{desc}バトル中に精霊へアイテムを与えると必ず、この精霊がHPを10得る。	Прикормка{desc}Когда вы кормите Духа в бою, этот Дух получает +10 ОЗ.
ability_Sailors Delight	Sailor's Delight{desc}On Flote's first turn it heals up to half of its HP.		Délice des marins{desc}Lors de son premier tour, cet esprit récupère la moitié de ses PV.	Seemannstraum{desc}In Treibis erstem Zug heilt er bis zur Hälfte seiner LP.	Delicia Náutica{desc}Flote se cura hasta la mitad de sus PS durante el primer turno.	Encanto de Marinheiro{desc}No primeiro turno de Flote, ele cura até metade do seu próprio PV.	海员之乐{desc}浮儿在首回合可恢复至多一半生命值。	船乗りのよろこび{desc}フロートの最初のターン時、最大HPの半分まで回復する。	Моряцкая фортуна{desc}В первый ход восстанавливает до половины своих ОЗ.
ability_Spirit Spoils	Spirit Spoils{desc}Whenever you win a battle, receive coins equal to combined enemy level.		Larcin{desc}À chaque combat remporté, tu reçois un nombre de pièces équivalent au niveau combiné des ennemis.	Fette Beute{desc}Wenn du einen Kampf gewinnst, erhältst du Münzen in Höhe der kombinierten Gegnerstufen.	Espolios Espirituales{desc}Al ganar un combate, recibes un número de monedas igual a la suma del nivel de los enemigos.	Saque de Espírito{desc}Sempre que você vencer uma batalha, recebe PV igual ao nível combinado do inimigo.	精灵款待{desc}每当你赢得一场战斗，获得相当于所有敌人等级合计的游戏点数。	スピリットスポイル{desc}バトルに勝つと必ず、敵のレベル合計と等しいコインを得る。	Духовная Добыча{desc}После победы в бою получаете монеты, равные суммарному уровню врагов.
ability_Bark Bash	Bark Bash{desc}When Oaken makes an enemy Dizzy, its Power raises by 1 for the rest of combat.		Sournoiserie{desc}Quand cet esprit étourdit un ennemi, sa puissance augmente de 1 pour le reste du combat.	Rindenschlag{desc}Wenn Eichhorst einen Gegner betäubt, erhöht sich seine Kraft für den Rest des Kampfs um 1.	Corteza Cortante{desc}Cuando Oaken le provoca Mareo a un enemigo, obtiene 1 punto de Vigor para el resto del combate.	Golpe de Rugido{desc}O Poder de Oaken aumenta em 1 pelo resto do combate quando ele deixar um inimigo Tonto.	树灵猛击{desc}当橡木灵使一个敌人晕眩，其能量提升 1 点，持续到战斗结束。	バークバッシュ{desc}オークンが敵を気絶させると、バトルが終わるまでオークンのパワーが1上がる。	Увесистая дубина{desc}Когда Дуббин оглушает врага, его Сила увеличивается на 1 до конца боя.
ability_Hot in Here	Hot in Here{desc}At the start of each of your turns apply 1 Burn to each enemy.		Coup de chaud{desc}Au début de chaque tour, applique 1 effet Brûlure à chaque ennemi.	Heiß hier{desc}Bewirke zu Beginn jedes deiner Züge 1 Verbrennen bei jedem Gegner.	Ambiente Caldeado{desc}Al inicio de cada turno, provocas 1 acumulación de Quemadura a todos los enemigos.	Calor Intenso{desc}No início de cada um de seus turnos, aplica 1 de Queimadura a cada inimigo.	热火攻势{desc}每当你的回合开始时，对每个敌人施加 1 点灼烧。	内なる熱{desc}自分のターンが始まるたびに、各敵へやけどを1付与する。	Жарковато тут у вас{desc}В начале каждого своего хода добавляет +1 Ожог всем врагам.
ability_Needler	Needler{desc}At the start of combat Prikli applies Sharp equal to its Power to itself.		Plante épineuse{desc}Au début du combat, cet esprit s'applique un nombre d'effets Perforation équivalent à sa puissance.	Nadelbewehrt{desc}Zu Beginn des Kampfs bewirkt Piksi Spitz bei sich selbst in Höhe ihrer Kraft.	Punzante{desc}Al inicio del combate, Prikli se provoca tantas acumulaciones de Perforación como puntos de Vigor tenga.	Ferroada{desc}No início do combate, Prikli aplica Afiado igual ao Poder dele a si mesmo.	刺刺更健康{desc}战斗开始时，刺刺对自己施加相当于其能量值的锐利。	針刺し{desc}バトル開始時、プリクリが自身にパワーと等しい刺傷を付与する。	Иглоукалывание{desc}В начале боя Колкус добавляет себе Шипы, равные его Силе.
ability_Hot to Touch	Hot to Touch{desc}Any time Sheemp takes Fire damage, it applies Burn equal to its Power to a random enemy.		Pelage incandescent{desc}Chaque fois que cet esprit subit des dégâts de feu, il applique un nombre d'effets Brûlure équivalent à sa puissance à un ennemi aléatoire.	Heiße Berührung{desc}Jedes Mal, wenn Schaap Feuerschaden erleidet, bewirkt er bei einem zufälligen Gegner Verbrennen in Höhe seiner Kraft.	Roce Abrasador{desc}Cuando Sheemp sufre daño de fuego, provoca tantas acumulaciones de Quemadura como puntos de Vigor tenga a un enemigo al azar.	Toque Abrasador{desc}Sempre que Sheemp sofre dano de Fogo, ele aplica Queimadura igual ao Poder dele a um inimigo aleatório.	惹火上身{desc}每当羊辛普受到火力伤害，可对任意敌人施加相当于其能量值的灼烧。	熱い肌{desc}シーンプがほのおダメージを受けると必ず、シーンプのパワーと等しいやけどをランダムな敵1体に付与する。	Горячая шкура{desc}Каждый раз, когда Жарашек получает урон от огня, он добавляет Ожог, равный своей Силе, случайному врагу.
ability_Swamp Skin	Swamp Skin{desc}Taddle applies 1 Poison to all enemies each time its Armor is reduced.		Peau vaseuse{desc}Cet esprit applique 1 effet Poison à tous les ennemis chaque fois que son armure est réduite.	Sumpfhaut{desc}Quappi bewirkt 1 Gift bei allen Gegnern, jedes Mal wenn seine Rüstung gesenkt wird.	Piel Embarrada{desc}Taddle provoca 1 acumulación de Veneno a todos los enemigos cada vez que se reduzca su Armadura.	Casca de Pântano{desc}Toadle aplica 1 de Veneno a todos os inimigos toda vez que sua Armadura é reduzida.	湿地毒肌{desc}每当蹒跚蛙宝的防御值降低，会对所有敌人施加 1 点中毒。	毒の肌{desc}トードルのアーマーが減るたびに、敵全体に猛毒を1付与する。	Болотная кожа{desc}Каждый раз, когда Лягувастик теряет броню, он добавляет +1 Яда всем врагам.
ability_Rain Run	Rain Run{desc}While following you, increases your movement speed by 20% on rainy and snowy days.		Précipitation{desc}Lorsque cet esprit te suit, ta vitesse de déplacement augmente de 20 % les jours de pluie ou de neige.	Regenläufer{desc}Während er dir folgt, erhöht sich dein Bewegungstempo um 20%, wenn es regnet oder schneit.	Carrera Lluviosa{desc}Mientras te sigue, aumenta un 20 % tu velocidad de movimiento los días que llueva o nieve.	Tomara Que Chova{desc}Enquanto te segue, aumenta sua Velocidade de movimento em 20% em dias de chuva e neve.	雨中狂奔{desc}跟随你时，你在雨天或雪天的移动速度提高 20%。	レインラン{desc}雨の日と雪の日、この精霊が後ろについてきている間は移動スピードが20%上昇する。	Пробежка под дождем{desc}Когда следует за вами, увеличивает вашу скорость передвижения на 20% в дождливые и снежные дни.
ability_Shroom Shrink	Shroom Shrink{desc}When 3 or less Poison is applied to Emoshroom, it reduces that Poison to 0.		Antipoison{desc}Lorsque 3 effets Poison ou moins sont appliqués à cet esprit, ce montant est réduit à 0.	Pilzkraft{desc}Wenn Emopilz 3 oder weniger Gift erleidet, senkt er dieses Gift auf 0.	Mermashroom{desc}Cuando Emoshroom sufra 3 o menos acumulaciones de Veneno, las reduce a 0.	Redução Cogumélica{desc}Quando 3 ou menos de Veneno é aplicado a Emoshroom, esse Veneno é reduzido para 0.	抗毒幻菇{desc}蓝瘦菇遭受 3 点或更少的中毒时，可将该中毒伤害降低至 0。	ちぢむキノコ{desc}エモシュルームに付与されている猛毒が3以下のとき、その猛毒が0になる。	Противоядие{desc}Когда Эмогриб получает 3 или меньше Яда, он снижает его до 0.
ability_Caffeine Kick	Caffeine Kick{desc}At the end of combat gain 30 Stamina.		Coup de fouet{desc}À la fin du combat, tu gagnes 30 points d'endurance.	Koffeinkick{desc}Am Ende des Kampfs erhältst du 30 Ausdauer.	Chute de Cafeína{desc}Al final del combate, obtiene 30 puntos de resistencia.	Vigor da Cafeína{desc}No final do combate, recebe 30 de Resistência.	强力咖啡因{desc}战斗结束时，获得 30 点耐力。	カフェインキック{desc}バトル終了時、スタミナを30得る。	Кофеиновый синдром{desc}В конце боя восстанавливает 30 Выносливости.
ability_Sneezy Breezy	Sneezy Breezy{desc}Whenever an enemy is banished, draw 1 card and gain 1 Energy		Entrain{desc}À chaque ennemi banni, tu pioches une carte et tu gagnes 1 point d'énergie.	Kraft der Bannung{desc}Wenn ein Gegner gebannt wird, ziehe 1 Karte und erhalte 1 Energie.	Achús{desc}Al desterrar a un enemigo, robas 1 carta y obtienes 1 punto de energía.	Rajada de Espirro{desc}Sempre que um inimigo for banido, compra 1 carta e recebe 1 de Energia	大手一挥{desc}每当一个敌人被驱逐，抽 1 张牌并获得 1 点能源。	くすぐりの風{desc}敵を撃退すると必ず、カードを1枚引いてエネルギーを1得る。	Проще простого{desc}Каждый раз, когда враг повержен, получаете 1 дополнительную карту и +1 к энергии.
ability_Snorkle Scout	Snorkle Scout{desc}While following you, fish bite faster while fishing.		Éclaireur sous-marin{desc}Lorsque cet esprit te suit, les poissons mordent plus rapidement à l'hameçon.	Schnorchelspäher{desc}Wenn dieser Geist dir folgt, beißen Fische schneller an.	Esnorquelista{desc}Si este espíritu te sigue, los peces pican más rápido.	Visão Subaquática{desc}Enquanto te segue, os peixes mordem mais rápido ao pescar.	潜伏侦察{desc}跟随你时，钓鱼时鱼会更快咬钩。	潜水{desc}後ろについてきている間、釣り中のサカナの食いつきが早くなる。	Подводный разведчик{desc}Если следет за вами, рыбы во время рыбалки клюют быстрее.
ability_Mumble Tumble	Mumble Tumble{desc}Whenever Mumbleweed reduces an enemy to 0 Armor, draw a card.		Emportement{desc}Lorsque cet esprit réduit l'armure d'un ennemi à 0, tu pioches une carte.	Murmelstoß{desc}Ziehe 1 Karte, wenn Murmelkraut die Rüstung eines Gegners auf 0 gesenkt.	Desgaste Rodante{desc}Cada vez que Mumbleweed reduce la Armadura de un enemigo a 0, robas una carta.	Rolando e Murmurando{desc}Sempre que Mumbleweed reduzir a Armadura de um inimigo para 0, compra uma carta.	默念翻牌{desc}每当咕哝草使一个敌人的防御降至 0，可抽一张牌。	マンブルタンブル{desc}マンブルウィードが敵のアーマーを0にすると必ず、カードを1枚引く。	Картополох{desc}Каждый раз, когда Клубовей снижает броню врага до 0, получайте одну карту.
ability_Shuffle Time	Shuffle Time{desc}Every time you shuffle your discard pile into your draw pile, gain 1 Energy.		Savant mélange{desc}Chaque fois que ta défausse est mélangée à ta pioche, tu gagnes 1 point d'énergie.	Gut gemischt{desc}Erhalte jedes Mal 1 Energie, wenn du deinen Ablagestapel in deinen Nachziehstapel mischst.	¡Baraja, Baraja!{desc}Cada vez que combinas el mazo con la pila de descartes, obtienes 1 punto de energía.	Hora da Confusão{desc}Toda vez que você embaralha sua pilha de descarte em sua pilha de compras, ganha 1 de Energia.	洗牌时间{desc}每当你将弃牌堆的卡牌洗入抽牌堆，获得 1 点能源。	シャッフルタイム{desc}捨て札をシャッフルして山札に加えるときは必ず、エネルギーを1得る。	Ловкость рук{desc}Каждый раз, когда вы перетасовываете свою стопку сброса в колоду, получаете +1 к энергии.
ability_Scary Straw	Scary Straw{desc}Increases chances of successfullly fleeing from battle by 10%.		Peur bleue{desc}Augmente de 10 % les chances de fuir lors d'un combat.	Gruseliges Stroh{desc}Erhöht die Chance, erfolgreich aus dem Kampf zu fliehen, um 10%.	Espantapájaros Espantado{desc}Aumenta un 10 % la probabilidad de huir del combate.	Palha Horripilante{desc}Aumenta as chances de sucesso ao fugir da batalha em 10%	骇人稻草{desc}成功逃离战斗的几率提升 10%。	恐怖のわら{desc}バトルから逃げる際の成功率が10%上がる。	Зловещая солома{desc}Увеличивает шанс успешного бегства из боя на 10%.
ability_Long Arms	Long Arms{desc}Increases item pickup range by 2 tiles.		Bras long{desc}Augmente de 2 cases la portée pour récupérer des objets.	Lange Arme{desc}Erhöht die Reichweite für das Aufsammeln von Gegenständen um 2 Felder.	Brazos Largos{desc}Aumenta 2 casillas el alcance para recoger objetos.	Braços Extensos{desc}Aumenta o alcance de coleta de itens em 2 blocos.	长臂{desc}拾取物品的范围扩大 2 地块。	ロングアーム{desc}アイテムの拾得範囲が2タイル増える。	Длинные руки{desc}Увеличивает радиус подбора предметов на 2 клетки.
ability_Cool Shades	Cool Shades{desc}Beabeau earns 10% more XP on sunny days.		Météo favorable{desc}Cet esprit gagne 10 % d'EXP en plus lors des journées ensoleillées.	Coole Brille{desc}Stranballa erhält an sonnigen Tagen 10% mehr EP.	Gafas de Sol Molonas{desc}Beabeau gana un 10 % más de EXP cuando hace sol.	Óculos Escuros{desc}Beabeau recebe 10% a mais de EXP em dias ensolarados.	荫凉快活{desc}沙滩球球在晴天赚取的经验值增加 10%。	冷たい陰{desc}晴れの日にビーボウの得るXPが10%増える。	Крутые очки{desc}Мячо получает на 10% больше опыта в солнечные дни.
ability_Hidden Treasure	Hidden Treasure{desc}25% chance that rocks on Water islands drop coins while Sandcrashle follows you.		Trésor caché{desc}Lorsque cet esprit te suit, les rochers des îles aquatiques ont 25 % de chances de donner des pièces.	Verborgener Schatz{desc}Chance von 25%, dass Felsen auf Wasserinseln Münzen hinterlassen, während Sandwirbler dir folgt.	Tesoro Escondido{desc}25 % de probabilidad de que las rocas de las islas de agua suelten monedas cuando te sigue Sandcrashle.	Tesouro Escondido{desc}25% de chance de as rochas nas ilhas de Água deixarem cair moedas enquanto Sandcrashle te segue.	隐秘宝藏{desc}塌陷沙堡跟随你时，水岛上的岩石有 25% 的几率掉落钱币。	隠された宝{desc}サンドクラッシュルがついてきている間、25%の確率で、みずの島にある岩がコインを落とす。	Скрытое богатство{desc}Если следует за вами, дает 25% шанс выпадения золота из камней на водных островах.
ability_Eerie Jig	Eerie Jig{desc}Completely removes one random condition at the start of its turn.		Danse sinistre{desc}Supprime entièrement un effet aléatoire au début de son tour.	Schauriger Tanz{desc}Entfernt zu Beginn seines Zugs einen zufälligen Zustand.	Giga Aterradora{desc}Al inicio de su turno, elimina por completo un estado al azar.	Dança Arrepiante{desc}Remove completamente um efeito aleatório no início do turno dele.	诡异舞步{desc}在其回合开始时，随机完全解除一项状态。	不気味なおどり{desc}ターン開始時、付与されている状態が1つ、ランダムで完全に除去される。	Танец марионетки{desc}Полностью убирает один случайный эффект в начале своего хода.
ability_Fire Foot	Fire Foot{desc}While following you, your walking speed increases by 1% every second up to 20%. Resets when you stop walking.		Vive allure{desc}Lorsque cet esprit te suit, ta vitesse de déplacement augmente de 1 % chaque seconde, jusqu'à un maximum de 20 %. Se réinitialise lorsque tu t'arrêtes.	Feuerfuß{desc}Während dir dieser Geist folgt, erhöht sich dein Gehtempo jede Sekunde um 1% auf bis zu 20%. Wird zurückgesetzt, wenn du stehen bleibst.	Paseo Ígneo{desc}Mientras te sigue, tu velocidad de desplazamiento aumenta un 1 % por segundo hasta un máximo del 20 %. Si te detienes se reinicia.	Pé Flamejante{desc}Enquanto te segue, a velocidade dos seus passos aumenta em 1% por segundo, até 20%. Reinicia quando você para de andar.	风火轮{desc}跟随你时，你的行走速度每秒提升 1%，上限为速度的 20%。当你停止行走时将重置。	炎の足{desc}後ろについてきている間、歩行スピードが毎秒1%上昇する（最大20%）。足を止めるとリセットされる。	По горячим углям{desc}Когда следет за вами, ваша скорость передвижения растет на 1% каждую секунду до 20%. Сбрасывается при остановке.
ability_Lamp Light	Lamp Light{desc}Moonstones glow brighter.		Éclairage{desc}Les pierres de lune brillent davantage.	Lampenlicht{desc}Mondsteine leuchten heller.	Luz Artificial{desc}Las piedras lunares brillan más.	Luz da Lâmpada{desc}Selenitas brilham mais intensamente.	明亮如炬{desc}月石发出更亮的光。	ランプライト{desc}ムーンストーンの輝きが明るくなる。	Уютная подсветка{desc}Лунные камни светят ярче.
ability_Log Jog	Log Jog{desc}Stamina reduces 10% slower.		Force sylvestre{desc}L'endurance diminue 10 % moins vite.	Holzjogger{desc}Ausdauer senkt sich um 10% langsamer.	Troncotrote{desc}La resistencia se reduce un 10 % más despacio.	Trote de Tronco{desc}A Resistência reduz 10% mais lentamente.	长腿小跑{desc}耐力消耗的速度减慢 10%。	ログジョグ{desc}スタミナの減りが10%遅くなる。	Марш-бросок{desc}Выносливость уменьшается на 10% медленнее.
									
ability_Free Food	Free Food{desc}Once tamed, feeding this Spirit in battle costs 0 Energy.		Nourriture gratuite{desc}Une fois apprivoisé, cet esprit peut être nourri gratuitement au combat.	Gratisfutter{desc}Wenn er gezähmt ist, kostet das Füttern dieses Geists im Kampf 0 Energie.	Comida Gratis{desc}Cuando lo hayas domado, darle de comer a este espíritu en combate cuesta 0 puntos de energía.	Boca Livre{desc}Após a doma, alimentar esse Espírito em batalha custa 0 de Energia.	食物免单{desc}驯服这个精灵之后，在战斗中喂食它将消耗 0 点能源。	フリーフード{desc}手なづけると、バトル中この精霊にアイテムを与える際、エネルギーを消費しない。	Бесплатный сыр{desc}После приручения, кормление этого Духа в бою не тратит Энергию.
ability_Breeze Bender	Breeze Bender{desc}Reduces wind resistance while flying.		Contre vents et marées{desc}Réduit l'effet du vent lorsque tu voles.	Windbeuger{desc}Senkt Windresistenz beim Fliegen.	Maestro de la Brisa{desc}Reduce la resistencia del viento mientras vuelas.	Domador de Vento{desc}Reduz a resistência do vento durante o voo.	微风折腰{desc}降低飞行时的风阻。	ブリーズベンダー{desc}飛行中かぜ耐性が減る。	Повелитель ветров{desc}Уменьшает сопротивление ветра во время полёта.
ability_Mad House	Mad House{desc}If a Tackle card is available, draw it from your draw pile at the beginning of each turn.		Maison forte{desc}Si une carte Plaquage est disponible, elle est piochée au début de chaque tour.	Muskelspiel{desc}Wenn eine Stoßkarte verfügbar ist, ziehe sie zu Beginn jedes Zugs aus deinem Nachziehstapel.	Casa de Locos{desc}Si hay una carta Placaje disponible, la robas del mazo al inicio de cada turno.	Casa Furiosa{desc}Se uma carta de investida estiver disponível, compre-a da sua pilha de compras no início de cada turno.	跌跌撞撞{desc}每个回合开始时，从抽牌堆里抽出可用的阻截卡。	マッドハウス{desc}たいあたりカードが使える場合、各ターンの開始時に山札から引く。	Кавардак{desc}Если в колоде есть карта Удара, вы получаете её в начале каждого хода.
ability_Lil Guy Energy	Lil Guy Energy{desc}Whenever one of your Attacks is completely blocked, you gain 1 Energy.		Petit mais costaud{desc}Chaque fois que l'une de tes attaques est bloquée, tu gagnes 1 point d'énergie.	Kraftschub{desc}Wenn einer deiner Angriffe vollständig geblockt wird, erhältst du 1 Energie.	Empujoncillo{desc}Cada vez que bloqueen por completo uno de tus ataques, obtienes 1 punto de energía.	Energia Camarada{desc}Sempre que um de seus ataques é completamente bloqueado, recebe 1 de Energia.	小家伙有大能量{desc}当你的某项攻击完全被拦截时，你获得 1 点能源。	リトルエネルギー{desc}自分のアタックが完全にブロックされると必ず、エネルギーを1得る。	Маленький-удаленький{desc}Если ваша атака полностью блокирована, вы получаете +1 Энергии.
ability_Plentiful Punches	Plentiful Punches{desc}Spawns one Uppercut in your hand at the start of each turn.		Castagne{desc}Ajoute une carte Uppercut à ta main au début de chaque tour.	Schlaghagel{desc}Erzeugt zu Beginn jedes Zugs einen Aufwärtshaken in deiner Hand.	Mamporros a Montones{desc}Al inicio de cada turno, hace aparecer una carta Gancho en tu mano.	Socos Abundantes{desc}Gera um Gancho em sua mão no início de cada turno.	拳拳出击{desc}在每回合开始时，打出一次上勾拳。	連続パンチ{desc}各ターン開始時、手札にアッパーカットが1枚出現する。	Щедрые тумаки{desc}Добавляет Апперкот в вашу руку в начале каждого хода.
ability_Friendly Fluff	Friendly Fluff{desc}Increases chances of successfully chatting, flirting and joking.		De bon poil{desc}Augmente les chances de réussite lorsque tu bavardes, plaisantes et flirtes avec une personne.	Freundliche Atmosphäre{desc}Erhöht die Chance, dich erfolgreich zu unterhalten, zu flirten und zu scherzen.	Flurteo Afable{desc}Aumenta la probabilidad de conversar, flirtear y bromear con éxito.	Fofurice{desc}Aumenta as chances de papear, flertar e fazer piada com sucesso.	人见人爱{desc}提升交谈、调情和开玩笑的成功几率。	やさしいフワフワ{desc}会話、口説く、冗談の成功率が上がる。	Дружелюбный пушок{desc}Увеличивает шансы успешной болтовни, флирта и шуток.
ability_Slime Skill	Slime Skill{desc}Any time you play 5 skills in one turn, gain 1 Energy.		Gelée extra{desc}Chaque fois que tu joues 5 cartes Compétence en un tour, tu gagnes 1 point d'énergie.	Gib mir 5!{desc}Erhalte 1 Energie, wenn du 5 Fähigkeiten in einem Zug spielst.	Slime Hábil{desc}Cada vez que juegues 5 cartas de habilidad en un turno, obtienes 1 punto de energía.	Truque Gosmento{desc}Sempre que jogar 5 habilidades em um turno, recebe 1 de Energia.	超能史莱姆{desc}每当你在一回合内发动 5 个技能，获得 1 点能源。	スライムスキル{desc}1ターン中にスキルを5枚使うと必ず、エネルギーを1得る。	Склизская способность{desc}Если вы сыграли 5 карт Навыка за один ход, вы получаете +1 Энергии.
ability_Magic Wand	Magic Wand{desc}Upgrades one random card in your hand every turn.		Baguette magique{desc}Améliore une carte aléatoire dans ta main à chaque tour.	Zauberstab{desc}Verbessert jeden Zug 1 zufällige Karte in deiner Hand.	Varita Mágica{desc}Mejora una carta de tu mano al azar cada turno.	Varinha Mágica{desc}Melhora uma carta aleatória em sua mão a cada turno.	魔法杖{desc}每一回合为你手牌中的任意一张卡牌升级。	マジックワンド{desc}毎ターン、手札にあるカードを1枚ランダムでアップグレードする。	Волшебная палочка{desc}Улучшает одну случайную карту в вашей руке каждый ход.
ability_Disappearing Act	Disappearing Act{desc}When its Armor is reduced to 0, it automatically applies 1 Intangible to itself.		Disparition{desc}Lorsque l'armure de cet esprit est réduite à 0, s'applique automatiquement 1 effet Intangible.	Unfassbar{desc}Wenn seine Rüstung auf 0 gesenkt wird, bewirkt er automatisch 1 Unberührbar bei sich selbst.	Desaparición{desc}Cuando su Armadura se reduce a 0, se provoca 1 acumulación de Intocable automáticamente.	Sumiço Misterioso{desc}Quando sua Armadura é reduzida a 0, aplica automaticamente 1 de Intangível a si.	消失术{desc}当其防御降至 0 时，自动对自己施加 1 点无形。	蒸発{desc}アーマーが0になると、自動的に自身に無形を1付与する。	Фокус с исчезновением{desc}Когда броня этого Духа снижается до 0, он автоматически получает +1 Фантом.
ability_Regenereight	Regenereight{desc}Healing pools also heal HP of Spirits equal to Stamina gain when this Spirit is following you.		Eau de jouvence{desc}Lorsque cet esprit te suit, les sources régénérantes rendent également des PV à tes esprits, à hauteur de l'endurance restaurée.	Regenerachtion{desc}Wenn dir dieser Geist folgt, stellen Heilquellen die LP deiner Geister in Höhe der zurückerhaltenen Ausdauer wieder her.	Curativocho{desc}Cuando este espíritu te sigue, los estanques curativos restauran la misma cantidad de PS que de resistencia a los espíritus.	Polvitalizar{desc}Enquanto este Espírito te segue, piscinas terapêuticas restauram os PV do seu Espírito de acordo com a quantidade de Resistência recuperada.	再生术{desc}这个精灵跟随你时，治疗池为你的精灵恢复与重获的耐力值等量的生命值。	リジェネレイト{desc}この精霊が後ろについてきていると、回復の泉で精霊たちのHPもスタミナと同量回復する。	Живая вода{desc}Когда этот Дух следует за вами, целительные источники вместе с выносливостью также восстанавливают ОЗ ваших Духов.
ability_Lucky Light	Lucky Light{desc}Sometimes turns fire hazard damage into Stamina gain.		Feu sacré{desc}Transforme parfois les dégâts causés par les flammes sur les îles de feu en gain d'endurance.	Glückslicht{desc}Wandelt manchmal Schaden durch Feuergefahr in zusätzliche Ausdauer um.	Luz Afortunada{desc}A veces, convierte el daño infligido por las amenazas ígneas en puntos de resistencia.	Luz da Sorte{desc}Às vezes transforma dano de Fogo em Resistência.	幸运之光{desc}偶尔将火力危险物造成的伤害转为耐力提升。	ラッキーライト{desc}ときどき、島で炎ダメージを受ける代わりにスタミナを得る。	Приятное тепло{desc}Иногда превращает урон от стихии огня в прирост Выносливости.
ability_Ice Gold	Ice Gold{desc}Earn more coins from battles.		Or blanc{desc}Tu gagnes plus de pièces à l'issue des combats.	Eisgold{desc}Erhalte mehr Münzen durch Kämpfe.	Oro Helado{desc}Ganas más monedas tras un combate.	Ouro de Gelo{desc}Ganha mais moedas nas batalhas.	金银冰{desc}战斗中赚取更多钱币。	アイスゴールド{desc}バトルで獲得するコインが増える。	Холодное золото{desc}Получаете больше монет в награду в конце битвы.
ability_Unwelcome Presence	Unwelcome Presence{desc}Spirits spawn more frequently.		Présence indésirable{desc}Fait apparaître des esprits plus fréquemment.	Unerwünschte Präsenz{desc}Geister erscheinen häufiger.	Presencia Indeseada{desc}Aparecen espíritus con más frecuencia.	Presença Indesejada{desc}Espíritos aparecem com mais frequência.	不速之客{desc}精灵生成得更频繁。	招かれざる存在{desc}精霊の出現頻度が上がる。	Непрошенное присутствие{desc}Дикие Духи появляются чаще.
ability_Death Grip	Death Grip{desc}Retain any of Wolfbane’s cards drawn at the start of battle.		Poigne mortelle{desc}Conserve toutes les cartes du canidémon piochées au début du combat.	Todesgriff{desc}Behalte alle Wolfsbannkarten, die du zu Beginn des Kampfs gezogen hast.	Abrazo Mortal{desc}Al inicio del combate, conservas cualquiera de las cartas de Wolfbane.	Garras Mortais{desc}Retém qualquer carta comprada por Wolfbane no início da batalha.	死亡之握{desc}始终保留战斗开始时抽取所有灵厄狼的卡牌。	デスグリップ{desc}バトル開始時、引いたウルフベインのカードのいずれかを保持する。	Смертельный захват{desc}Все карты, полученные в начале боя, Волктень удерживает в руке в конце хода.
ability_Bird Bane	Bird Bane{desc}Applies Poison equal to its Power to itself at the start of its first turn. On its third turn, applies all its Poison to a random Enemy.		Oiseau de malheur{desc}Au début de son premier tour, s'applique un nombre d'effets Poison équivalent à sa puissance. Au début de son troisième tour, applique tous ses effets Poison à un ennemi aléatoire.	Vogelbann{desc}Bewirkt zu Beginn seines ersten Zugs Gift in Höhe der Kraft bei sich selbst. In seinem dritten Zug bewirkt er das gesammelte Gift bei einem zufälligen Gegner.	Flagelo Volador{desc}Al inicio de su primer turno, se provoca tantas acumulaciones de Veneno como puntos de Vigor tenga. En el tercer turno, transfiere todas sus acumulaciones de Veneno a un enemigo al azar.	Ruína Aviária{desc}Aplica Veneno a si em quantidade equivalente ao próprio Poder no início do primeiro turno. No terceiro turno, aplica todo o seu Veneno a um inimigo aleatório.	灾星鸟{desc}在其首回合开始时，施加相当于其能量值的中毒。在其第三回合，将所有中毒施加到一个随机敌人身上。	バードベイン{desc}最初のターン開始時、自身のパワーと等しい猛毒を自身に付与する。3ターン目に、そのすべての猛毒をランダムな敵1体に付与する。	Птичий чих{desc}В начале первого хода получает Яд, равный своей Силе. На третьем ходу переносит весь свой яд на случайного врага.
ability_Benevolent Bane	Benevolent Bane{desc}Whenever you apply Poison, apply an additional 1 Poison to all enemies.		Épidémie{desc}Chaque fois que cet esprit applique des effets Poison, il applique 1 effet supplémentaire à tous les ennemis.	Massenfluch{desc}Wenn du Gift bewirkst, bewirkte 1 zusätzliches Gift bei allen Gegnern.	Flagelo Bondadoso{desc}Por cada acumulación de Veneno provocada, provoca 1 acumulación de Veneno adicional a todos los enemigos.	Ruína Benevolente{desc}Sempre que você aplicar Veneno, aplica 1 de Veneno adicional a todos os inimigos.	仁慈之祸{desc}每当你施加中毒，可对所有敌人额外施加 1 点中毒。	慈悲ある死{desc}猛毒を付与すると必ず、敵全体に追加で猛毒を1付与する。	Ехидная отрава{desc}Каждый раз, когда вы добавляете Яд, добавляет дополнительные +1 Яда всем врагам.
ability_Rad Dish	Rad Dish{desc}Converts Stamina loss from eating crops into Stamina gain.		Alimentation saine{desc}Convertit la perte d'endurance liée à l'ingestion de cultures en gain d'endurance.	Radikraft{desc}Wandelt den Ausdauerverlust durch den Verzehr von Pflanzen in zusätzliche Ausdauer um.	Plato Radladiante{desc}Los cultivos que te hacían perder resistencia al comerlos ahora te harán ganarla.	Iguaria Radical{desc}Converte a perda de Resistência ao comer colheitas em ganho de Resistência.	极品佳肴{desc}将吃作物消耗的耐力转换为耐力提升。	過激な一皿{desc}毒の作物を食べた際、スタミナを失う代わりに得る。	Крутая редиска{desc}Превращает потерю Выносливости при употреблении растений в прирост Выносливости.
ability_Kindred Spirits	Kindred Spirits{desc}Reduce Magic Man's shop prices (by 20%)		Dur en affaires{desc}Réduit de 20 % les prix à la boutique du mage.	Geistesverwandt{desc}Senke die Preise des Magiers (um 20%).	Espíritus Gemelos{desc}Reduce un 20 % los precios de la tienda del mago.	Almas Gêmeas{desc}Reduz os preços da loja do Homem Mágico (em 20%).	投缘{desc}魔术师商店的价格降低 20%。	意気投合{desc}魔法使いの店の価格が安くなる(20%)。	Родственные духи{desc}Снижает цены в магазине Волшебника на 20%.
ability_Totally Lit	Totally Lit{desc}Illuminates dark rooms in dungeons.		Projecteur{desc}Illumine les pièces sombres dans les donjons.	Hell erleuchtet{desc}Erleuchtet dunkle Räume in Verliesen.	Alumbrado{desc}Ilumina las salas oscuras de las mazmorras.	Totalmente Aceso{desc}Ilumina salas escuras em masmorras.	光芒四射{desc}照亮地下城里的黑暗房间。	まばゆい光{desc}ダンジョン内の暗い部屋を照らす。	Сияющий нам вслед{desc}Освещает тёмные комнаты в подземельях.
ability_Salt vs Steel	Salt vs. Steel{desc}Reduces an enemy's Armor by 1 each round.		Corrosion{desc}Réduit de 1 l'armure d'un ennemi à chaque round.	Salz und Stahl{desc}Senkt die Rüstung eines Gegners jede Runde um 1.	Sal contra Acero{desc}El enemigo pierde 1 punto de Armadura cada ronda.	Sal vs. Aço{desc}Reduz a Armadura de um inimigo em 1 a cada rodada.	强力腐蚀{desc}每一回合使一个敌人的防御降低 1 点。	ソルトVSスティール{desc}毎ラウンド、敵のアーマーを1減らす。	Коррозия металла{desc}Уменьшает броню врага на 1 каждый раунд.
ability_Lawn Mowr	Lawn Mowr{desc}Walking through grass or wilted crop cuts it down.		Herbivore{desc}Marcher dans l'herbe ou sur une culture flétrie la coupe.	Rasenmähre{desc}Schneidet Gras und welke Pflanzen.	Cortacésped{desc}Corta la hierba o los cultivos marchitos al caminar por encima.	Cortador de Grama{desc}Passe pela grama ou por uma colheita murcha para cortá-la.	割草{desc}收割踏足的草地或枯萎作物。	草刈りシモイム{desc}草や枯れた作物の上を歩くと、刈ってくれる。	Газонокосильщик{desc}Двигаясь сквозь траву или увядшие растения, срезает их.
ability_Raise Dead	Raise Dead{desc}When you banish a spirit, Catsket steals up to 10 HP from each enemy.		Double peine{desc}Lorsqu'un esprit est banni, le nécrominet vole jusqu'à 10 PV à chaque ennemi.	Tote erwecken{desc}Wenn du einen Geist bannst, entzieht Katzensarg dem Gegner 10 LP.	Resurrección{desc}Al desterrar a un espíritu, Catsket roba hasta un máximo de 10 PS a cada enemigo.	Ressuscitar Mortos{desc}Quando você bane um Espírito, Catsket rouba até 10 PV de cada inimigo.	起死回生{desc}当你驱逐一个精灵时，猫棺可以至多从每个敌人那里窃取 10 点生命值。	死者の目覚め{desc}精霊を撃退すると、キャットスケットがそれぞれの敵からHPを奪う（最大10）。	Восстание мёртвецов{desc}Когда дух повержен, Гробокот крадет до 10 ОЗ у каждого оставшегося врага.
ability_Combustion Engine	Combustion Engine{desc}If an enemy is Banished from Burn, start your next turn with 1 extra Energy.		Moteur à combustion{desc}Si un ennemi est banni après avoir subi des dégâts de brûlure, tu commences ton prochain tour avec 1 point d'énergie en plus.	Verbrennungsmotor{desc}Wenn ein Gegner durch Verbrennen verbannt wird, starte deinen nächsten Zug mit 1 Energie zusätzlich.	Motor de Combustión{desc}Si un espíritu es desterrado por culpa de Quemadura, comienzas el siguiente turno con 1 punto de energía adicional.	Motor a Combustão{desc}Se um inimigo for banido por Queimadura, começa o próximo turno com 1 de Energia extra.	燃烧机{desc}若一个敌人从灼烧被驱逐，下一回合开始时，获得 1 点额外能源。	燃焼機関{desc}敵がやけどで倒れると、次の自ターン開始時に追加のエネルギーを1獲得する。	Вечный двигатель{desc}Если враг повержен из-за Ожога, получите +1 Энергии в свой следующий ход.
ability_Gift Giver	Gift Giver{desc}While this Spirit is in your party, Spirits that are banished in battle still gain XP		Cadeau{desc}Quand cet esprit est dans ton groupe, les esprits bannis au combat gagnent quand même de l'EXP.	Geschenkt!{desc}Wenn dieser Geist in deiner Gruppe ist, erhalten aus dem Kampf gebannte Geister dennoch EP.	Regalitos{desc}Mientras esté en tu grupo, los espíritus que hayan sido desterrados durante el combate ganarán EXP igualmente.	Presenteando{desc}Enquanto este Espírito estiver no seu grupo, os Espíritos que forem banidos em batalha ainda recebem EXP	天降好礼{desc}这个精灵在你的队伍中时，被驱逐出战斗的精灵们仍会获得经验值。	プレゼンター{desc}この精霊がパーティーにいると、戦闘で撃退された精霊もXPを獲得できる。	Щедрый покровитель{desc}Когда этот Дух в вашей команде, ваши Духи, поверженные в бою, всё равно получают опыт.
ability_Fresh Pow	Fresh Pow{desc}On snowy days Spirits gain 20% more XP from battles.		Cryothérapie{desc}Lorsqu'il neige et que cet esprit est dans ton groupe, les esprits gagnent 20 % d'EXP en plus.	Frisches Bäm{desc}Wenn dieser Geist an verschneiten Tagen in deiner Gruppe ist, erhalten Geister 20 % mehr EP.	Nieve en Polvo{desc}Si está en tu grupo cuando nieva, los espíritus ganan un 20 % más de EXP.	Bolada Fresquinha{desc}Em dias de neve, quando este Espírito está no seu grupo, Espíritos recebem 20% mais EXP.	新雪纷飞{desc}在下雪的日子，若这个精灵在你的队伍，精灵们额外获得 20% 经验值。	新雪{desc}雪の日にこの精霊がパーティーにいると、精霊たちが獲得するXPが20%増える。	Свежий снежок{desc}В снежные дни Духи получают на 20% больше опыта за бои.
ability_Snowball	Snowball{desc}Any Sharp applied to this Spirit is doubled.		Boule de neige{desc}Les effets Perforation appliqués à cet esprit sont doublés.	Schneeball{desc}Jedes für diesen Geist bewirkte Spitz wird verdoppelt.	Bola de Nieve{desc}Duplica la Perforación que sufre este espíritu.	Bola de Neve{desc}Qualquer Afiado aplicado a este Espírito é duplicado.	雪球{desc}施加到这个精灵上的所有锐利加倍。	ゆきだま{desc}この精霊に付与された刺傷が2倍になる。	Снежный ком{desc}Получает вдвое больше Шипов.
ability_Catchin Zs	Catchin Z's{desc}When this spirit is following you, it has a chance to gain a level when you go to bed before midnight.		Gros dodo{desc}Quand cet esprit est dans ton groupe, il a une chance de gagner un niveau lorsque tu te couches avant minuit.	Schlummer{desc}Wenn dieser Geist in deiner Gruppe ist, besteht die Chance, dass der Geist eine Stufe aufsteigt, wenn du vor Mitternacht schlafen gehst.	Dulces Sueños{desc}Cuando este espíritu está en tu grupo, puede que suba de nivel si te vas a dormir antes de medianoche.	Sonequinha{desc}Quando este Espírito está no seu grupo, ele tem a chance de receber um nível quando você for dormir antes da meia-noite.	睡呼呼{desc}当这个精灵在你的队伍时，若你在午夜前上床睡觉，该精灵有几率获得升级。	ひとねむり{desc}この精霊をパーティーに入れた状態で夜の12時前に眠ると、この精霊のレベルがひとつ上がる可能性がある。	Ловец снов{desc}Когда этот Дух следует за вами, у него есть шанс повысить уровень, если вы ложитесь спать до полуночи.
ability_Double Scoop	Double Scoop{desc}Draw two additional cards from this Spirit’s deck at the beginning of combat.		Double ration{desc}Pioche 2 cartes supplémentaires du deck de cet esprit au début du combat.	Doppelportion{desc}Ziehe zu Kampfbeginn zwei zusätzliche Karten vom Deck dieses Geists.	Doble Ración{desc}Roba dos cartas adicionales del mazo de este espíritu al inicio del combate.	Dose Dupla{desc}Compra duas cartas adicionais do baralho deste Espírito no início do combate.	双勺{desc}战斗开始时，从精灵的卡组中额外抽取两张卡牌。	ダブルスクープ{desc}戦闘開始時、この精霊のデッキからカードをさらに2枚引く。	Двойная порция{desc}Получите две дополнительные карты из колоды этого Духа в начале боя.
									
ability_Darkwood Decoys	Darkwood Decoys{desc}Cannot be targeted while Longlogs are on the field.		Soldats de bois{desc}Ne peut pas être visé tant que des trondins sont au combat.	Dunkelholzköder{desc}Kann nicht als Ziel gewählt werden, solange Langholze vorhanden sind.	Madera de Engaño{desc}Si hay un Longlog en combate, no puede ser un objetivo.	Camuflagem Arbórea{desc}Não pode ser alvejado enquanto Longlogs estiverem em campo.	暗木诱饵{desc}大个子在场上时，不能成为目标。	木のおとり{desc}フィールド上にロングログがいる間は狙えない。	Деревянные солдаты{desc}Сверхдуб не может быть атакован, пока на поле есть Бревняши.
ability_Darkwood Minion	Darkwood Minion{desc}Protects Wildwood from taking damage.		Sbire sylvestre{desc}Empêche le manitouffu de subir des dégâts.	Dunkelholzgehilfe{desc}Schützt Wildholz gegen Schaden.	Madera de Esbirro{desc}Evita que Wildwood sufra ningún daño.	Lacaio Arbóreo{desc}Protege Wildwood de sofrer danos.	暗木仆从{desc}保护荒木灵不受伤害。	木の子分{desc}ワイルドウッドがダメージを受けない。	Деревянный миньон{desc}Защищает Сверхдуб от получения урона.
ability_Flood Hand	Flood Hand{desc}Causes enemy to draw cards until 10 in their hand. Sets all cards to retain.		Déluge de cartes{desc}Force l'ennemi à piocher jusqu'à avoir 10 cartes en main. Toutes les cartes ont le statut Conservation.	Kartenflut{desc}Lässt den Gegner Karten ziehen, bis er 10 Karten auf der Hand hat. Alle Karten werden behalten.	Mano Inundada{desc}Hace que un enemigo robe cartas hasta tener 10 en la mano y las conserve.	Chuva de Carta{desc}Faz com que o inimigo compre cartas até ter 10 em mãos. Ativa Retenção em todas as cartas.	手牌激增{desc}使敌人抽牌，直到手牌数量为 10 张。所有卡牌设为始终保留。	水の手{desc}手札が10枚になるまで敵にカードを引かせる。すべてのカードは保持される。	Полные руки{desc}Заставляет врага брать карты до тех пор, пока в его руке не окажется 10 карт. Устанавливает 'Удержание' для всех карт.
ability_Water Minion	Erosion{desc}Reduces an enemy's Armor by 1 each round.		Érosion{desc}Réduit de 1 l'armure d'un ennemi à chaque round.	Erosion{desc}Senkt die Rüstung eines Gegners jede Runde um 1.	Erosión{desc}Reduce 1 punto de Armadura al enemigo cada ronda.	Erosão{desc}Reduz a Armadura de um inimigo em 1 a cada rodada.	侵蚀{desc}每一回合使一个敌人的防御降低 1 点。	浸食{desc}毎ラウンド、敵のアーマーが1減る。	Эрозия{desc}Уменьшает броню врага на 1 каждый раунд.
ability_Poison Aura	Poison Aura{desc}Makes enemy Spirits vulnerable to Poison.		Aura empoisonnée{desc}Rend les ennemis vulnérables au poison.	Giftige Aura{desc}Macht gegnerische Geister anfällig für Gift.	Aura Venenosa{desc}Vuelve a los espíritus enemigos vulnerables al Veneno.	Aura Venenosa{desc}Torna os Espíritos inimigos vulneráveis a Veneno.	剧毒氛围{desc}使敌方精灵易受中毒伤害。	毒のオーラ{desc}敵の精霊を毒に弱くする。	Ядовитая аура{desc}Делает вражеских Духов уязвимыми к яду.
ability_Persistent Poison	Persistent Poison{desc}Apply 1 Poison to all enemy Spirits at the start of each turn		Poison tenace{desc}Applique 1 effet Poison à tous les ennemis au début de chaque tour.	Anhaltendes Gift{desc}Bewirke zu Beginn jedes Zugs 1 Gift bei allen gegnerischen Geistern.	Veneno Persistente{desc}Al inicio de cada turno, provoca 1 acumulación de Veneno a todos los espíritus enemigos.	Veneno Persistente{desc}Aplica 1 de Veneno a todos os Espíritos inimigos no início de cada turno.	长寿毒{desc}在每一回合开始时，对所有敌方精灵施加 1 点中毒。	持続性の毒{desc}各ターンの開始時、敵精霊全体に猛毒を1付与する。	Назойливый яд{desc}Добавляет +1 Яд всем вражеским Духам в начале каждого хода.
ability_Energy Surge	Energy Surge{desc}Increases the cost of a random enemy card by 1 every 3 seconds.		Vague d'énergie{desc}Augmente le coût en énergie d'une carte ennemie aléatoire de 1 toutes les 3 secondes.	Energieinflation{desc}Erhöht die Kosten einer zufälligen gegnerischen Karte alle 3 Sekunden um 1.	Ola de Energía{desc}Aumenta en 1 el coste de una carta enemiga al azar cada 3 segundos.	Onda de Energia{desc}Aumenta o custo de uma carta inimiga aleatória em 1 a cada 3 segundos.	高耗能{desc}每 3 秒，使任意敌方卡牌的消耗增加 1 点。	エネルギーサージ{desc}ランダムな敵のカード1枚のコストを3秒ごとに1増やす。	Неудержимая энергия{desc}Увеличивает стоимость случайной карты врага на 1 каждые 3 секунды.
ability_Electric Overload	Overload{desc}Sets a random enemy's card to Exhaust.		Surcharge{desc}Ajoute le statut Élimination à une carte ennemie aléatoire.	Überladung{desc}Fügt einer zufälligen gegnerischen Karte Erschöpfen hinzu.	Saturación{desc}Provoca Consumir a una carta enemiga al azar.	Sobrecarga{desc}Coloca uma carta de um inimigo aleatório em Exaustão.	过载{desc}将任意敌人的卡牌设为耗尽。	オーバーロード{desc}ランダムな敵1体のカードを消耗状態にする。	Перегрузка{desc}Устанавливает статус 'Сгорание' случайной вражеской карте.
ability_Artificial Armor	Artificial Armor{desc}Each round the Guardian’s Armor increases by 1 until it reaches a maximum of 1.5 times its initial armor stat		Armure artificielle{desc}À chaque round, le gardien augmente son armure de 1 jusqu'à ce qu'elle atteigne 150 % de sa valeur initiale.	Künstliche Rüstung{desc}Jede Runde erhöht sich die Wächterrüstung um 1, bis ein Maximum in Höhe des 1,5-Fachen des ursprünglichen Rüstungswerts erreicht ist.	Armadura Artificial{desc}Cada ronda, la Armadura de Guardian aumenta 1 punto hasta un máximo del 150 % de su valor inicial.	Armadura Artificial{desc}A cada rodada, a Armadura de Guardian aumenta em 1 até atingir um máximo de 1,5 vezes seu atributo de Armadura inicial.	人工防御{desc}每一回合，守护者的防御提升 1 点，上限为其初始防御属性的 1.5 倍。	人工よろい{desc}毎ラウンド、ガーディアンのアーマーが1増える（最大値：ガーディアンの初期アーマーの1.5倍）。	Искусственная броня{desc}Каждый раунд броня Стража увеличивается на 1, пока не достигнет 150% от начального значения.
ability_Potent Poison	Potent Poison{desc}Apply 1 Poison to a random enemy Spirit when at full health.		Toxine{desc}Applique 1 effet Poison à un ennemi aléatoire lorsque les PV de cet esprit sont au maximum.	Starkes Gift{desc}Bewirke 1 Gift bei einem zufälligen Gegner, wenn er bei voller Gesundheit ist.	Veneno Potente{desc}Si tienes todos los PS, provoca 1 acumulación de Veneno a un espíritu enemigo al azar.	Veneno Potente{desc}Aplica 1 de Veneno a um Espírito inimigo aleatório quando estiver com a vida cheia.	强效毒{desc}生命值满点的时候，对任意一个敌方精灵施加 1 点中毒。	猛毒{desc}体力が満タンのとき、敵の精霊1体にランダムで猛毒を1付与する。	Сильнодействующий яд{desc}При полном здоровье, добавляет +1 Яд случайному вражескому Духу.
									
ability_Barrier	Dark Ward{desc}Applies 1 Barrier to itself at the start of its first turn.		Égide des ténèbres{desc}S'applique 1 effet Barrière au début de son premier tour.	Dunkler Schutz{desc}Bewirkt zu Beginn seines ersten Zugs 1 Barriere bei sich selbst.	Protección Oscura{desc}Al inicio de su primer turno, se provoca 1 acumulación de Barrera.	Proteção Sombria{desc}Aplica 1 de Barreira a si no início do primeiro turno dele.	暗黑魔杖{desc}在其首回合开始时，对自己施加 1 点障碍。	ダークウォード{desc}最初のターン開始時、自身にバリアを1付与する。	Тёмный Щит{desc}Добавляет себе +1 Барьер в начале первого хода.
ability_Dark Ritual	Dark Ritual{desc}◱◲◰ ◲◰◲◰◲ ◰◱◱◲◰ ◲◰◲◰ ◲◰◱ ◱◲◰◲◰ ◲◰ ◲◰◱◱◲ ◰◲◰◲◰ ◲◰◱.		Sombre rituel{desc}◱◲◰ ◲◰◲◰◲ ◰◱◱◲◰ ◲◰◲◰ ◲◰◱ ◱◲◰◲◰ ◲◰ ◲◰◱◱◲ ◰◲◰◲◰ ◲◰◱.	Dunkles Ritual{desc}◱◲◰ ◲◰◲◰◲ ◰◱◱◲◰ ◲◰◲◰ ◲◰◱ ◱◲◰◲◰ ◲◰ ◲◰◱◱◲ ◰◲◰◲◰ ◲◰◱.	Ritual Siniestro{desc}◱◲◰ ◲◰◲◰◲ ◰◱◱◲◰ ◲◰◲◰ ◲◰◱ ◱◲◰◲◰ ◲◰ ◲◰◱◱◲ ◰◲◰◲◰ ◲◰◱.	Ritual Macabro{desc}◱◲◰ ◲◰◲◰◲ ◰◱◱◲◰ ◲◰◲◰ ◲◰◱ ◱◲◰◲◰ ◲◰ ◲◰◱◱◲ ◰◲◰◲◰ ◲◰◱.	暗黑仪式{desc}◱◲◰ ◲◰◲◰◲ ◰◱◱◲◰ ◲◰◲◰ ◲◰◱ ◱◲◰◲◰ ◲◰ ◲◰◱◱◲ ◰◲◰◲◰ ◲◰◱.	闇の儀式{desc}◱◲◰ ◲◰◲◰◲ ◰◱◱◲◰ ◲◰◲◰ ◲◰◱ ◱◲◰◲◰ ◲◰ ◲◰◱◱◲ ◰◲◰◲◰ ◲◰◱.	Тёмный Ритуал{desc}◱◲◰ ◲◰◲◰◲ ◰◱◱◲◰ ◲◰◲◰ ◲◰◱ ◱◲◰◲◰ ◲◰ ◲◰◱◱◲ ◰◲◰◲◰ ◲◰◱.
ability_Dark Ritual1	Dark Ritual Stage 1		Sombre rituel - 1re phase	Dunkles Ritual Phase 1	Ritual Siniestro: fase 1	Ritual Macabro Estágio 1	暗黑仪式第一阶段	闇の儀式・第1段階	Тёмный Ритуал Фаза 1
ability_Dark Ritual2	Dark Ritual Stage 2		Sombre rituel - 2e phase	Dunkles Ritual Phase 2	Ritual Siniestro: fase 2	Ritual Macabro Estágio 2	暗黑仪式第二阶段	闇の儀式・第2段階	Тёмный Ритуал Фаза 2
ability_Dark Ritual3	Dark Ritual Stage 3		Sombre rituel - 3e phase	Dunkles Ritual Phase 3	Ritual Siniestro: fase 3	Ritual Macabro Estágio 3	暗黑仪式第三阶段	闇の儀式・第3段階	Тёмный Ритуал Фаза 3
									
ability_InfinidungeonAbility1	◱◲◰{desc}◱◲◰ ◲◰◲◰◲ ◰◱◱◲◰ ◲◰◲◰ ◲◰◱.								
ability_InfinidungeonAbility2	◰◲◰◲ ◱◲◰{desc}◱◲◰ ◲◰◲◰◲◰◲ ◰◲ ◰◱◱◲◰ ◲◰◲◰ ◲◰◱.								
									
ability_Dig Dog	Dig Dog{desc}While following you, this spirit allows an additional mine to be found on each island.		Trou trou{desc}Lorsque cet esprit te suit, tu as des chances de trouver une deuxième mine sur chaque île.	Dig-Dog{desc}Wenn dir dieser Geist folgt, besteht die Chance, auf jeder Insel eine zweite Mine zu finden.	Can Cavador{desc}Si este espíritu te sigue, existe la posibilidad de que encuentre una segunda mina en cada isla.	Dig Dog{desc}Enquanto este Espírito te segue, há uma chance de encontrar uma segunda mina em cada ilha.	挖掘犬{desc}这个精灵跟随你时，每座岛屿都有几率增加一个可被发现的矿洞。	ディグドッグ{desc}この精霊が後ろについてきていると、各島で2つ目の鉱山が見つかる。	Копчий песик{desc}Если следует за вами, этот Дух может найти дополнительную шахту на каждом острове.
ability_Frizzy Friend	Frizzy Friend{desc}Creates a Charge card every round and adds it to your hand, unless your hand is full.		Les doigts dans la prise{desc}Crée une carte Charge à chaque round et l'ajoute à ta main, sauf si ta main est pleine.	Wuschelfreund{desc}Erschafft jede Runde eine Ladungskarte und fügt sie deiner Hand hinzu. Außer, deine Hand ist bereits voll.	Amigo Encrespado{desc}Crea una carta de Asalto cada ronda y la añade a tu mano, a menos que ya tengas la mano llena.	Amigo Emplumado{desc}Cria uma carta de Carga em cada rodada e o adiciona à sua mão — a não ser que sua mão já esteja cheia.	卷毛伙伴{desc}每回合新增一张充能卡牌到你的手牌，前提是你的手牌数量未达上限。	チリチリの友{desc}毎ラウンド「チャージ」カードが生成され、手札に加わる（手札がいっぱいの場合は除く）。	Лохматый приятель{desc}Создаёт карту Заряд каждый раунд и добавляет её в вашу руку, если только рука не полна.
ability_Burnt Toast	Burnt Toast{desc}At the start of its third turn this spirit gains Charge equal to the number of Charge cards that have been Exhausted.		Pain grillé{desc}Au début de son troisième tour, cet esprit gagne un nombre d'effets Charge égal au nombre de cartes Charge éliminées.	Verbrannter Toast{desc}Zu Beginn des dritten Zugs erhält dieser Geist Ladung in Höher der Ladungskarten, die erschöpft wurden.	Tostada Quemada{desc}Al inicio de su tercer turno, este espíritu obtiene tantas acumulaciones de Asalto como cartas de Asalto se hayan consumido.	Pão Queimado{desc}No início do terceiro turno, este Espírito recebe uma quantidade de Carga igual ao número de cartas de Carga que sofreram Exaustão.	焦吐司{desc}这个精灵将在第三回合开始时，获得与已耗尽的充能卡牌等量的充能。	焦げたトースト{desc}3ターン目の開始時、消耗状態の「チャージ」カードの枚数と同量のチャージをこの精霊が得る。	Подгоревший тост{desc}В начале своего третьего хода этот дух получает Заряд, равный количеству карт Заряда, которые были сожжены.
ability_Take Thisss	Take Thisss{desc}Applies 1 Charge to itself at the beginning of each round.		Autoproduction{desc}S'applique 1 effet Charge au début de chaque round.	Nimm dasss{desc}Bewirkt zu Beginn jeder Runde 1 Ladung bei sich selbst.	Ssssupera Esssto{desc}Se provoca 1 acumulación de Asalto a sí mismo al inicio de cada ronda.	Tome Isssso{desc}Aplica uma Carga a si mesmo no início de cada rodada.	嘶嘶绝招{desc}每回合开始时，自身获得 1 点充能。	テイクディシュー{desc}各ラウンド開始時、自身にチャージを1付与する。	Зззарядисссь{desc}Добавляет себе +1 Заряд в начале каждого раунда.
ability_Sock Song	Sock Song{desc}While following you, this spirit allows the warp whistle to be used a second time per day.		Chaussette chanteuse{desc}Lorsque cet esprit te suit, il te permet d'utiliser la flûte de distorsion une deuxième fois chaque jour.	Strumpflied{desc}Wenn dir dieser Geist folgt, kann die Warppfeife jeden Tag ein zweites Mal genutzt werden.	Calcetín Cantarín{desc}Si este espíritu te sigue, puedes usar la flauta mágica dos veces al día.	Meia Música {desc} Enquanto este Espírito te segue, a flauta mágica pode ser usada duas vezes por dia.	袜子安可曲{desc}这个精灵跟随你时，每天增加一次可用的跃迁哨次数。	ソックスの歌{desc}この精霊が後ろについてきていると、ワープホイッスルが1日に2回使える。	Серенада носка{desc}Если следует за вами, этот дух позволяет использовать свисток перемещения второй раз в день.
ability_Slay With Fire	Slay With Fire{desc}When this spirit makes another spirit Dizzy, it applies 1 Rage to itself and Burn equal to its Power stat to the dizzy Spirit.		Retour de flamme{desc}lorsque cet esprit en étourdit un autre, il s'applique 1 effet Rage et applique à la cible un nombre d'effets Brûlure égal à sa puissance.	Mit Feuer töten{desc} Wenn dieser Geist einen anderen Geist betäubt, bewirkt er 1 Zorn bei sich selbst und Verbrennen in Höhe seiner Kraft beim betäubten Geist.	Aguja de Fuego{desc}Si este espíritu provoca Mareo a otro espíritu, también se provoca 1 acumulación de Furia a sí mismo. Además, provoca tantas acumulaciones de Quemadura como indique su atributo de Vigor al espíritu mareado.	Vigor de Brasas:{desc}Quando este Espírito deixa outro Espírito tonto, ele aplica 1 de Fúria a si mesmo e Queimadura igual ao seu atributo de Poder ao Espírito tonto.	火焰斩杀{desc}当这个精灵使另一个精灵进入眩晕状态时，会给其自身施加 1 点愤怒，并且根据自己的能量属性对处于眩晕状态的精灵造成等量的灼烧伤害。	スレイ・ウィズ・ファイ{desc}この精霊が別の精霊を気絶させると、自身に激怒を1、気絶している精霊にやけどをパワーと等しい値ぶん、それぞれ付与する。	Огненный шквал{desc}Когда этот дух оглушает другого духа, он добавляет ему Ожог, равный своей силе, и +1 Ярости себе.
									
ability_Exploding Puppies	Exploding Puppies{desc}If your hand isn’t full, add one Explode+ card to your hand at the beginning of each round. 		Chiots explosifs{desc}Si ta main n'est pas pleine, ajoute une carte Explosion+ à ta main au début de chaque round.	Explodierende Welpen{desc}Wenn deine Hand nicht voll ist, füge ihr zu Beginn jeder Runde 1 "Explosion+"-Karte hinzu.	Perritos Explosivos{desc}Si tienes espacio, añades una carta de Explosión+ a tu mano al inicio de cada ronda.	Filhotes Explosivos{desc}Se sua mão não estiver cheia, adiciona uma carta Explosão+ a ela no início de cada rodada.	爆炸狗狗{desc}若你的手牌未满，则在每回合开始时抽取一张爆炸+卡牌。	爆発的なワンちゃん{desc}手札に空きがある場合、各ラウンドの開始時に「ばくはつ+」カードが手札に1枚追加される。	Взрывающиеся щенята{desc}Если ваша рука не полна, добавляет в вашу руку карту Взрыв+ в начале каждого раунда.
ability_Get Rocked	Get Rocked{desc}30% chance to break rocks in one hit.		Brise-roche{desc}30 % de chances de détruire les rochers du premier coup.	Knallhart{desc}30% Chance, Felsen beim ersten Treffer zu zerstören.	Romperrocas{desc}30 % de probabilidad de romper una roca al primer golpe.	Empedrado{desc}30% de chance de quebrar rochas com seu primeiro golpe.	碎岩{desc}有30%的几率在第一次击打时击碎岩石。	ロックだぜ{desc}30%の確率で、一撃で岩をこわす。	Тяжелый молот{desc}30% шанс разрушить камень с одного удара.
UNUSED_ability_Loot Legs	Loot Legs{desc}Increases chances of finding Moonstones as loot after battles.								Ноги загребущие{desc}Увеличивает шансы найти Лунный Камень в награде после битв.
ability_Time Heals All	Time Heals All{desc}Heals back to full health every 5 rounds of battle.		Temps mort{desc}Tous les 5 rounds, cet esprit récupère tous ses PV.	Zeit heilt alle Wunden{desc}Heilt alle 5 Runden im Kampf auf volle Gesundheit.	Tiempo al Tiempo{desc}Recuperas todos los PS cada 5 rondas de combate.	O Tempo Cura Tudo{desc}Cura-se totalmente a cada 5 rodadas de uma batalha.	时间疗愈{desc}战斗中每5回合回满血量。	タイム・ヒールズ・オール{desc}5ラウンドごとに全快する。	Время лечит{desc}Восстанавливается до полного здоровья каждые 5 раундов битвы.
ability_Demon Dice	Demon Dice{desc}At the start of your turn, gain between -2 and +3 Energy.		Dé-moniaque{desc}Au début de ton tour, tu gagnes ou perds de l'énergie (entre -2 et +3 points).	Dämonischer Würfel{desc}Erhalte zu Beginn deines Zugs zwischen -2 und +3 Energie.	Dado Demoníaco{desc}Al inicio de tu turno, ganas 2 o +3 puntos de energía.	 	恶魔骰子{desc}你的回合开始时，可获得-2到+3点能源。	悪魔のサイコロ{desc}プレイヤーのターン開始時、エネルギーを-2～+3得る。	Дьявольские кости{desc}В начале вашего хода получаете от -2 до +3 Энергии.
ability_Topiary Target	Topiary Target{desc}Enemy spirits are more likely to target this Spirit.		Cible facile{desc}Les esprits ennemis ont plus de chances de cibler cet esprit.	Topiariziel{desc}Gegnerische Geister greifen eher diesen Geist an.	Diana Decorativa{desc}Es más probable que los espíritus enemigos ataquen a este espíritu.	Alvo Topiário{desc}Espíritos Inimigos têm mais chance de mirar neste Espírito.	绿雕靶标{desc}使敌方精灵更易以该精灵作为目标。	トピアリーターゲット{desc}敵の精霊がさらにこの精霊を狙うようになる。	Дерзкая прическа{desc}Вражеские духи с большей вероятностью будут атаковать этого Духа.
ability_Mighty Moustache	Mighty Moustache{desc}Nullifies the first negative condition applied to it each round.		Moustache magique{desc}Annule le premier effet négatif reçu par cet esprit lors de chaque round.	Mächtiger Schnurrbart{desc}Hebt in jeder Runde den ersten negativen Zustand auf.	Mostacho Majestuoso{desc}Anula el primer estado negativo que se le aplique en cada ronda.	Bigode Poderoso{desc}Anula o primeiro efeito negativo aplicado a ele a cada rodada.	威猛胡须{desc}抵消每回合首次施加的负面状态。	偉大なる口ひげ{desc}各ラウンドで最初に付与されたマイナス効果を無効にする。	Могучие усы{desc}Обнуляет первый отрицательный эффект, полученный в каждом раунде.
ability_Shrub Spout	Shrub Spout{desc}While following you, grass grows behind you.		Pachydherbe{desc}Lorsque cet esprit te suit, de l'herbe pousse derrière toi.	Gestrüppsprayer{desc}Während er dir folgt, wächst Gras hinter dir.	Crecepasto{desc}Mientras te sigue, la hierba crece por donde pisas.	Germinação de Arbusto{desc}A grama cresce pelo seu caminho percorrido.	灌木浇灌{desc}跟随你时，你的身后会长出小草。	あふれる低木{desc}後ろについてきている間、背後で草が育つ。	Хобот садовника{desc}Слончик высаживает траву, когда следует за вами.
ability_Sea Sight	Sea Sight{desc}Increases chances of finding Holographic Spirits.		Porte-bonheur{desc}Augmente les chances de voir apparaître des esprits holographiques.	Meeressicht{desc}Erhöht die Chance, holografische Geister zu finden.	Ojo Oceánico{desc}Aumenta la probabilidad de encontrar espíritus holográficos.	Visão Marítima{desc}Aumenta a chance de encontrar Espíritos Holográficos.	深海视野{desc}提高发现全息精灵的几率。	シーサイト{desc}ホログラフィックな精霊と出会う確率が上がる。	Морское зрение{desc}Когда следует за вами, увеличивает вероятность найти голографических духов.
ability_Ancient Aura	Ancient Aura{desc}While following you, only Psychic Spirits appear during Psychic storms.		Aura ancestrale{desc}Lorsque cet esprit te suit, seuls des esprits psychiques apparaissent pendant les tempêtes psychiques.	Alte Aura{desc}Während er dir folgt, erscheinen nur Psychogeister während Psychostürmen.	Aura Antigua{desc}Si este espíritu te sigue, durante las tormentas psíquicas solo aparecerán espíritus psíquicos.	Aura Antiga{desc}Enquanto seguem você, somente Espíritos Paranormais aparecem durante Tempestades Paranormais.	远古光环{desc}跟随你时，在超自然风暴期间只会出现通灵精灵。	いにしえのオーラ{desc}後ろについてきている間、サイキックストーム中に現れる精霊がエスパータイプのみになる。	Аура Древних{desc}Когда следует за вами, только Магические Духи появляются во время Магических Штормов.
ability_Bungovision	Bungovision{desc}While following you, Psychic storms appear on your minimap.		Bungovision{desc}Lorsque cet esprit te suit, les tempêtes psychiques sont visibles sur ta mini-carte.	Bungovision{desc}Während er dir folgt, erscheinen Psychostürme auf deiner Minikarte.	Bungovisión{desc}Mientras te sigue, podrás ver las tormentas psíquicas en el minimapa.	Bungovisão{desc}Enquanto seguem você, Tempestades Paranormais aparecem no minimapa.	邦戈之视{desc}跟随你时，超自然风暴会出现在小地图上。	ブンゴビジョン{desc}後ろについてきている間、サイキックストームがミニマップに表示される。	Банго-зрение{desc}Когда следует за вами, Магические Шторма видны на мини-карте.
ability_Energy Efficient	Energy Efficient{desc}Reduces cost of Charge cards to 0 for one turn when 3 or more are in your hand.		Économie d'énergie{desc}Annule le coût des cartes Charge pendant un tour, à condition que tu en aies au moins 3 en main.	Energieeffizient{desc}Senkt für einen Zug die Kosten von Ladungskarten auf 0, wenn du mindestens 3 in deiner Hand hast.	Eficiencia Energética{desc}Si tienes un mínimo de 3 cartas de Asalto en la mano, reduce su coste a 0 durante un turno.	Eficiência Energética{desc}Reduz o custo de cartas de Carga a 0 por um turno quando você tiver 3 ou mais cartas na mão.	高效节能{desc}手牌大于等于 3 张时，在一回合内，充能卡牌的消耗降低为 0。	省エネ{desc}手札に3枚以上あると、1ターンの間「チャージ」カードのコストがかからない。	Энергосбережение{desc}Когда у вас в руке 3 или более карты Заряд, их стоимость снижается до 0 до конца хода.
ability_Chill Vibes	Chill Vibes{desc}While following you, Ice spirits have a chance to spawn during any season.		Vague de froid{desc}Lorsque cet esprit te suit, des esprits de glace ont une chance d'apparaître quelle que soit la saison.	Kühle Atmosphäre{desc}Während er dir folgt, besteht eine Chance, dass Eisgeister während jeder Jahreszeit erscheinen.	Escalofrío{desc}Mientras te sigue, los espíritus de hielo podrían aparecer en cualquier estación.	Friagem{desc}Enquanto seguem você, Espíritos do Gelo podem aparecer em qualquer estação.	寒意共鸣{desc}跟随你时，冰冻精灵在任何季节都有生成的可能。	ヒンヤリバイブス{desc}後ろについてきている間、すべての季節で、こおりの精霊の出現率が上がる。	Морозная прохлада{desc}Когда следует за вами, Ледяные духи могут появляться во время любого сезона.
ability_First Sip	First Sip{desc}This Spirit’s first attack has a 50% chance of being a critical hit.		Première gorgée{desc}La première attaque de cet esprit a 50 % de chances d'être un coup critique.	Erster Schluck{desc}Der erste Angriff des Geists hat eine Chance von 50%, ein kritischer Treffer zu sein.	Primer impacto{desc}El primer ataque de este espíritu tiene un 50 % de probabilidad de provocar un impacto crítico.	Primeira Porção{desc}O primeiro ataque deste Espírito tem 50% de chance de causar Dano Crítico.	先嘬一口{desc}此精灵的第一次攻击有 50% 的几率造成暴击。	最初のひと口{desc}この精霊の最初の攻撃が、50%の確率でクリティカルヒットになる。	Первый глоток{desc}Первая атака этого духа имеет 50% шанс нанести критический удар.
									
									
									
									
									
									
									
									
									
									
									
									
									
									
									
									
									
									
									
									
									
									
									
									
									
									
									
									
									
									
									
									
									
									
									
									
									
									
									
									
									
									
									
									
									
									
									
									
									
									
									
									
									
									
									
									
									
									
									
									
									
									
									
									
									
									
									
									
									
									
									
									
									
									
									
									
									
									
									
									
									
									
									
									
									
									
									
									
									
									
									
									
									
									
									
									
									
									
									
									
									
									
									
									
									
									
									
									
									
									
									
									
									
									
									
									
									
									
									
									
									
									
									
									
									
									
									
									
									
									
									
									
									
									
									
									
									
									
									
									
									
									
									
									
									
									
									
									
									
									
									
									
									
									
									
									
									
									
									
									
									
									
									
									
									
									
									
									
									
									
									
									
									
									
									
									
									
									
									
									
									
									
									
									
									
									
									
									

	BATTLE MESSAGES	COMMENTS	FR	DE	ES	BR	CN	JP	RU
									
battle_damage_blocked	BLOCKED!		PARADE !	GEBLOCKT!	¡BLOQUEO!	BLOQUEADO!	遭到拦截！	ブロック！	БЛОКИРОВАНО!
battle_damage_immune	IMMUNE		IMMUNITÉ	IMMUN	INMUNE	IMUNE	免疫	無効	ИММУНИТЕT
battle_damage_critical	CRITICAL		COUP CRITIQUE	KRITISCH	CRÍTICO	CRÍTICO	暴击	クリティカル	КРИТИЧЕСКИЙ УДАР
battle_damage_cancelled	CLOSE CALL		DÉROBADE	HAARSCHARF	MILAGRO	POR UM TRIZ	侥幸逃脱	危機一髪	БЛИЗКОЕ ПОПАДАНИЕ
									
									
									
									
battle_turn_player	Your turn		Ton tour	Dein Zug	Tu turno	Seu turno	轮到你了	あなたのターン	Ваш ход
battle_turn_enemy	Enemy turn		Tour de l'ennemi	Gegnerischer Zug	Turno del rival	Turno do inimigo	轮到敌方	敵のターン	Ход противника
battle_applying_conditions	Applying conditions		Application des effets	Zustände werden angewendet	Provocando estados	Ativando efeitos	施加状态	付与されている効果	Добавление эффектов
battle_next_attack	NEXT ATTACK		PROCHAINE ATTAQUE	NÄCHSTER ANGRIFF	PRÓXIMO ATAQUE	PRÓXIMO ATAQUE	下一次攻击	次の攻撃	СЛЕДУЮЩАЯ АТАКА
									
battle_flee_failed	I couldn’t get away!		Je n'ai pas réussi à m'enfuir !	Ich konnte nicht weg!	¡No he podido escapar!	Não consegui fugir!	我无法逃脱！	逃げられなかった！	Не удалось убежать!
battle_no_stamina	I'm out of Stamina!		Mon endurance est épuisée !	Ich habe keine Ausdauer mehr!	¡No me queda resistencia!	Estou sem Resistência!	我没耐力了！	スタミナが切れた！	Моя выносливость на исходе!
battle_tame_joined	{name} ^has joined the party!		{name} ^a rejoint le groupe !	{name} ^ist der Gruppe beigetreten.	¡{name} ^se ha unido al grupo!	{name} ^se juntou ao grupo!	{name} ^已加入！	{name} ^がパーティーに加わりました！	{name}^Дух присоединился к команде!
battle_tame_sent_to_barn	{name} ^has been sent to the Spirit Barn		{name} ^a été envoyé dans l'abri à esprits.	{name} ^wurde in die Geisterscheune geschickt.	He enviado a {name} ^al establo para espíritus.	Enviou {name} ^para a Morada dos Espíritos	{name} ^已被送至精灵棚	{name} ^が精霊の小屋へ送られました	{name}^Дух отправлен в Амбар.
battle_flee_not_allowed	I can’t flee from this battle!		Je ne peux pas fuir ce combat !	Ich kann nicht aus diesem Kampf fliehen!	¡No puedo huir de este combate!	Não posso fugir dessa batalha!	我无法逃脱战场战斗！	このバトルは逃げられない！	Я не могу убежать из этого боя!
									
									
battle_speech_tangle_applied	Can’t play Skill cards while Tangle is applied		Impossible de jouer des cartes Compétence quand un effet Enchevêtrement est appliqué.	Kann keine Fähigkeitskarten spielen, wenn Fessel in Kraft ist.	No puedes jugar cartas de habilidad mientras Atadura esté activo.	Não consigo usar cartas de habilidade enquanto Emaranhado estiver ativo	处于纠缠状态时无法使用技能牌	混乱中はスキルカードは使えない	Нельзя использовать карты Навыков, когда наложены Путы.
battle_speech_calm_applied	Can’t play Attack cards while Calm is applied		Impossible de jouer des cartes Attaque quand un effet Calme est appliqué.	Kann keine Angriffskarten spielen, wenn Ruhe in Kraft ist.	No puedes jugar cartas de ataque mientras Calma esté activo.	Não consigo usar cartas de ataque enquanto Calmaria estiver ativo	处于镇静状态时无法使用攻击牌	平静の間はアタックカードは使えない	Нельзя использовать карты Атаки, когда наложен Покой.
battle_speech_no_energy	I don't have enough Energy...		Je n'ai pas assez d'énergie...	Ich habe nicht genug Energie ...	No tengo suficiente energía...	Não tenho Energia suficiente...	我的能源不足……	エネルギーが足りない…	У меня недостаточно Энергии...
battle_speech_dizzy	This Spirit is Dizzy and can't play cards!		Cet esprit est étourdi et ne peut pas jouer de cartes.	Dieser Geist ist betäubt und kann keine Karten spielen!	¡Este espíritu sufre Mareo y no puede jugar ninguna carta!	Esse Espírito está Tonto e não consegue usar cartas!	这个精灵处于晕眩状态，无法出牌！	この精霊は気絶しているからカードが使えない！	Этот Дух оглушен и не может использовать карты!
battle_speech_feed	Who should I feed {item} to?		À qui vais-je donner ceci : {item} ?	Wem soll ich {item} zu fressen geben?	¿A quién debería darle {item} de comer?	Para quem devo dar {item}?	我应该将{item}喂给谁？	どのコに{item}をやろうかな？	Кому я должен дать этот предмет: {item}?
battle_speech_nocards_draw	I don't have any cards in my draw pile		Je n'ai plus de cartes dans ma pioche.	Ich habe keine Karten mehr in meinem Nachziehstapel.	No tengo cartas en el mazo.	Não tenho cartas na minha pilha de compras	我的抽牌堆中没有卡牌	山札にカードがない	У меня нет карт в колоде для розыгрыша
battle_speech_nocards_discard	I don't have any cards in my discard pile		Je n'ai plus de cartes dans ma défausse.	Ich habe keine Karten mehr in meinem Ablagestapel.	No tengo cartas en la pila de descartes.	Não tenho cartas na minha pilha de descarte	我的弃牌堆中没有卡牌	捨て札にカードがない	У меня нет карт в стопке сброса
battle_speech_card_discard	Choose 1 card to discard		Choisis 1 carte à placer dans la défausse.	Wähle 1 Karte zum Abwerfen	Escoge 1 carta y descártala.	Escolha 1 carta para descartar	选择 1 张卡牌弃掉	カードを1枚えらんで捨てよう	Выберите 1 карту для сброса
battle_speech_card_exhaust	Choose 1 card to exhaust		Choisis 1 carte à éliminer.	Wähle 1 Karte zum Erschöpfen	Escoge 1 carta y consúmela.	Escolha 1 carta para colocar em Exaustão	选择 1 张卡牌耗尽	カードを1枚えらんで消耗にしよう	Выберите 1 карту для сжигания
battle_speech_2cards_discard	Choose 2 cards to discard		Choisis 2 cartes à placer dans la défausse.	Wähle 2 Karten zum Abwerfen	Escoge 2 cartas y descártalas.	Escolha 2 carta para descartar	选择 2 张卡牌弃掉	カードを2枚えらんで捨てよう	Выберите 2 карты для сброса
battle_speech_2cards_exhaust	Choose 2 cards to exhaust		Choisis 2 cartes à éliminer.	Wähle 2 Karten zum Erschöpfen	Escoge 2 cartas y consúmelas.	Escolha 2 carta para colocar em Exaustão	选择 2 张卡牌耗尽	カードを2枚えらんで消耗にしよう	Выберите 2 карты для сжигания
battle_speech_card_added	{card} added to my deck		Carte « {card} » ajoutée au deck.	{card} meinem Deck hinzugefügt	Se ha añadido {card} al mazo.	Adicionei {card} ao meu baralho	{card}已添加至我的卡组	{card} をデッキに追加した	Карта добавлена в мою колоду: {card}
battle_speech_cards_added	{quantity} cards added to my deck	For other languages let's use this format -  Cards added to my deck: {quantity}	{quantity} cartes ajoutées au deck.	{quantity} Karten meinem Deck hinzugefügt	Se han añadido {quantity} cartas al mazo.	{quantity} cartas adicionadas ao meu baralho	{quantity} 张卡牌已添加至我的卡组	{quantity} 枚のカードをデッキに追加した	{quantity} карт(ы) добавлено в мою колоду
battle_speech_bloodrites_added	Blood Rites added to my deck		Carte « Rites sanguinaires » ajoutée au deck.	Blutrituale meinem Deck hinzugefügt	Se ha añadido Ritos Sangrientos al mazo.	Ritual Sangrento adicionada ao meu baralho	血祭已添加至我的卡组	血の儀式をデッキに追加した	Карта Кровавый Обряд добавлена в мою колоду
battle_speech_cosmichorror_added	Cosmic Horror added to my deck		Carte « Horreur cosmique » ajoutée au deck.	Kosmischer Schrecken meinem Deck hinzugefügt	Se ha añadido Terror Cósmico al mazo.	Horror Cósmico adicionada ao meu baralho	宇宙恐怖已添加至我的卡组	コズミックホラーをデッキに追加した	Карта Вселенский Ужас добавлена в мою колоду
// UNUSED battle_speech_card_duplicate	Choose which card to duplicate		Choisis une carte à dupliquer.	Wähle, welche Karte verdoppelt werden soll.	¿Qué carta quieres duplicar?	Escolha qual carta duplicar	选择要复制的卡牌	コピーするカードをえらんでください	Выберите, какую карту дублировать
// UNUSED battle_speech_card_triplicate	Choose which card to triplicate		Choisis une carte à reproduire en trois exemplaires.	Wähle, welche Karte verdreifacht werden soll.	¿Qué carta quieres triplicar?	Escolha qual carta triplicar	选择要复制 3 张的卡牌	コピーを2枚作るカードをえらんでください	Выберите, какую карту утроить
battle_speech_put_on_top	Choose a card to put on top of your draw pile		Choisis une carte à placer sur le dessus de ta pioche.	Wähle eine Karte, die du auf deinen Nachziehstapel legst.	¿Qué carta quieres mover a la parte superior del mazo?	Escolha uma carta para colocar no topo da sua pilha de compras	选择 1 张牌放在抽牌堆顶	山札の一番上に置くカードをえらんでください	Укажите карту, которую нужно положить на верх колоды для розыгрыша
UNUSED_battle_tame_failed	I can't tame this Spirit at my current level!		Mon niveau actuel ne me permet pas d'apprivoiser cet esprit.	Ich kann diesen Geist auf meiner aktuellen Stufe nicht zähmen.	¡No puedo domar a este espíritu con mi nivel actual!	Não consigo domar esse Espírito no meu nível atual!	以我现在的等级，还无法驯服这个精灵！	今のレベルだと、この精霊は手なづけられない！	Я не могу приручить этого Духа на моём текущем уровне!
battle_tame_failed_boss	I can't tame a boss!		Je ne peux pas apprivoiser un boss.	Ich kann keinen Boss zähmen!	¡No puedo domar a un jefe!	Não consigo domar um chefe!	我驯服不了首领！	ボスは手なづけられない！	Я не могу приручить босса!
battle_tame_failed_minion	I can't tame a boss minion!		Je ne peux pas apprivoiser un sbire de boss.	Ich kann keinen Gehilfen zähmen!	¡No puedo domar al esbirro de un jefe!	Não consigo domar o lacaio de um chefe!	我驯服不了首领仆从！	ボスの子分は手なづけられない！	Я не могу приручить миньона!
battle_cant_feed_dizzy	I can’t feed a Spirit while it's Dizzy!		Je ne peux pas nourrir un esprit tant qu'il est étourdi.	Ich kann keinen Geist füttern, solange er betäubt ist.	¡No puedo darle de comer a un espíritu mientras sufra Mareo!	Não posso alimentar um Espírito enquanto ele está Tonto!	当精灵处于晕眩状态时，我无法给它喂食！	気絶中は精霊にアイテムをやれない！	Я не могу кормить Духа, когда он оглушен!
battle_too_many_cards	I can’t hold more than 10 cards!		Je ne peux pas avoir plus de 10 cartes en main.	Ich kann nicht mehr als 10 Karten haben!	¡No puedo tener más de 10 cartas!	Não consigo segurar mais de 10 cartas!	我的手牌不能超过 10 张！	カードは10枚より多く持てない！	Я не могу держать более 10 карт!
battle_tame_unsuccessful	The Spirit wiggled out of my grasp! Maybe I should try again...		Cet esprit ne s'est pas laissé apprivoiser ! Je ferais peut-être mieux de réessayer...	Der Geist ist mir entkommen! Ich sollte es noch einmal versuchen ...	¡Se me ha escapado el espíritu! Quizá debería intentarlo otra vez...	O Espírito saiu do meu alcance! Talvez eu deva tentar novamente...	精灵从我的掌控中挣脱！可能要再试一次……	精霊が逃げちゃった！ もう1回挑戦してみようか…	Дух вырвался! Может, стоит попробовать ещё раз...
									
battle_card_retain	Retain.		Conservation	Behalten.	Conservar.	Retenção.	始终保留。	保持。	Удерживается
battle_card_exhaust	Exhaust.		Élimination	Erschöpfen.	Consumir.	Exaustão.	耗尽。	消耗。	Сжигается
battle_draw	Draw		Pioche	Ziehen	Robar	Comprar	抽牌	引く	Взять
battle_discard	Discard		Défausse	Abwerfen	Descartar	Descartar	弃牌	捨てる	Сбросить
									
battle_condition_wears_off	wears off!		: dissipation !	klingt ab!	desaparece.	acabou!	消退！	効果が切れた！	заканчиваются!
battle_conditions_wear_off	wear off!		: dissipation !	klingen ab!	desaparecen.	acabou!	消退！	効果が切れた！	заканчивается!
									
battle_intent_multiple_targets	{number} targets		{number} cibles	{number} Ziele	Objetivos: {number}	{number} alvos	{number} 个目标	{number} ターゲット	{number} цели
									
									
	BATTLE VICTORY		VICTOIRE	SIEG	HAS GANADO EL COMBATE	VITÓRIA	战斗胜利	勝利	ПОБЕДА!
victory_upgrade_loot	Loot found!^{name}		Butin trouvé !^{name}	Beute gefunden!^{name}	¡Botín encontrado!^{name}	Saque encontrado!^{name}	发现战利品！^{name}	戦利品発見！^{name}	Награда^{name}
									
victory_bonus_untouched	Untouched		Indemne	Unberührt	Indemne	Intocado	毫发无伤	無傷	Невредимый
victory_bonus_bashem	Bash 'Em		Armure détruite	Bäm!	Aniquilación	Golpeie!	痛击	アーマーゼロ	Бронебой
victory_bonus	Bonus		Bonus	Bonus	Bonificación	Bônus	奖励	ボーナス	Бонус
									
victoryLeveledUp	{name} grew to level {level}!		{name} est passé au niveau {level} !	{name} ist jetzt Stufe {level}!	¡{name} ha subido al nivel {level}!	{name} subiu para o nível {level}!	{name}已成长到 {level}！	{name} がレベル{level}に上がった！	Дух {name} достиг уровня {level}!
victoryGainedXP	{name} gained {points} experience points!		{name} a gagné {points} points d'expérience !	{name} hat {points} Erfahrungspunkte erhalten!	¡{name} ha ganado {points} puntos de experiencia!	{name} recebeu {points} pontos de experiência!	{name}获得 {points} 点经验！	{name} が経験値を {points} 獲得した！	Дух {name} получил {points} очков опыта!
									
									
									
									
									
									
									
									
									
									
									
									
									
									
									
									
									
									
									
									
									
									
									
									
									
									
									
									
									
									
									
									
									
									
									
									
									
									
									
									
									
									
									
									
									
									
									
									
									
									
									
									
									
									
									
									
									
									
									
									
									
									
									
									
									
									
									
									
									
									
									
									
									
									
									
									
									
									
									
									
									
									
									
									
									
									
									
									
									
									
									
									
									
									
									
									
									
									
									
									
									
									
									
									
									
									
									
									
									
									
									
									
									
									
									
									
									
									
									
									
									
									
									
									
									
									
									
									
									
									
									
									
									
									
									
									
									
									
									
									
									
									
									
									
									
									
									
									
									
									
									
									
									
									
									
									
									
									
									
									
									
									
									
									
									
									
									
									
									
									
									
									
									
									
									
									
									
									
									
									
									
									
									
									
									
									
									
									
									
									
									
									
									
									
									
									
									
									
									
									
									
									
									
									
									
									
									
									
									
									
									
									
									
									
									
									
									
									
									
									
									
									
									
									
									
									
									
									
									
									
									
									
									
									
									
									
									
									
									
									
									
									
									
									
									
									
									
									
									
									
									
									

		COMMENTS	FR	DE	ES	BR	CN	JP	RU
									
	// SETTINGS MENU								
settings_tab_game	Game		Jeu	Spiel	Juego	Jogo	游戏	ゲーム	Игра
settings_tab_display	Display		Affichage	Anzeige	Interfaz	Vídeo	显示	ディスプレイ	Экран
settings_tab_audio	Audio		Son	Audio	Sonido	Áudio	音频	オーディオ	Аудио
settings_tab_keyboard	Keyboard		Clavier	Tastatur	Teclado	Teclado	键盘	キーボード	Клавиатура
settings_tab_gamepad	Gamepad		Manette	Gamepad	Mando	Controle	游戏控制器	ゲームパッド	Контроллер
settings_tab_controls	Controls		Commandes	Steuerung	Controles	Controles	操作键位	コントロール	Управление
settings_tab_gameplay	Gameplay		Gameplay	Gameplay	Jugabilidad	Jogabilidade	游戏玩法	ゲームプレイ	Опции игры
settings_tab_credits	Credits		Crédits	Mitwirkende	Créditos	Créditos	制作人员	クレジット	Создатели
									
settings_menu_return	Continue		Continuer	Fortfahren	Continuar	Continuar	继续	コンティニュー	Продолжить
settings_menu_save	Save		Sauvegarder	Speichern	Guardar	Salvar	保存	セーブ	Сохранить игру
settings_menu_exit	Exit to menu		Retour au menu	Zurück zum Menü	Ir al menú	Sair para o menu	退出到菜单	終了してメニューへ	Выход в меню
settings_menu_quit_game	Exit to desktop		Retour au bureau	Zum Desktop zurückkehren	Salir al escritorio	Sair para a área de trabalho	退出到桌面	終了してデスクトップへ	Выход на рабочий стол
									
setting_display_fullscreen	Fullscreen		Plein écran	Vollbild	Pantalla completa	Tela cheia	全屏	フルスクリーン	Полноэкранный режим
setting_display_minimap	Show minimap		Afficher la mini-carte	Minikarte anzeigen	Mostrar minimapa	Mostrar minimapa	显示小地图	ミニマップ表示	Показывать миникарту
setting_display_icons	Show minimap icons		Afficher les icônes sur la mini-carte	Minikartensymbole anzeigen	Mostrar iconos del minimapa	Mostrar ícones do minimapa	显示小地图图标	ミニマップアイコン表示	Отображать иконки на мини-карте
setting_display_clock	Show clock		Afficher l'heure	Uhr anzeigen	Mostrar reloj	Mostrar relógio	显示时钟	時計表示	Показывать часы
setting_display_spirit_levels	Show Spirit levels in overworld		Afficher le niveau des esprits	Geisterstufen in Welt anzeigen	Mostrar el nivel de los espíritus	Mostrar nível dos Espíritos em jogo	显示主世界的精灵等级	フィールドで精霊のレベル表示	Показывать уровень диких Духов
setting_display_control_hints	Show control hints		Afficher les conseils	Steuerungstipps anzeigen	Mostrar ayuda de controles	Mostrar dicas de controles	显示控制提示	操作ヒント表示	Показывать подсказки по управлению
setting_display_flashing	Flashing objects		Objets clignotants	Flackernde Objekte	Objetos centelleantes	Objetos piscando	闪烁物体	光る物体	Мерцание объектов
									
setting_audio_master	Master Volume		Volume principal	Hauptlautstärke	Volumen general	Volume Principal	主音量	音量（マスター）	Громкость общая
setting_audio_music	Music Volume		Volume de la musique	Musiklautstärke	Volumen de la música	Volume da Música	音乐音量	音量（音楽）	Громкость музыки
setting_audio_fx	Sound Effect Volume		Volume des effets sonores	Soundeffektlautstärke	Volumen de los efectos especiales	Volume dos Efeitos Sonoros	音效音量	音量（効果音）	Громкость эффектов
setting_audio_ambient	Ambient Sound Volume		Volume des sons d'ambiance sonore	Umgebungslautstärke	Volumen del sonido ambiental	Volume do Som Ambiente	环境音量	音量（環境音）	Громкость фоновых звуков
									
setting_gameplay_sprint	Always sprint		Toujours courir	Immer sprinten	Desplazarse siempre corriendo	Sempre correr	始终冲刺	常にダッシュ	Всегда бежать
setting_gameplay_shake	Screen shake		Vibration de l'écran	Bildschirmwackeln	Temblor de pantalla	Tremor da tela	屏幕抖动	画面の揺れ	Тряска экрана
setting_gameplay_spawn	Spirit spawn rate		Fréquence d'apparition des esprits	Geisterrate	Tasa de aparición de espíritus	Frequência de geração de Espíritos	精灵生成速率	精霊の出現率	Частота появления духов
setting_gameplay_battle_difficulty	Battle difficulty		Difficulté des combats	Kampfschwierigkeit	Dificultad del combate	Dificuldade das batalhas	战斗难度	バトルの難易度	Сложность боя
setting_gameplay_rumble	Controller rumble		Vibration de la manette	Controller-Vibration	Vibración del mando	Vibração do controle	控制器震动	コントローラーの振動	Вибрация контроллера
setting_gameplay_fishing_difficulty	Fishing minigame difficulty		Difficulté du mini-jeu de pêche	Schwierigkeit: Angeln-Minispiel	Dificultad del minijuego de pesca	Dificuldade do minijogo de pesca	钓鱼小游戏难度	釣りミニゲームの難易度	Сложность рыбалки
setting_gameplay_day_length	Day length		Durée d'une journée	Tageslänge	Duración del día	Duração do Dia	昼长	日の長さ	Продолжительность дня
setting_gameplay_day_length_1	Default		Par défaut	Standard	Predeterminada	Padrão	默认	普通	По умолчанию
setting_gameplay_day_length_2	Longer		Plus longue	Länger	Larga	Longo	较长	長め	Дольше
setting_gameplay_day_length_3	Longest		Maximale	Am längsten	Interminable	Mais longo	最长	最長	Еще дольше
									
UNUSEDsetting_gameplay_infinite_time	Stop clock at midnight		Arrêter l'horloge à minuit	Uhr um Mitternacht anhalten	Parar el reloj a medianoche	Parar o relógio à meia-noite	午夜停止时钟	深夜に時計停止	Остановить часы в полночь
UNUSEDsetting_gameplay_infinite_stamina	Infinite Stamina		Endurance illimitée	Unendliche Ausdauer	Resistencia infinita	Resistência infinita	无限耐力	無限スタミナ	Бесконечная выносливость
									
settings_on	On		Oui	Ein	Sí	Ativado	开启	オン	Вкл
settings_off	Off		Non	Aus	No	Desativado	关闭	オフ	Выкл
settings_easy	Easy		Facile	Leicht	Fácil	Fácil	简单	イージー	Легкая
settings_medium	Recommended		Intermédiaire	Empfohlen	Recomendada	Recomendado	推荐	推奨	Рекомендуемая
settings_hard	Hard		Difficile	Schwer	Difícil	Difícil	困难	ハード	Сложная
settings_low	Low		Faible	Niedrig	Baja	Baixo	低	低	Низкая
settings_high	High		Élevé	Hoch	Alta	Alto	高	高	Высокая
									
	// CAPTIONS FOR GAMEPAD IMAGE								
setting_caption_leftstick	Player move		Déplacement du personnage	Spielerbewegung	Mover personaje	Movimentação de jogador	玩家移动	プレイヤーの移動	Управление персонажем
setting_caption_rightstick	Adjust item position^Move camera		Ajuster la position des objets^Déplacer la caméra	Gegenstandsposition anpassen^Kamera bewegen	Ajustar la posición del objeto^Mover cámara	Ajustar a posição do item^Mover a câmera	调整物品位置^移动视角	アイテムの位置調整^カメラ移動	Подвинуть предмет^Переместить камеру
setting_caption_a	Interact, collect, place		Interagir, récupérer, placer	Interagieren / Aufsammeln / Platzieren	Interactuar, recoger, colocar	Interagir, coletar, colocar	互动、收取、放置	アクション、収集、設置	Взаимодействовать, поднять предмет, разместить
setting_caption_x	Use tool, rotate object		Utiliser un outil, faire pivoter un objet	Werkzeug benutzen / Objekt drehen	Usar herramienta, rotar objeto	Usar ferramenta, girar objeto	使用工具、旋转对象	道具の使用、オブジェクトの回転	Использовать инструмент, повернуть объект
setting_caption_b	Cancel, Exit^Remove object		Annuler, quitter^Supprimer un objet	Abbrechen / Verlassen^Objekt entfernen	Cancelar, Salir^Eliminar objeto	Cancelar, Sair^Remover objeto	取消、退出^移除对象	キャンセル、終了^オブジェクトの片付け	Отмена, Выход^Поднять объект
setting_caption_y	Inventory		Inventaire	Inventar	Inventario	Inventário	随身物品栏	所持品	Инвентарь
setting_caption_leftshoulder	Toolbar left		Barre d'outils (gauche)	Werkzeugleiste links	Barra de herramientas izq.	Barra de ferramentas à esquerda	左侧工具栏	ツールバー（左）	Навигация по меню
setting_caption_rightshoulder	Toolbar right		Barre d'outils (droite)	Werkzeugleiste rechts	Barra de herramientas dcha.	Barra de ferramentas à direita	右侧工具栏	ツールバー（右）	Навигация по меню
setting_caption_lefttrigger	Tool slot (press)^Tool wheel (hold)		Emplacement d'outil (appuyer)^Roue des outils (maintenir)	Werkzeugplatz (drücken)^Werkzeugrad (halten)	Ranura de herramientas (pulsar)^Rueda de herramientas (mantener)	Espaço de ferramenta (pressionar)^Roda de ferramentas (segurar)	工具栏位（按一下）^工具轮盘（长按）	ツールスロット（押下）^ツールホイール（長押し）	Слот для инструмента (нажать)^Меню инструментов (удерж.)
setting_caption_righttrigger	Sprint		Courir	Sprinten	Correr	Correr	冲刺	ダッシュ	Бежать
setting_caption_menu	Settings		Paramètres	Einstellungen	Ajustes	Configurações	设置	設定	Главное меню
setting_caption_back	Map		Carte	Karte	Mapa	Mapa	地图	マップ	Карта
									
									
									
	// KEY REMAPPING SCREEN		// KEY REMAPPING SCREEN	// KEY REMAPPING SCREEN	// KEY REMAPPING SCREEN	// KEY REMAPPING SCREEN	// 按键重新映射界面		
settings_caption_playercontrols	Player controls		Commandes du personnage	Spielersteuerung	Controles del juego	Controles de jogador	玩家控制	プレイヤー操作	Управление персонажем
settings_caption_menucontrols	Menu and UI controls		Commande du menu et de l'interface	Menüsteuerung und Spielanzeigen	Controles del menú y la interfaz	Controles de menu e interface	菜单和用户界面控制	メニューとUI操作	Меню и интерфейс
settings_button_reset_keys	Reset		Réinitialiser	Zurücksetzen	Restablecer	Reiniciar	重置	リセット	Сбросить
									
settings_remap_left	Move Left		Se déplacer vers la gauche	Nach links	Moverse a la izquierda	Mover para a esquerda	左移	移動（左）	Двигаться влево
settings_remap_right	Move Right		Se déplacer vers la droite	Nach rechts	Moverse a la derecha	Mover para a direita	右移	移動（右）	Двигаться вправо
settings_remap_up	Move Up		Se déplacer vers le haut	Nach oben	Moverse hacia arriba	Mover para cima	上移	移動（上）	Двигаться вверх
settings_remap_down	Move Down		Se déplacer vers le bas	Nach unten	Moverse hacia abajo	Mover para baixo	下移	移動（下）	Двигаться вниз
settings_remap_menuleft	Previous menu / inventory slot		Menu/emplacement précédent	Letztes Menü / Inventarplatz	Menú anterior/ranura de inventario	Menu anterior/espaço de inventário	上一个菜单 / 随身物品栏位	メニュー / 所持品スロット 前	Предыдущее меню / слот инвентаря
settings_remap_menuright	Next menu / inventory slot		Menu/emplacement suivant	Nächstes Menü / Inventarplatz	Menú siguiente/ranura de inventario	Próximo menu/espaço de inventário	下一个菜单 / 随身物品栏位	メニュー / 所持品スロット 次	Следующее меню / слот инвентаря
settings_remap_confirm	Confirm / activate object		Confirmer / Activer un objet	Bestätigen / Objekt aktivieren	Confirmar/activar objeto	Confirmar/ativar objeto	确认 / 激活对象	OK / オブジェクト起動	Подтвердить действие / активировать объект
settings_remap_specialaction	Rotate / pick up object / sort inventory		Faire pivoter un objet / Ramasser un objet / Trier l'inventaire	Drehen / Objekt aufnehmen / Inventar sortieren	Rotar/recoger objeto/ordenar inventario	Girar/pegar objeto/organizar inventário	旋转 / 拾取对象 / 对随身物品栏排序	回転 / オブジェクト拾得 / 所持品ソート	Повернуть / поднять предмет / сортировать инвентарь
settings_remap_inventoryquickstack	Chest quick stack		Accumulation rapide	Schnellstapeln	Amontonar	Empilhamento rápido	快速叠加	クイック在庫移動	Пополнить сундук
settings_remap_quickwheel	Tool wheel		Roue des outils	Werkzeugrad	Menú rápido	Roda de ferramentas	工具轮盘	ツールホイール	Меню инструментов
settings_remap_shift	Sprint / Move item in inventory		Courir / Placer un objet dans l'inventaire	Sprinten / Gegenstand in Inventar bewegen	Correr/Mover objeto en el inventario	Correr/Mover item no inventário	跑 / 移动随身物品栏中的物品	走る / 所持品内のアイテム移動	Бежать / Переместить предмет в инвентаре
settings_remap_hideui	Show/Hide the UI		Afficher/masquer l'interface	Spielanzeige ein-/ausblenden	Mostrar/Ocultar la interfaz	Mostrar/Ocultar a interface	显示 / 隐藏用户界面	UI表示/非表示	Показать / скрыть интерфейс
settings_remap_menuinventory	Inventory screen		Inventaire	Inventar	Inventario	Tela de inventário	随身物品栏界面	所持品画面	Инвентарь
settings_remap_menucrafting	Crafting		Fabrication	Herstellen	Fabricación	Criação	制作	クラフト	Крафт
settings_remap_menumap	Map		Carte	Karte	Mapa	Mapa	地图	マップ	Карта
settings_remap_menuquests	Journal		Journal	Tagebuch	Diario	Diário	笔记本	日記	Журнал
settings_remap_menurelationships	Relationship screen		Relations	Beziehungen	Relaciones	Tela de relacionamentos	关系界面	人間関係画面	Отношения
settings_remap_menuresearch	Spirit research screen		Données sur les esprits	Geisterforschung	Informes de espíritus	Tela de Pesquisa sobre Espíritos	精灵研究界面	精霊調査画面	Исследования Духов
settings_remap_use	Use tool / consume item / activate item		Utiliser un outil / Consommer un objet / Activer un objet	Werkzeug benutzen / Gegenstand verbrauchen / Gegenstand aktivieren	Usar herramienta/consumir objeto/activar objeto	Usar ferramenta/consumir item/ativar item	使用工具 / 消耗物品 / 激活物品	道具の使用 / アイテム使用 / アイテム起動	Использовать / употребить / активировать предмет
									
menu_settings_reset_to_defaults	Reset settings on this page to defaults?		Restaurer les valeurs par défaut sur cette page ?	Einstellungen auf dieser Seite auf Standard zurücksetzen?	¿Restablecer los ajustes de esta página?	Redefinir as configurações desta página para o padrão?	确认要将这个页面上的设置重置为默认吗？	このページの設定を初期設定に戻しますか？	Сбросить настройки на этой странице до значений по умолчанию?
									
									
	// COOKING								
	// Fake items								
item_anyEgg	Any Spirit Egg		N'importe quel œuf d'esprit	Beliebiges Geisterei	Un espirihuevo	Qualquer Ovo de Espírito	任意精灵蛋	いずれかの精霊のタマゴ	Любое яйцо духа
item_unknownIngredient	Unknown ingredient		Ingrédient inconnu	Unbekannte Zutat	Ingrediente desconocido	Ingrediente desconhecido	未知食材	未知の材料	Неизвестный продукт
item_unknownCrop	Unknown crop		Culture inconnue	Unbekannte Pflanze	Cultivo desconocido	Colheita desconhecida	未知作物	謎の作物	Неизвестное растение
item_unknownFish	Unknown fish		Poisson inconnu	Unbekannter Fisch	Pez desconocido	Peixe desconhecido	未知鱼类	謎のサカナ	Неизвестная рыба
									
									
	// Incomplete recipes - alternative name and description								
mealStonefruitDonuts_incomplete	Rowan's Mystery Donuts{desc}Brown and round.		Donuts mystères de Rowan{desc}Il manque un truc rond et marron.	Rowans Mystery-Donuts{desc}Braun und rund.	Dónuts misteriosos de Rowan{desc}Marrones y redonditos.	Donuts Misteriosos de Rowan{desc}Marrons e redondinhos.	罗文的神秘甜甜圈{desc}棕色的圆面包。	ローワンの謎のドーナツ{desc}茶色くて丸い。	Загадочные пончики Роуэна{desc}Коричневые и круглые.
mealHotPepperPasta_incomplete	Quill's Mystery Pasta{desc}Spicy!!!		Pâtes mystères de Quill{desc}Très relevées !	Quills Mystery-Pasta{desc}Scharf!!!	Pasta misteriosa de Púo{desc}¡Cómo pica!	Macarrão Misterioso de Quill{desc}Picante!!!	奎尔的神秘意大利面{desc}超辣！	クイルの謎のパスタ{desc}辛い！！！	Загадочное спагетти Квилла{desc}Острое!!!
mealSpiritbaneSoup_incomplete	Mystery Soup{desc}Spirit boon.		Soupe mystère{desc}Serait-elle fongique ?	Mystery-Suppe{desc}Geistersegen.	Sopa misteriosa{desc}¿Qué dices de un espíritu acólito?	Sopa Misteriosa{desc}Dádiva dos Espíritos.	神秘的汤{desc}精灵恩赐。	謎のスープ{desc}セイレイの恩恵。	Загадочный суп{desc}Духовное благо.
mealPinwheelCake_incomplete	Cleo's Mystery Cake{desc}Does not spin (anymore).		Gâteau mystère de Cléo{desc}Tourne, tourne, petit moulin.	Cleos Mystery-Kuchen{desc}Dreht sich nicht (mehr).	Tarta misteriosa de Cleo{desc}Está de luto.	Bolo Misterioso de Cléo{desc}Não roda (mais).	克莉奥的神秘蛋糕{desc}不会旋转了（再也不会）。	クレオの謎のケーキ{desc}もう風を受けて回らない。	Загадочный торт Клео{desc}Уже не вращается.
mealZaplantRamen_incomplete	Gaiana's Mystery Ramen{desc}Shockingly good.		Ramens préférés de Gaïana{desc}Une saveur électrisante.	Gaianas Mystery-Ramen{desc}Erschreckend gut.	Ramen misterioso de Gaiana{desc}Toda una descarga de energía.	Ramen Misterioso de Gaiana{desc}Chocante de tão gostoso.	盖娅娜的神秘拉面{desc}出乎意料的好吃。	ガイアナの謎のラーメン{desc}活力にみなぎるほどおいしい。	Загадочная лапша Гайаны{desc}Шокирующе прекрасна.
mealTinyFlowerTart_incomplete	Mystery Tart{desc}Teeny tiny tartlet.		Tarte mystère{desc}Plus c'est petit, plus c'est bon.	Mystery-Torte{desc}Ein klitzekleines Törtchen.	Tartaleta misteriosa{desc}Una minitartaletita.	Tortelete Misteriosa{desc}Uma minitorta bem pequenininha.	神秘馅饼{desc}非常小。	謎のタルト{desc}ミニミニタルト。	Загадочная тарталетка{desc}Крохотная.
mealSquishSoup_incomplete	Ferra's Mystery Soup{desc}Rich, creamy, and... squishy?		Soupe mystère de Ferra{desc}Consistante, crémeuse et... jaune ?	Ferras Mystery-Suppe{desc}Nahrhaft, cremig und ... flüssig.	Sopa misteriosa de Ferra{desc}Sabrosa, cremosa y... ¿un poco chafada?	Sopa Misteriosa de Ferra{desc}Saborosa, cremosa e... moganguenta?	费拉的神秘汤{desc}口感丰富、细腻，还很……嘎吱？	フェラーの謎のスープ{desc}味が濃くてクリーミーで、…ガボッとしてる？	Загадочный суп Ферры{desc}Густой, сливочный и... на вкус как кабачок?
mealFlagFlan_incomplete	Mystery Flan{desc}A decorative dessert.		Flan mystère{desc}Dessert décoratif.	Mystery-Flan{desc}Ein ansprechendes Dessert.	Flan misterioso{desc}Un postre internacional.	Flan Misterioso{desc}Uma sobremesa decorativa.	神秘蛋奶挞{desc}装饰性甜点。	謎のフラン{desc}飾りつきのデザート。	Загадочный пудинг{desc}Очень праздничный десерт.
mealGrumpkinPie_incomplete	Paolo's Mystery Pie{desc}A slightly spooky pastry.		Tarte mystère de Paolo{desc}Un plat qui fait peur.	Paolos Mystery-Pie{desc}Ein leicht unheimliches Gebäck.	Pastel misterioso de Paolo{desc}Un dulce un tanto espeluznante.	Torta Misteriosa de Paolo{desc}Um doce meio assustador.	保罗的神秘馅饼{desc}有点诡异的糕点。	パオロの謎のパイ{desc}ちょっと近寄りがたいペストリー。	Загадочный пирог Паоло{desc}Слегка жутковатая выпечка.
mealSnowmanBread_incomplete	Ofelia's Mystery Bread{desc}The carrot is a nice touch.		Pain mystère d'Ofélia{desc}Une petite touche orangée ?	Ofelias Mystery-Brot{desc}Die Karotte ist eine nette Ergänzung.	Pan misterioso de Ofelia{desc}Con harina espolvoreada que parece nieve.	Pão Misterioso de Ofélia{desc}A cenoura dá um toque especial.	奥菲莉娅的神秘面包{desc}胡萝卜是个不错的选择。	オフェーリアの謎のパン{desc}ニンジンがいい感じ。	Загадочный хлеб Офелии{desc}Морковка - обязательный атрибут.
mealSweaterCookies_incomplete	Mystery Cookies{desc}Cozy confectionery.		Cookies mystères{desc}Ils sont bien au chaud.	Mystery-Cookies{desc}Wohlige Leckereien.	Galletas misteriosas{desc}Confitería a la moda.	Biscoitos Misteriosos{desc}Confeitaria aconchegante.	神秘曲奇{desc}令人感到舒适。	謎のクッキー{desc}包み込むあたたかさのお菓子。	Загадочное печенье{desc}Уютная вкусняшка.
mealIcicleIceCream_incomplete	Waldo's Mystery Meal{desc}Careful! Pointy!		Plat mystère de Waldo{desc}Fais attention, c'est pointu !	Waldos Mystery-Gericht{desc}Vorsicht! Spitz!	Comida misteriosa de Waldo{desc}¡Cuidado, que pincha!	Prato Misterioso de Waldo{desc}Cuidado! Pontudo!	沃尔多的神秘菜肴{desc}小心！扎人！	ウォルドの謎の料理{desc}気をつけて！ 尖ってる！	Загадочное блюдо Валдо{desc}Осторожно! Можно уколоться!
mealSisyphishFriedRice_incomplete	Mystery Fried Rice{desc}The eternal struggle.		Riz frit mystère{desc}Ce n'est pas un mythe.	Mystery-Bratreis{desc}Der ewige Kampf.	Arroz frito misterioso{desc}Otra vez a subir la roca.	Arroz Frito Misterioso{desc}Esforço eterno.	神秘炒饭{desc}应当想象炒饭是快乐的。	謎のチャーハン{desc}永遠の徒労。	Загадочный жареный рис{desc}Вечная борьба.
mealBunnyfishDumplings_incomplete	Mystery Dumplings{desc}Hop along.		Raviolis mystères{desc}Ils vont te faire bondir de joie.	Mystery-Teigtaschen{desc}Hüpf mit!	Dumplings misteriosos{desc}Salta conmigo.	Guiozas Misteriosas{desc}Dê seus pulos.	神秘饺子{desc}跳个不停。	謎のダンプリング{desc}跳び回る。	Загадочные пельмени{desc}С милыми ушками.
mealPizzafishPie_incomplete	Zed's Mystery Pie{desc}Grab a slice.		Tarte mystère de Zed{desc}On s'en paie une tranche.	Zeds Mystery-Pie{desc}Schnapp dir ein Stück.	Pastel misterioso de Zed{desc}Coge una porción.	Torta Misteriosa de Zed{desc}Pegue uma fatia.	泽德的神秘馅饼{desc}随便拿一片。	ゼッドの謎のパイ{desc}一枚どうぞ。	Загадочный пирог Зетта{desc}Не добавляйте ананас!
mealMoonfishTacos_incomplete	Mystery Tacos{desc}Corn-based and crescent-shaped.		Tacos mystères{desc}À base de maïs et en forme de croissant.	Mystery-Tacos{desc}Aus Mais und sichelförmig.	Tacos misteriosos{desc}Medialunas hechas a base de maíz.	Tacos Misteriosos{desc}Feitos com milho e em formato de meia-lua.	神秘塔可饼{desc}玉米做的新月形食物。	謎のタコス{desc}トウモロコシを使った、三日月形のタコス。	Загадочные тако{desc}В форме полумесяца.
// mealLightningEelSushi_incomplete	Mystery Sushi{desc}Tingles on the tongue!		Sushis mystères{desc}Tu vas avoir un coup de foudre pour eux !	Mystery-Sushi{desc}Kitzelt auf der Zunge!	Sushi misterioso{desc}¡Una corriente de cosquillas!	Sushi Misterioso{desc}Faz cócegas na língua!	神秘寿司{desc}舌头麻了！	謎の寿司{desc}舌がビリビリ！	
// mealSweetSourSpinefish_incomplete	Mystery Salad{desc}Watch out for bones.		Salade mystère{desc}Qui s'y frotte s'y pique !	Mystery-Salat{desc}Pass auf Knochen auf!	Ensalada misteriosa{desc}Cuidado con las espinas.	Salada Misteriosa{desc}Cuidado com os espinhos.	神秘沙拉{desc}小心鱼刺。	謎のサラダ{desc}トゲには気をつけて。	
mealTigerfishandChips_incomplete	Tobin's Mystery Meal{desc}Savoury stripes.		Plat mystère de Tobin{desc}Le fauve de la mer.	Tobins Mystery-Gericht{desc}Schmackhafte Streifen.	Comida misteriosa de Tobin{desc}Rayas muy sabrosas.	Prato Misterioso de Tobin{desc}Listras saborosas.	托宾的神秘菜肴{desc}可口的条纹。	トービンの謎の料理{desc}いい香りのするシマ模様。	Загадочное блюдо Тобина{desc}В полосочку.
// mealVoidfishPaella_incomplete	Mystery Paella{desc}Empty... yet filling.		Paella mystère{desc}À la fois vide et copieuse.	Mystery-Paella{desc}Leer ... und macht doch satt.	Paella misteriosa{desc}Pasa por diferentes etapas.	Paella Misteriosa{desc}Vazia... mas enche o estômago.	神秘焗饭{desc}空虚……而且吃不饱。	謎のパエリア{desc}虚無だ… けど満たされる。	
									
meal_effect_walk_speed	Walk speed: {number}%		Vitesse de déplacement : {number} %	Gehtempo: {number}%	Velocidad de desplazamiento: {number} %	Velocidade dos passos: {number}%	行走速度：{number}%	歩く速さ： {number}%	Скорость передвижения: {number}%
meal_effect_fly_speed	Fly speed: {number}%		Vitesse de vol : {number} %	Flugtempo: {number}%	Velocidad de vuelo: {number} %	Velocidade de voo: {number}%	飞行速度：{number}%	飛ぶ速さ： {number}%	Скорость полета: {number}%
									
									
									
									
									
									
									
									
									
									
									
									
									
									
									
									
									
									
									
									
									
									
									
									
									
									
									
									
									
									
									
									
									
									
									
									
									
									
									
									
									
									
									
									
									
									
									
									
									
									
									
									
									
									
									
									
									
									
									
									
									
									
									
									
									
									
									
									
									
									
									
									
									
									
									
									
									
									
									
									
									
									
									
									
									
									
									
									
									
									
									
									
									
									
									
									
									
									
									
									
									
									
									
									
									
									
									
									
									
									
									
									
									
									
									
									
									
									
									
									
									
									
									
									
									
									
									
									
									
									
									
									
									
									
									
									
									
									
									
									
									
									
									
									
									
									
									
									
									
									
									
									
									
									
									
									
									
									
									
									
									
									
									
									
									
									
									
									
									
									
									
									
									
									
									
									
									
									
									
									
									
									
									
									
									
									
									
									
									
									
									

	CREDITS	COMMENTS	FR	DE	ES	BR	CN	JP	
									
intro_credits1	CREATED BY^Sandy Spink								
intro_credits2	PROGRAMMING BY^Stan Merezhko								
									
credits1	[u]CREDITS[/u]								
credits2									
credits3									
credits4	CREATED BY								
credits5	Sandy Spink								
credits6									
credits7									
credits8	PROGRAMMING BY								
credits9	Stan Merezhko								
credits10									
credits11									
credits12	WRITTEN BY								
credits13	Kate Gray								
credits14									
credits15									
credits16	MUSIC COMPOSED AND PERFORMED BY 								
credits17	Omar Saab								
credits18									
credits19									
credits20	SOUND DESIGN								
credits21	Tadej Supukovic (tdspkaudio)								
credits22									
credits23									
credits24	ART								
credits25	cocefi								
credits26									
credits27	Adriel "DeuTilt"								
credits28	Andrew Brandenburg								
credits29	Thomas “T-Free” Froese								
credits30	Thomas "thomaspixelart" Lessa								
credits31	Victor “Tic” Athayde								
credits32	JMW								
credits33	Marcus "Dewdneym" Dewdney								
credits34									
credits35									
credits36	CONCEPT ART								
credits37	cocefi								
credits38	Janice Chu								
credits39	Diego Rago								
credits40									
credits41									
credits42	ADDITIONAL ART								
credits43	Marcel Mosqi, Felipe “DonpoPixels” Lima, Patricia "nekocrocodile" Taveras Feliz, Fabi NAN4 Delgado, Felipe Oliveira da Silva, Antonina Shipulina (additional art, tosha), Svetlana Goncharenko, Blaner								
credits44									
credits45									
credits46	ANIMATION								
credits47	Adriel "DeuTilt", YAA, Azucena "Azuna Pixels" Nuñez Alloza, Brian "Gatekid3" Gatewood, Jindrich "Jin9310" Stejskal, George "TitaniumGrunt7" McCartney, Andrew Channell, Andrew Brandenburg, Michael Wiko “Picxul” Widjaja								
credits48									
credits49									
credits50	FRENCH, SPANISH, GERMAN & BRAZILIAN PORTUGUESE LOCALIZATION								
credits51	BY RIOTLOC								
credits52									
credits53	LOCALIZATION COORDINATION								
credits54	Daria Ostaeva								
credits55									
credits56	FRENCH								
credits57	Ophélie Colin, Stéphane Tranquille								
credits58									
credits59	SPANISH								
credits60	Laia Díez, Laura Feijóo Sánchez, David Montero López								
credits61									
credits62	GERMAN								
credits63	Ulrich Onken, Constanze Vogl								
credits64									
credits65	BRAZILIAN PORTUGUESE								
credits66	Cássia Oliveira, Flávio Bonfiglio, Luke Araujo, Marina Zorzetto, Nathalia Amaya Borges, Wagner Miranda								
credits67									
credits68	CHINESE LOCALIZATION BY ECI								
credits69	Huang Xin, Pu Jing, Li Juncong, Li Zeyuan, Wei Siyi								
credits70									
credits71	Localization project manager:								
credits72	Mads Johannes Nielsen								
credits73	Kasia Kępka								
credits74									
credits75	JAPANESE LOCALIZATION BY KAKEHASHI GAMES								
credits76	Yumi Niitani, Soichiro Arai, Zach Huntley, Hiromi Watanabe, Yoriko Kuwahara, LayerQ, Rasmus Wedin, Mami Kobayashi, Satusho Akiyama, Jun Yamaguchi								
credits77									
credits78	RUSSIAN LOCALIZATION								
credits79	Svetlana Goncharenko, Stan Merezhko								
credits80									
credits81	QUALITY ASSURANCE								
credits82	BY QLOC S.A.								
credits83									
credits84	GENERAL MANAGER								
credits85	Adam Piesiak								
credits86									
credits87	HEADS OF BUSINESS DEVELOPMENT								
credits88	Paweł Ziajka								
credits89	Elena Roor								
credits90									
credits91	BUSINESS DEVELOPMENT MANAGER								
credits92	Adrian Czerwiński								
credits93									
credits94	{break}	needed to break the text into two parts!							
credits95	DIRECTOR OF QUALITY ASSURANCE								
credits96	Sergiusz Ślosarczyk								
credits97									
credits98	LEAD QA PROJECT MANAGERS								
credits99	Paweł Strzelczyk								
credits100	Jakub Dudkowski								
credits101									
credits102	QA PROJECT MANAGER								
credits103	Gabriel Ciesnowski								
credits104									
credits105	QA LAB MANAGERS								
credits106	Piotr Badurek, Emil Lubowicki, Gabriela Malinowska, Tomasz Prusicki								
credits107									
credits108	LEARNING & DEVELOPMENT MANAGER								
credits109	Michał Raczyński								
credits110									
credits111	LEARNING & DEVELOPMENT COORDINATOR								
credits112	Aleksandra Grigorian-Kopka								
credits113									
credits114	LEARNING & DEVELOPMENT SPECIALISTS								
credits115	Łukasz Bieńkowski, Damian Jasiński, Michał Kozakowski								
credits116									
credits117	QA Team Leaders								
credits118	Anna Moroz, Mateusz Kufel, Anna Nowicka, Pamela Zawisko								
credits119									
credits120	QA Testers								
credits121	Alicja Chełminiak, Remigiusz Rutkowski, Grzegorz Zieliński, Jarosław Zniszczyński, Dominik Juchniewicz, Gustaw Klyszcz, Grzegorz Kopka								
credits122									
credits123	QA Operations Manager 								
credits124	Paweł Strzelczyk								
credits125									
credits126	Senior QA Compliance Manager								
credits127	Jacek Fajfer								
credits128									
credits129	QA Compliance Engineers								
credits130	Alicja Chełminiak, Kamila Łopata, Michał Pogorzelec, Natalia Popławska, Oskar Żurawski								
credits131									
credits132	IT DIRECTOR								
credits133	Artur Szczurzyński								
credits134									
credits135	RAW FURY								
credits136	Jónas Antonsson, Gordon Van Dyke, David Martinez, Roland Smedberg, Liam O’Neill, Mia Sun, Kjartan Freyr Jónsson, Naseer Alkhouri, Gerinda Meijerink, Rasmus Liljenberg, Johan Toresson, Solveig Samuelsdottir, Jeanette Bauer, Timothy Busby, Cristian Caileanu, Vladimir Kovač, Tomislav Gojević, Domagoj Šalković, Angelica Norgren, Erika Karlberg, Susie McBeth, Nicole De Bernardi, Dimitrije Đokić, Sven Farszky, Matejka Ivančić, Ivan Krešimir Imbrija, Carly Shields, Juliette Auverny-Bennetot, Íris Stefánsdóttir, Tonči Jukić, Jacob Kroon, Ivan Gradečak, Mai Dinh, Marcus Herbertsson, Paul Wilson, Elisabeth Bergqvist, Borna Cmrečnjak, Izet Seferagić, Scott Roberts, Filip Zachrisson Hansen, Domagoj Alagić, Hanja Grgičević, Matija Mladiček, Aron Thompson, Dino Tarvainen, Gemma Garner, Sarah Gonidec, Linda Johansen, Iris Andresdottir, Ida Czerwonka, Juraj Kraskovic, Dubravko Jurina, Morten Larssen, Jocce Marklund, Grgur Žučko, Liam Sigrell, Alan Kertz, Kristina Petrač, Sara Divjak, Dino Milačić, Deana Banić-Križaj, Valentina Cindrić, Mery Stancu, Pontus Rundqvist, Cecilia Asp, Mariela González, Ana Sundji, Ivica Jezernik, Daniel Stewart, Tina Nilsson, Michele Di Nardo, Matko Pavlić, Fernando Rizo, Alexandre Billaud, Elisabeth Hirata, Mia Došen, Olivia de Flon, Alex Skepp, Danijel Dragičević, Lea Boševski, Ray Willmott, David Pavlić, Ishani Birch, Pontus Johansson, Richie de Wit, Niclas Lagerlöf, Sara Rogers, Karen Hernández Bethencourt, Bradley Elliot, James Barnes, Sander Broos, Simas Budrys, Sadie “Jarvs” Jarvis, Daria Vlasova, Lukasz Dzikowski, Jurica Cvetko, Veronique Rattaire								
credits137									
credits138	SPECIAL THANKS TO								
credits139									
credits140	Betsy & Morris, Carrie "Celestina" S, Paul "2Lost4This", Richard Lems, Michael "xMorgus" Sander, Ossama “Skymen” Jouini, kindeyegames (Dan Shimizu), Kyle Hayward, Rob Russell, Woody Gibson, Aidan Brookson, Lauren Nicholson, Sam Kogen, Matt Taylor, Jessica Taylor, Madison Rallis, Andrew Roberts, Simon Pang, Karsten Loukides, Jacob “chipdip18” Price, Ben Wasser, Wholesome games, Koallary, KM Troedsson, Micki Woods, Solar Phasing (Dark Cave Background 2)								
credits141									
credits142	And to our families								
credits143									
credits144									
									
									
									
									
									
									
									
									
									
									
									
									
									
									
									
									
									
									
									
									
									
									
									
									
									
									
									
									
									
									
									
									
									
									
									
									
									
									
									
									
									
									
									
									
									
									
									
									
									
									
									
									
									
									
									
									
									
									
									
									
									
									
									
									
									
									
									
									
									
									
									
									
									
									
									
									
									
									
									
									
									
									
									
									
									
									
									
									
									
									
									
									
									
									
									
									
									
									
									
									
									
									
									
									
									
									
									
									
									
									
									
									
									
									
									
									
									
									
									
									
									
									
									
									
									
									
									
									
									
									
									
									
									
									
									
									
									
									
									
									
									
									
									
									
									
									
									
									
									
									
									
									
									
									
									
									
									
									
									
									
									
									
									
									
									
									
									
									
									
									

	NEW AND MODIFIED STRINGS	COMMENTS	FR	DE	ES	BR	CN	JP	RU
									
	// TO UPDATE  other languages								
notification_npc_cant_sell_meals	I don’t have any meals to sell.		Je ne peux pas faire ça ici.	Ich kann das hier nicht tun.	Aquí no puedo hacerlo.	Não posso fazer isso aqui.	我没有可以出售的菜肴。	売れる料理を持ってない。	У меня нет никаких блюд для продажи.
									
panel_chest_community	Community chest		Coffre communautaire	Gemeinschaftstruhe	Cofre comunitario	Baú Comunitário	社区捐献箱	コミュニティチェスト	Общий Сундук
notification_community_chest	You can't put items in the Community Chest		Tu ne peux pas mettre d'objets dans le coffre communautaire.	Du kannst keine Gegenstände in die Gemeinschaftstruhe legen.	No puedes meter objetos en el cofre comunitario	Você não pode colocar itens no Baú Comunitário.	你无法将物品放入社区捐献箱	コミュニティチェストは受け取り専用です	Вы не можете класть вещи в Общий сундук.
									
festival_spring_end_message	Tonight's festival helped me connect to the Old Kingdom and the Spirits of this world.^What an amazing discovery!		Le festival de ce soir m'a permis de me rapprocher de l'ancien royaume et des esprits de ce monde. Quelle découverte incroyable !	Das heutige Fest hat mir geholfen, mich mit dem alten Königreich und den Geistern dieser Welt verbunden zu fühlen. Was für eine tolle Entdeckung!	El festival de esta noche me ha ayudado a conectar con el viejo reino y con los espíritus de este mundo. ¡Ha sido todo un descubrimiento!	O festival de hoje fez com que eu me conectasse ao Reino Antigo e aos Espíritos deste mundo. Que descoberta incrível!	今晚的庆典帮助我让旧王国和这个世界的精灵建立了联系。多么惊人的发现啊！	今夜のお祭りのおかげで、いにしえの王国や、この世界の精霊とつながれた。すごい発見だ！	Сегодняшний фестиваль помог мне почувствовать связь с Древним Королевством и Духами этого мира. Какое знаменательное событие!
festival_summer_end_message	What a beautiful night, and what wonderful friends!^I feel so lucky to have witnessed the Spirits in their migration!		Quelle nuit magnifique, en compagnie d'amis merveilleux !^C'était un réel privilège de pouvoir observer ces esprits en pleine migration !	Was für eine wunderschöne Nacht, und was für wunderbare Freunde!^Ich hatte solches Glück, das Weiterziehen der Geister zu erleben!	¡Qué noche tan bonita y qué amigos tan maravillosos!^¡Y, además, he tenido la suerte de ver la migración de los espíritus en persona!	Uma noite linda com amigos incríveis!^Eu tenho tanta sorte de ter presenciado a migração dos Espíritos!	美丽的夜晚，奇妙的朋友！^我见证了精灵们的迁徙，真是太幸运啦！	本当に美しい夜に、ステキな友だち！^精霊の渡りを見ることができて本当に幸運！	Какая прекрасная ночь и какие замечательные друзья! Мне так повезло увидеть мигрирующих Духов на фоне полной Луны!
festival_fall_end_message	I ate so much food at the festival.^What a great time!		J'ai mangé comme un ogre pendant le festival. C'était génial !	Bei dem Fest habe ich so viel gegessen. Das war ein Spaß!	Me he hartado de comer en el festival. ¡Qué bien me lo he pasado!	Comi muito bem no festival. Foi muito divertido!	我在庆典吃到了很多好吃的，真是太美好了！	お祭りで食べ過ぎた。楽しい時間だったな！	Я съел столько всего вкусного на фестивале. Отлично провёл время!
									
festival_summer_hint_keyboard	Click or press {key} when you see a big star with a halo to make a wish!		Clique ou appuie sur {key} pour faire un vœu quand tu vois une grosse étoile entourée d'un halo !	Klicke oder drücke {key}, wenn du einen großen Stern mit Nimbus siehst, um dir was zu wünschen!	Haz clic o pulsa {key} para pedir un deseo cuando veas una estrella grande con halo.	Clique ou pressione {key} ao avistar uma estrela grande com uma auréola para fazer um pedido!	如果看到一颗带着光环的大星星，点击鼠标或按下{key}即可许愿！	まばゆい大きな星を見たら、クリックまたは{key}を押して願い事をしましょう！	Нажми {key} когда видишь БОЛЬШУЮ звезду, чтобы загадать желание!
festival_summer_hint_gamepad	Press 'A' when you see a big star with a halo to make a wish!		Appuie sur A pour faire un vœu quand tu vois une grosse étoile entourée d'un halo !	Drücke "A", wenn du einen großen Stern mit Nimbus siehst, um dir was zu wünschen!	Pulsa la tecla A para pedir un deseo cuando veas una estrella grande con halo.	Pressione "A" ao avistar uma estrela grande com uma auréola para fazer um pedido!	如果看到一颗带着光环的大星星，按下“A”键即可许愿！	まばゆい大きな星を見たら、'A'を押して願い事をしましょう！	Нажми A когда видишь БОЛЬШУЮ звезду, чтобы загадать желание!
festival_summer_hint_touch	Tap when you see a big star with a halo to make a wish!		Touche l'écran pour faire un vœu quand tu vois une grosse étoile entourée d'un halo !	Tippe, wenn du einen großen Stern mit Nimbus siehst, um dir was zu wünschen!	Toca la pantalla para pedir un deseo cuando veas una estrella grande con halo.	Toque ao avistar uma estrela grande com uma auréola para fazer um pedido!	如果看到一颗带着光环的大星星，点击屏幕即可许愿！	まばゆい大きな星を見たら、タップして願い事をしましょう！	Коснись экрана когда видишь БОЛЬШУЮ звезду, чтобы загадать желание!
									
	// Keyboard Space key								
key_space	Space		Espace	Leertaste	Barra espaciadora	Espaço	空格	スペースキー	Пробел
									
	// Stove and Keg items - need new descriptions								
UNUSED_FOR_NOW_keg	Keg{desc}Used to craft beverages.		Tonneau{desc}Sert à préparer des boissons.	Fass{desc}Wird benutzt, um Getränke herzustellen.	Barrica{desc}Se usa para elaborar bebidas.	Chopeira{desc}Use-a para produzir bebidas.	酒桶{desc}用于酿酒。	ケグ{desc}飲み物を作るのに使う。	Бочонок{desc}Используется для приготовления напитков.
									
UNUSED_FOR_NOW_mine_close_err	Collect all your stuff from the mine before closing it.		Récupère toutes tes affaires dans la mine avant de la fermer.	Nimm all deine Sachen aus der Mine mit, bevor du sie schließt.	Recoge todo lo que haya en la mina antes de cerrarla.	Colete todos os seus objetos da mina antes de fechá-la.	在关闭矿洞之前，收好你的所有物品。	閉じる前に、鉱山から物をすべて集めましょう。	Заберите все свои вещи перед закрытием шахты.
									
hint_inventory_recycle	{key=ConfirmUI, mouse=RB} Recycle		{key=ConfirmUI, mouse=RB} Recycler	{key=ConfirmUI, mouse=RB} Recyceln	{key=ConfirmUI, mouse=RB} Reciclar	{key=ConfirmUI, mouse=RB} Reciclar	{key=ConfirmUI, mouse=RB} 回收	{key=ConfirmUI, mouse=RB} リサイクル	{key=ConfirmUI, mouse=RB} Переработать
									
recycling_materials	Recycled into		Matériaux obtenus :	Recycelt zu	Se ha convertido en	Transformado em	回收制作成	リサイクル完了	Переработанные материалы
notification_cant_recycle	I can't recycle this item		Je ne peux pas recycler cet objet.	Diesen Gegenstand kann ich nicht recyceln.	Este objeto no se puede reciclar	Não posso reciclar este item	我无法回收此物品	このアイテムはリサイクルできない	Этот предмет нельзя переработать.
									
hint_inventory_submit_dish	{key=ConfirmUI, mouse=RB} Submit dish		{key=ConfirmUI, mouse=RB} Proposer ce plat	{key=ConfirmUI, mouse=RB} Gericht einreichen	{key=ConfirmUI, mouse=RB} Presentar plato	{key=ConfirmUI, mouse=RB} Inscrever prato	{key=ConfirmUI, mouse=RB}提交菜品	{key=ConfirmUI, mouse=RB}料理を提出する	{key=ConfirmUI, mouse=RB} Предложить блюдо
									
mobile_menu_inv_item_frame	Put into frame		Placer dans le cadre	In den Rahmen legen	Poner en el marco	Colocar no porta-retratos	放入框中	額に入れる	Поместить в рамку
									
UNUSED_FOR_NOW_save_reminder	Reminder: Make sure to create a manual save at least every couple of days, especially before big events! This will reduce the risk of losing progress if anything goes wrong, whether it's a bug or just picking a bad choice on a date!		Petit rappel : n'oublie pas de sauvegarder manuellement de façon régulière, surtout avant les grands événements ! Ça limite les risques de perte de progression en cas d'incident, qu'il s'agisse d'un simple bug ou d'un mauvais choix pendant un rendez-vous...	Zur Erinnerung: Denk daran, wenigstens alle paar Tage manuell zu speichern, vor allem vor großen Ereignissen! Das reduziert das Risiko, dass du deinen Fortschritt verlierst, falls etwas schief läuft – ob es sich um einen Spielfehler oder eine schlechte Entscheidung bei einem Date handelt!	Recordatorio: No olvides crear un archivo de guardado de forma manual al menos cada dos días, ¡sobre todo antes de un gran evento! Así reducirás el riesgo de perder el progreso en caso de que surja cualquier problema, ya sea un fallo o, simplemente, una mala decisión durante una cita.	Lembrete: Faça salvamentos manuais de vez em quando, principalmente antes de grandes eventos! Isso reduz o risco de perder seu progresso caso algo dê errado, seja um erro técnico ou uma escolha ruim num encontro!	友情提示：最好至少每隔几天进行一次手动保存，特别是在开展重大事件之前！经常存档有助于减少因为遇到问题而失去进度的风险！无论是遇到游戏 Bug，还是在约会时出糗，都不用怕啦！	注意：最低でも2日おき、特に大きなイベント前には、手動でセーブを行うようにしてください。バグが発生したりデートで選択をまちがえたり、といった問題が起きた場合に、進捗状況が失われるリスクが減ります！	Напоминание: Обязательно сохраняйте игру вручную как минимум каждые пару дней, особенно перед важными событиями! Это снизит риск потери игрового прогресса, если что-то пойдет не так, будь то баг или просто неправильный выбор на свидании!
									
notification_fall_festival_no_dish	I need to bring a dish that I cooked myself if I want to participate		Je dois apporter un plat que j'ai préparé moi-même si je veux participer.	Um teilzunehmen, muss ich ein Gericht mitbringen, das ich selbst gekocht habe	Si quiero participar, tengo que llevar un plato que haya cocinado	Preciso levar um prato feito por mim pra participar	如果我想参加，就得带上我自己做的菜	参加するなら、自分で作った料理を持ってこないと。	Если я хочу участвовать, мне нужно принести блюдо, которое я сам приготовил.
									
chest_contains_items	(Chest contains items)		(Le coffre contient des objets.)	(Truhe enthält Gegenstände)	(Hay objetos en el cofre)	(O baú contém itens)	（箱子包含物品）	（チェストにアイテムが入っている）	(В сундуке есть вещи)
									
menu_npc_replace_spirit	Give a different spirit		Donner un esprit différent	Einen anderen Geist geben	Entregar otro espíritu	Oferecer um espírito diferente	给予不一样的精灵	別の精霊をあげる	Подарить другого Духа
d_npc_matchmaker_replace_accept_line1	I like this spirit even more! I released the old one into the wild.		Cet esprit me plaît encore plus ! J'ai relâché celui que j'avais dans la nature.	Dieser Geist gefällt mir sogar noch mehr! Den alten habe ich in der Wildnis freigelassen.	¡Este espíritu me gusta aún más! He liberado al que tenía antes.	Eu gosto bem mais deste Espírito! Vou soltar o outro na natureza.	我更喜欢这个精灵！我把之前的那个放生到野外去啦。	こっちの精霊のほうが好き！ 前の精霊は野生に返そう。	Этот Дух нравится мне даже больше! Я отпущу старого на природу.
d_npc_matchmaker_replace_reject_line1	Thanks, but I like my spirit.		Merci, mais l'esprit que j'ai me convient.	Danke, aber mein Geist gefällt mir.	Gracias, pero me gusta mi espíritu.	Valeu, mas gosto do meu Espírito.	谢谢，我喜欢我的精灵。	うれしいけど、今の精霊が気に入ってる。	Спасибо, но мне нравится мой Дух.
									
tbd	Meteor Shower		Pluie de météores	Meteorschauer	Lluvia de estrellas	Chuva de Meteoros	流星雨	流星群	Звездопад
									
setting_music_looping	Loop overworld music		Musique en boucle sur la carte	Musik in Welt wiederholen	Repetir indefinidamente la música al explorar el mundo	Repetir música no mundo exterior	全局循环播放音乐	マップの全体で音楽をループする	Циклическое воспроизведение музыки
									
									
menu_spirit_stats_reset_confirmation	Are you sure you want to reset this Spirit's stats?		Veux-tu vraiment réinitialiser les attributs de cet esprit ?	Willst du die Eigenschaften dieses Geists wirklich zurücksetzen?	¿Seguro que quieres restablecer los atributos de este espíritu?	Tem certeza de que deseja redefinir os atributos deste Espírito?	确定要重置此精灵的属性吗？	本当にこの精霊のステータスをリセットしますか？	Вы уверены, что хотите сбросить аттрибуты этого Духа?
menu_spirit_deck_reset_confirmation	Reset Spirit's deck?^The spirit will receive {points} point(s) to spend on new cards.		Réinitialiser le deck de cet esprit ?^L'esprit recevra {points} point(s) à dépenser dans de nouvelles cartes.	Geisterdeck zurücksetzen?^Der Geist erhält {points} Punkt(e) für neue Karten.	¿Quieres restablecer el mazo del espíritu?^El espíritu recibirá {points} punto(s) para gastar en cartas nuevas.	Redefinir Baralho de Espírito?^O Espírito receberá {points} ponto(s) para serem usados em novas cartas.	是否要重置精灵的卡组？^精灵会得到 {points} 点数，可以用来购买新卡牌。	精霊のデッキをリセットしますか？^この精霊が{points}ポイントを獲得し、新しいカードを追加できます。	Сбросить колоду Духа?^Дух получит {points} очков, которые можно потратить на новые карты.
									
TO_UPDATE_hint_select_skipexit	{key=Esc} Skip and exit		{key=Esc} Passer et fermer	{key=Esc} Überspringen and verlassen	{key=Esc} Omitir y salir	{key=Esc} Pular e sair	{key=Esc} 跳过并退出	{key=Esc} スキップして終了	{key=Esc} Пропустить и выйти
									
UNUSED	Are you sure you want to reset this Spirit's deck?		Veux-tu vraiment réinitialiser le deck de cet esprit ?	Willst du das Deck dieses Geists wirklich zurücksetzen?	¿Seguro que quieres restablecer el mazo de este espíritu?	Tem certeza de que deseja redefinir o Baralho deste Espírito?		本当にこの精霊のデッキをリセットしますか？	
									
									
									
TBD_quick_stack	Quick stack		Accumulation rapide	Schnellstapeln	Amontonar	Empilhamento rápido	快速叠加	クイック在庫移動	Пополнить
									
									
									
									
									
									
									
									
									
									
									
									
									
									
									
									
									
									
									
									
									
									
									
									
									
									
									
	//  MOBILE CHANGES								
hint_inventory_default_touch	{key=none, touch=Drag} Drag item; {id=inv_popup_mobile, touch=Hold} Menu		{key=none, touch=Drag} Déplacer objet; {id=inv_popup_mobile, touch=Hold} Menu	{key=none, touch=Drag} Gegenstand ziehen; {id=inv_popup_mobile, touch=Hold} Menü	{key=none, touch=Drag} Arrastrar objeto; {id=inv_popup_mobile, touch=Hold} Menú	{key=none, touch=Drag} Arrastar item; {id=inv_popup_mobile, touch=Hold} Menu	{key=none, touch=Drag} 拖拽物品；{id=inv_popup_mobile, touch=Hold} 菜单	{key=none, touch=Drag} アイテムをドラッグ; {id=inv_popup_mobile, touch=Hold} メニュー	{key=none, touch=Drag} Перетащить; {id=inv_popup_mobile, touch=Hold} Меню
									
									
mobile_menu_inv_sort	Sort		Trier	Sortieren	Ordenar	Ordenar	排序	ソート	Сортировать
mobile_menu_inv_use	Use / consume		Utiliser/Consommer	Benutzen / verbrauchen	Usar/Consumir	Usar/Consumir	使用/消耗	使用 / 食べる	Использовать / употребить
mobile_menu_inv_split	Split stack		Diviser le tout	Stapel teilen	Dividir montón	Dividir Pilha	拆分	在庫を分割	Разделить стопку
									
hint_placeable_interact_touch	{key=Confirm, touch=Tap} Use; {id=placeable_menu, touch=Hold} Menu		{key=Confirm, touch=Tap} Utiliser; {id=placeable_menu, touch=Hold} Menu	{key=Confirm, touch=Tap} Benutzen; {id=placeable_menu, touch=Hold} Menü	{key=Confirm, touch=Tap} Usar; {id=placeable_menu, touch=Hold} Menú	{key=Confirm, touch=Tap} Usar; {id=placeable_menu, touch=Hold} Menu	{key=Confirm, touch=Tap} 使用，{id=placeable_menu, touch=Hold} 菜单	{key=Confirm, touch=Tap} 使用; {id=placeable_menu, touch=Hold} メニュー	{key=Confirm, touch=Tap} Использовать; {id=placeable_menu, touch=Hold} Меню
hint_placeable_interact_pickup_touch	{key=Confirm, touch=Tap} Use; {id=placeable_menu, touch=Hold} Menu		{key=Confirm, touch=Tap} Utiliser; {id=placeable_menu, touch=Hold} Menu	{key=Confirm, touch=Tap} Benutzen; {id=placeable_menu, touch=Hold} Menü	{key=Confirm, touch=Tap} Usar; {id=placeable_menu, touch=Hold} Menú	{key=Confirm, touch=Tap} Usar; {id=placeable_menu, touch=Hold} Menu	{key=Confirm, touch=Tap} 使用，{id=placeable_menu, touch=Hold} 菜单	{key=Confirm, touch=Tap} 使用; {id=placeable_menu, touch=Hold} メニュー	{key=Confirm, touch=Tap} Использовать; {id=placeable_menu, touch=Hold} Меню
hint_placeable_pickup_touch	{id=placeable_menu, touch=Hold} Menu		{id=placeable_menu, touch=Hold} Menu	{id=placeable_menu, touch=Hold} Menü	{id=placeable_menu, touch=Hold} Menú	{id=placeable_menu, touch=Hold} Menu	{id=placeable_menu, touch=Hold} 菜单	{id=placeable_menu, touch=Hold} メニュー	{id=placeable_menu, touch=Hold} Меню
									
hint_fly_broom_touch	{id=broom_charge, key=Use, touch=Hold} Charge		{id=broom_charge, key=Use, touch=Hold} Charger	{id=broom_charge, key=Use, touch=Hold} Aufladen	{id=broom_charge, key=Use, touch=Hold} Cargar	{id=broom_charge, key=Use, touch=Hold} Carga	{id=broom_charge, key=Use, touch=Hold} 充能	{id=broom_charge, key=Use, touch=Hold} チャージ	{id=broom_charge, key=Use, touch=Hold} Зарядить
									
hint_medallion_touch	{id=medallion_activate, key=Use, touch=Hold} Enter Medallion		{id=medallion_activate, key=Use, touch=Hold} Entrer dans le médaillon	{id=medallion_activate, key=Use, touch=Hold} Medaillon eingeben	{id=medallion_activate, key=Use, touch=Hold} Entrar en el medallón	{id=medallion_activate, key=Use, touch=Hold} Entrar no Medalhão	{id=medallion_activate, key=Use, touch=Hold} 进入徽章	{id=medallion_activate, key=Use, touch=Hold} メダルに入る	{id=medallion_activate, key=Use, touch=Hold} Медальон
hint_alchemists_wand_touch	{key=Use, touch=Hold} Accelerate growth		{key=Use, touch=Hold} Accélérer la croissance	{key=Use, touch=Hold} Wachstum beschleunigen	{key=Use, touch=Hold} Acelerar el crecimiento	{key=Use, touch=Hold} Acelerar Crescimento	{key=Use, touch=Hold} 加速生长	{key=Use, touch=Hold} 成長を加速	{key=Use, touch=Hold} Ускорение роста
									
	// Fishing line cast								
hint_fishing_cast_touch	{key=Use, mouse=LB, touch=Hold} Cast		{key=Use, mouse=LB, touch=Hold} Lancer	{key=Use, mouse=LB, touch=Hold} Auswerfen	{key=Use, mouse=LB, touch=Hold} Lanzar	{key=Use, mouse=LB, touch=Hold} Lançar	{key=Use, mouse=LB, touch=Hold} 施法	{key=Use, mouse=LB, touch=Hold} 投げる	{key=Use, mouse=LB, touch=Hold} Забросить
									
settings_mobile_manage_subscription	Manage subscription		Gérer l'abonnement	Anmeldung verwalten	Administrar suscripción	Configurar Assinatura	管理订阅内容	サブスクリプションの管理	Управление подпиской
settings_mobile_delete_account	Delete account		Supprimer le compte	Konto löschen	Eliminar cuenta	Apagar Conta	删除账户	アカウント削除	Удалить аккаунт
settings_mobile_logout	Logout		Se déconnecter	Abmelden	Finalizar sesión	Sair	注销	ログアウト	Выйти из аккаунта
									
menu_wheel_hint_touch	Press and hold the tool slot to open the tool wheel		Touche longuement l'emplacement de l'outil pour ouvrir la roue des outils	Halten den Werkzeugplatz gedrückt, um das Werkzeugrad zu öffnen.	Mantén pulsado en la ranura de herramientas para abrir la rueda de herramientas.	Aperte e segure o espaço de ferramentas para abrir a roda de ferramentas	长按工具栏位即可打开工具轮盘	ツールホイールを開くには、ツールスロットを長押ししてください	Коснитесь и удерживайте слот для инструментов, чтобы открыть меню инструментов
									
notification_card_select_touch	Tap again to pick this card		Touche à nouveau pour choisir cette carte	Erneut tippen, um diese Karte zu nehmen.	Toca otra vez para coger esta carta.	Toque de novo para pegar esta carta	再次点击即可选择此卡牌	このカードをえらぶには、再度タップしてください	Коснитесь еще раз, чтобы выбрать эту карту
									
notification_mobile_feed_in_battle	Drag the item to the spirit you wish to feed		Fais glisser l'objet sur l'esprit auquel tu veux le donner	Ziehe diesen Gegenstand zu dem Geist, den du füttern möchtest.	Arrastra el objeto hasta el espíritu al que quieras alimentar.	Leve o item para o espírito que deseja alimentar	将物品拖至精灵，即可让其使用此物品	精霊に与えたいアイテムをドラッグしてください	Перетащите предмет на духа, которого хотите накормить
									
loader_press_any_key_mobile	Touch or press any button		Touche l'écran ou appuie sur un bouton	Bildschirm berühren oder beliebige Taste drücken	Toca la pantalla o pulsa cualquier botón	Toque na tela ou aperte qualquer botão	轻触屏幕或按任意键	画面をタッチするか、いずれかのボタンを押してください	Коснитесь или нажмите любую кнопку
									
									
									
									
									
									
									
									
									
									
									
									
									
									
									
									
									
									
									
									
									
									
									
									
									
									
									
									
									
									
									
									
									
									
									
									
									
									
									
									
									
									
									
									
									
									
									
									
									
									
									
									
									
									
									
									
									
									
									
									
									
									
									
									
									
									
									
									
									
									
									
									
									
									
									
									
									
									
									
									
									
									
									
									
									
									
									
									
									
									
									
									
									
									
									
									
									
									
									
									
									
									
									
									
									
									
									
									
									
									
									
									
									
									
									
									
									
									
									
									
									
									
									
									
									
									
									
									
									
									
									
									
									
									
									
									
									
									
									
									
									
									
									
									
									
									
									
									
									
									
									
									
									
									
									
									
									
									
									
									
									
									
									
									
									
									
									
									
									
									
									
									
									
									
									
									
									
									
									
									
									
									
									
									
									
									
									
									
									
									
									
									
									
									
									
									
									
									
									
									
									
									
									

